OrderID,ProductID,UnitPrice,Quantity,Discount,OrderValue,UnitPrice_Standardized,UnitPrice_Normalized,Quantity_Standardized,Quantity_Normalized,OrderValue_Standardized,OrderValue_Normalized,UnitPrice_Winsorized
10248,11,14.0,12.0,0.0,168.0,-0.2663814099446424,0.009284332688588007,-0.44665547216678114,0.02217741935483871,-0.1855070803256213,0.0014966459096132773,14.0
10248,42,9.8,10.0,0.0,98.0,-0.34267619347389977,0.006034816247582206,-0.514343027225188,0.018145161290322582,-0.20878847309598578,0.0008730434472744118,9.8
10248,72,34.8,5.0,0.0,174.0,0.11145942277167982,0.025377176015473887,-0.6835619148712051,0.008064516129032258,-0.18351153237387577,0.001550097549242323,34.8
10249,14,18.6,9.0,0.0,167.4,-0.1828204565554557,0.012843326885880078,-0.5481868047543914,0.016129032258064516,-0.18570663512079585,0.001491300745650373,18.6
10249,51,42.4,40.0,0.0,1696.0,0.24951665011033605,0.03125725338491296,0.5009702986509148,0.07862903225806452,0.32269246471890595,0.015108996801810229,42.4
10250,41,7.7,10.0,0.0,77.0,-0.3808235852385285,0.004410058027079304,-0.514343027225188,0.018145161290322582,-0.21577289092709512,0.0006859627085727522,7.7
10250,51,42.4,35.0,0.15,1261.3999999999999,0.24951665011033605,0.03125725338491296,0.33175141100489763,0.06854838709677419,0.17814827474747166,0.011237316371346357,42.4
10250,65,16.8,15.0,0.15,214.2,-0.21551822092513745,0.011450676982591878,-0.3451241395791709,0.028225806451612902,-0.17014136109718075,0.0019082235347569285,16.8
10251,22,16.8,6.0,0.05,95.76,-0.21551822092513745,0.011450676982591878,-0.6497181373420017,0.010080645161290322,-0.20953347766463742,0.0008530881684795682,16.8
10251,57,15.6,20.0,0.05,296.4,-0.2373167305049253,0.010522243713733075,-0.17590525193315373,0.038306451612903226,-0.14280235415826706,0.0026405109976748533,15.6
10251,65,16.8,20.0,0.0,336.0,-0.21551822092513745,0.011450676982591878,-0.17590525193315373,0.038306451612903226,-0.12963173767674657,0.0029932918192265546,16.8
10252,20,64.8,40.0,0.05,2462.4,0.6564221622663754,0.048588007736943904,0.5009702986509148,0.07862903225806452,0.5775904564218678,0.021936552903760325,64.8
10252,33,2.0,25.0,0.05,47.5,-0.4843665057425206,0.0,-0.006686364287136612,0.04838709677419355,-0.22558433502317726,0.0004231588137299445,2.5
10252,60,27.2,40.0,0.0,1088.0,-0.026597804566976354,0.019497098646034817,0.5009702986509148,0.07862903225806452,0.120476938942026,0.00969256398606694,27.2
10253,31,10.0,20.0,0.0,200.0,-0.33904310854393516,0.006189555125725338,-0.17590525193315373,0.038306451612903226,-0.17486415791631182,0.0017817213209681874,10.0
10253,39,14.4,42.0,0.0,604.8000000000001,-0.2591152400847131,0.009593810444874276,0.5686578537093216,0.08266129032258064,-0.04023118943854699,0.005387925274607799,14.4
10253,49,16.0,40.0,0.0,640.0,-0.23005056064499602,0.010831721470019342,0.5009702986509148,0.07862903225806452,-0.02852397478830659,0.0057015082270982,16.0
10254,24,3.6,15.0,0.15,45.9,-0.45530182630280347,0.0012379110251450678,-0.3451241395791709,0.028225806451612902,-0.22611648114364274,0.000408905043162199,3.6
10254,55,19.2,21.0,0.15,342.71999999999997,-0.17192120176556183,0.013307543520309478,-0.1420614744039503,0.04032258064516129,-0.1273967239707916,0.0030531576556110857,19.2
10254,74,8.0,21.0,0.0,168.0,-0.3753739578435815,0.0046421663442940036,-0.1420614744039503,0.04032258064516129,-0.1855070803256213,0.0014966459096132773,8.0
10255,2,15.2,20.0,0.0,304.0,-0.24458290036485458,0.010212765957446808,-0.17590525193315373,0.038306451612903226,-0.14027466008605605,0.0027082164078716447,15.2
10255,16,13.9,35.0,0.0,486.5,-0.2681979524096247,0.00920696324951644,0.33175141100489763,0.06854838709677419,-0.07957674322046296,0.004334037113255116,13.9
10255,36,15.2,25.0,0.0,380.0,-0.24458290036485458,0.010212765957446808,-0.006686364287136612,0.04838709677419355,-0.11499771936394605,0.003385270509839556,15.2
10255,59,44.0,30.0,0.0,1320.0,0.27858132955005316,0.03249516441005803,0.16253252335888052,0.05846774193548387,0.19763812640951967,0.011759360718390037,44.0
10256,53,26.2,15.0,0.0,393.0,-0.04476322921679954,0.018723404255319147,-0.3451241395791709,0.028225806451612902,-0.11067403213516408,0.003501082395702488,26.2
10256,77,10.4,12.0,0.0,124.80000000000001,-0.3317769386840059,0.006499032882011605,-0.44665547216678114,0.02217741935483871,-0.1998750255781891,0.001111794104284149,10.4
10257,27,35.1,25.0,0.0,877.5,0.11690905016662685,0.025609284332688588,-0.006686364287136612,0.04838709677419355,0.05046646496828714,0.007817302295747923,35.1
10257,39,14.4,6.0,0.0,86.4,-0.2591152400847131,0.009593810444874276,-0.6497181373420017,0.010080645161290322,-0.21264653246936047,0.000769703610658257,14.4
10257,77,10.4,15.0,0.0,156.0,-0.3317769386840059,0.006499032882011605,-0.3451241395791709,0.028225806451612902,-0.18949817622911236,0.0013897426303551863,10.4
10258,2,15.2,50.0,0.2,608.0,-0.24458290036485458,0.010212765957446808,0.839408073942949,0.09879032258064516,-0.03916689719761606,0.005416432815743289,15.2
10258,5,17.0,65.0,0.2,884.0,-0.21188513599517284,0.01160541586073501,1.3470647368810003,0.12903225806451613,0.05262830858267813,0.007875208238679389,17.0
10258,32,25.6,6.0,0.2,122.88000000000002,-0.05566248400669341,0.01825918762088975,-0.6497181373420017,0.010080645161290322,-0.20051360092274764,0.0010946895796028545,25.6
10259,21,8.0,10.0,0.0,80.0,-0.3753739578435815,0.0046421663442940036,-0.514343027225188,0.018145161290322582,-0.21477511695122234,0.000712688528387275,8.0
10259,37,20.8,1.0,0.0,20.8,-0.14285652232584473,0.014545454545454545,-0.8189370249880189,0.0,-0.23446452340844487,0.0001852990173806915,20.8
10260,41,7.7,16.0,0.25,92.4,-0.3808235852385285,0.004410058027079304,-0.31128036204996745,0.03024193548387097,-0.21065098451761494,0.0008231552502873026,7.7
10260,57,15.6,50.0,0.0,780.0,-0.2373167305049253,0.010522243713733075,0.839408073942949,0.09879032258064516,0.018038810752422346,0.006948713151775931,15.6
10260,62,39.4,15.0,0.25,443.25,0.1950203761608665,0.028936170212765955,-0.3451241395791709,0.028225806451612902,-0.09396131803929529,0.003948739877595745,39.4
10260,70,12.0,21.0,0.25,189.0,-0.30271225924428874,0.007736943907156673,-0.1420614744039503,0.04032258064516129,-0.17852266249451196,0.001683726648314937,12.0
10261,21,8.0,20.0,0.0,160.0,-0.3753739578435815,0.0046421663442940036,-0.17590525193315373,0.038306451612903226,-0.18816781092794865,0.00142537705677455,8.0
10261,35,14.4,20.0,0.0,288.0,-0.2591152400847131,0.009593810444874276,-0.17590525193315373,0.038306451612903226,-0.14559612129071078,0.00256567870219419,14.4
10262,5,17.0,12.0,0.2,163.20000000000002,-0.21188513599517284,0.01160541586073501,-0.44665547216678114,0.02217741935483871,-0.1871035186870177,0.001453884597910041,17.0
10262,7,24.0,15.0,0.0,360.0,-0.08472716344641053,0.01702127659574468,-0.3451241395791709,0.028225806451612902,-0.12164954586976447,0.003207098377742737,24.0
10262,56,30.4,2.0,0.0,60.8,0.03153155431245783,0.02197292069632495,-0.7850932474588154,0.0020161290322580645,-0.22116087039680804,0.0005416432815743289,30.4
10263,16,13.9,60.0,0.25,625.5,-0.2681979524096247,0.00920696324951644,1.1778458492349833,0.11895161290322581,-0.03334654900502495,0.005572333431328006,13.9
10263,24,3.6,28.0,0.0,100.8,-0.45530182630280347,0.0012379110251450678,0.09484496830047366,0.05443548387096774,-0.2078572173851712,0.0008979875457679665,3.6
10263,30,20.7,60.0,0.25,931.5,-0.14467306479082706,0.014468085106382977,1.1778458492349833,0.11895161290322581,0.06842639653399687,0.008298367052409333,20.7
10263,74,8.0,36.0,0.25,216.0,-0.3753739578435815,0.0046421663442940036,0.36559518853410106,0.07056451612903226,-0.1695426967116571,0.0019242590266456423,8.0
10264,2,15.2,35.0,0.0,532.0,-0.24458290036485458,0.010212765957446808,0.33175141100489763,0.06854838709677419,-0.06444383791972606,0.004739378713775378,15.2
10264,41,7.7,25.0,0.15,163.625,-0.3808235852385285,0.004410058027079304,-0.006686364287136612,0.04838709677419355,-0.18696216737376908,0.0014576707557170984,7.7
10265,17,31.2,30.0,0.0,936.0,0.04606389403231639,0.022591876208897486,0.16253252335888052,0.05846774193548387,0.06992305749780602,0.008338455782131117,31.2
10265,70,12.0,20.0,0.0,240.0,-0.30271225924428874,0.007736943907156673,-0.17590525193315373,0.038306451612903226,-0.161560504904675,0.002138065585161825,12.0
10266,12,30.4,12.0,0.05,346.55999999999995,0.03153155431245783,0.02197292069632495,-0.44665547216678114,0.02217741935483871,-0.12611957328167447,0.0030873667049736747,30.4
10267,40,14.7,50.0,0.0,735.0,-0.2536656126897662,0.009825918762088975,0.839408073942949,0.09879032258064516,0.0030722011143309007,0.0065478258545580885,14.7
10267,59,44.0,70.0,0.15,2618.0,0.27858132955005316,0.03249516441005803,1.5162836245270175,0.13911290322580644,0.6293416666371351,0.023322732091473574,44.0
10267,76,14.4,15.0,0.15,183.6,-0.2591152400847131,0.009593810444874276,-0.3451241395791709,0.028225806451612902,-0.18031865565108293,0.001635620172648796,14.4
10268,29,99.0,10.0,0.0,990.0,1.2776796852903283,0.07504835589941973,-0.514343027225188,0.018145161290322582,0.08788298906351576,0.008819520538792527,99.0
10268,72,27.8,4.0,0.0,111.2,-0.015698549777082415,0.019961315280464218,-0.7174056924004085,0.006048387096774193,-0.2043982676021456,0.0009906370544583121,27.8
10269,33,2.0,60.0,0.05,114.0,-0.4843665057425206,0.0,1.1778458492349833,0.11895161290322581,-0.20346701189133104,0.0010155811529518669,2.5
10269,72,27.8,20.0,0.05,528.1999999999999,-0.015698549777082415,0.019961315280464218,-0.17590525193315373,0.038306451612903226,-0.06570768495583158,0.0047055260086769825,27.8
10270,36,15.2,30.0,0.0,456.0,-0.24458290036485458,0.010212765957446808,0.16253252335888052,0.05846774193548387,-0.08972077864183606,0.0040623246118074675,15.2
10270,43,36.8,25.0,0.0,919.9999999999999,0.1477902720713262,0.02692456479690522,-0.006686364287136612,0.04838709677419355,0.06460159629315125,0.008195918076453661,36.8
10271,33,2.0,24.0,0.0,48.0,-0.4843665057425206,0.0,-0.040530141816340036,0.046370967741935484,-0.2254180393605318,0.00042761311703236495,2.5
10272,20,64.8,6.0,0.0,388.79999999999995,0.6564221622663754,0.048588007736943904,-0.6497181373420017,0.010080645161290322,-0.11207091570138596,0.003463666247962156,64.8
10272,31,10.0,40.0,0.0,400.0,-0.33904310854393516,0.006189555125725338,0.5009702986509148,0.07862903225806452,-0.10834589285812762,0.0035634426419363747,10.0
10272,72,27.8,24.0,0.0,667.2,-0.015698549777082415,0.019961315280464218,-0.040530141816340036,0.046370967741935484,-0.019477490740393528,0.005943822326749873,27.8
10273,10,24.8,24.0,0.05,565.44,-0.07019482372655197,0.017640232108317215,-0.040530141816340036,0.046370967741935484,-0.05332198400199764,0.00503728251864126,24.8
10273,31,10.0,15.0,0.05,142.5,-0.33904310854393516,0.006189555125725338,-0.3451241395791709,0.028225806451612902,-0.1939881591205398,0.0012694764411898334,10.0
10273,33,2.0,20.0,0.0,40.0,-0.4843665057425206,0.0,-0.17590525193315373,0.038306451612903226,-0.22807876996285917,0.0003563442641936375,2.5
10273,40,14.7,60.0,0.05,837.9,-0.2536656126897662,0.009825918762088975,1.1778458492349833,0.11895161290322581,0.03729584848676666,0.0074645214741962205,14.7
10273,76,14.4,33.0,0.05,451.43999999999994,-0.2591152400847131,0.009593810444874276,0.2640638559464908,0.06451612903225806,-0.09123739508516267,0.004021701365689392,14.4
10274,71,17.2,20.0,0.0,344.0,-0.20825205106520822,0.011760154738878143,-0.17590525193315373,0.038306451612903226,-0.1269710070744192,0.0030645606720652824,17.2
10274,72,27.8,7.0,0.0,194.6,-0.015698549777082415,0.019961315280464218,-0.6158743598127983,0.012096774193548387,-0.1766601510728828,0.0017336148453020463,27.8
10275,24,3.6,12.0,0.05,41.04,-0.45530182630280347,0.0012379110251450678,-0.44665547216678114,0.02217741935483871,-0.22773287498455663,0.000365609215062672,3.6
10275,59,44.0,6.0,0.05,250.79999999999998,0.27858132955005316,0.03249516441005803,-0.6497181373420017,0.010080645161290322,-0.15796851859153305,0.0022342785364941067,44.0
10276,10,24.8,15.0,0.0,372.0,-0.07019482372655197,0.017640232108317215,-0.3451241395791709,0.028225806451612902,-0.11765844996627342,0.0033140016570008283,24.8
10276,13,4.8,497.0,0.0,2385.6,-0.4335033167230157,0.0021663442940038683,15.96757662949688,1.0,0.552047442639525,0.02125237191650854,4.8
10277,28,36.4,20.0,0.0,728.0,0.14052410221139694,0.026615087040618955,-0.17590525193315373,0.038306451612903226,0.000744061837294454,0.006485465608324202,36.4
10277,62,39.4,12.0,0.0,472.79999999999995,0.1950203761608665,0.028936170212765955,-0.44665547216678114,0.02217741935483871,-0.0841332443769486,0.004211989202768794,39.4
10278,44,15.5,16.0,0.0,248.0,-0.2391332729699076,0.010444874274661509,-0.31128036204996745,0.03024193548387097,-0.1588997743023476,0.0022093344380005524,15.5
10278,59,44.0,15.0,0.0,660.0,0.27858132955005316,0.03249516441005803,-0.3451241395791709,0.028225806451612902,-0.021872148282488173,0.005879680359195018,44.0
10278,63,35.1,8.0,0.0,280.8,0.11690905016662685,0.025609284332688588,-0.5820305822835948,0.014112903225806451,-0.1479907788328054,0.002501536734639335,35.1
10278,73,12.0,25.0,0.0,300.0,-0.30271225924428874,0.007736943907156673,-0.006686364287136612,0.04838709677419355,-0.14160502538721972,0.0026725819814522813,12.0
10279,17,31.2,15.0,0.25,351.0,0.04606389403231639,0.022591876208897486,-0.3451241395791709,0.028225806451612902,-0.12464286779738276,0.003126920918299169,31.2
10280,24,3.6,12.0,0.0,43.2,-0.45530182630280347,0.0012379110251450678,-0.44665547216678114,0.02217741935483871,-0.22701447772192823,0.0003848518053291285,3.6
10280,55,19.2,20.0,0.0,384.0,-0.17192120176556183,0.013307543520309478,-0.17590525193315373,0.038306451612903226,-0.11366735406278236,0.0034209049362589196,19.2
10280,75,6.2,30.0,0.0,186.0,-0.40807172221326327,0.0032495164410058027,0.16253252335888052,0.05846774193548387,-0.1795204364703847,0.0016570008285004142,6.2
10281,19,7.3,1.0,0.0,7.3,-0.3880897550984577,0.004100580270793037,-0.8189370249880189,0.0,-0.2389545062998723,6.503282821533884e-05,7.3
10281,35,14.4,4.0,0.0,57.6,-0.2591152400847131,0.009593810444874276,-0.7174056924004085,0.006048387096774193,-0.22222516263773898,0.000513135740438838,14.4
10282,30,20.7,6.0,0.0,124.19999999999999,-0.14467306479082706,0.014468085106382977,-0.6497181373420017,0.010080645161290322,-0.20007458037336362,0.0011064489403212442,20.7
10282,57,15.6,2.0,0.0,31.2,-0.2373167305049253,0.010522243713733075,-0.7850932474588154,0.0020161290322580645,-0.23100557362541926,0.00027794852607103724,15.6
10283,15,12.4,20.0,0.0,248.0,-0.2954460893843595,0.008046421663442941,-0.17590525193315373,0.038306451612903226,-0.1588997743023476,0.0022093344380005524,12.4
10283,19,7.3,18.0,0.0,131.4,-0.3880897550984577,0.004100580270793037,-0.2435928069915606,0.034274193548387094,-0.197679922831269,0.0011705909078760992,7.3
10283,60,27.2,35.0,0.0,952.0,-0.026597804566976354,0.019497098646034817,0.33175141100489763,0.06854838709677419,0.07524451870246075,0.008480993487808572,27.2
10283,72,27.8,3.0,0.0,83.4,-0.015698549777082415,0.019961315280464218,-0.751249469929612,0.004032258064516129,-0.21364430644523322,0.0007429777908437342,27.8
10284,27,35.1,15.0,0.25,394.875,0.11690905016662685,0.025609284332688588,-0.3451241395791709,0.028225806451612902,-0.1100504234002436,0.003517786033086565,35.1
10284,44,15.5,21.0,0.0,325.5,-0.2391332729699076,0.010444874274661509,-0.1420614744039503,0.04032258064516129,-0.13312394659230123,0.002899751449875725,15.5
10284,60,27.2,20.0,0.25,408.0,-0.026597804566976354,0.019497098646034817,-0.17590525193315373,0.038306451612903226,-0.10568516225580026,0.003634711494775102,27.2
10284,67,11.2,5.0,0.25,42.0,-0.3172445989641473,0.007117988394584138,-0.6835619148712051,0.008064516129032258,-0.22741358731227734,0.0003741614774033193,11.2
10285,1,14.4,45.0,0.2,518.4,-0.2591152400847131,0.009593810444874276,0.6701891862969319,0.08870967741935484,-0.06896707994368259,0.004618221663949542,14.4
10285,40,14.7,40.0,0.2,470.40000000000003,-0.2536656126897662,0.009825918762088975,0.5009702986509148,0.07862903225806452,-0.08493146355764677,0.004190608546917177,14.7
10285,53,26.2,36.0,0.2,754.56,-0.04476322921679954,0.018723404255319147,0.36559518853410106,0.07056451612903226,0.009577687437021297,0.006722078199748777,26.2
10286,35,14.4,100.0,0.0,1440.0,-0.2591152400847131,0.009593810444874276,2.53159695040312,0.19959677419354838,0.23754908544443018,0.012828393510970948,14.4
10286,62,39.4,40.0,0.0,1576.0,0.1950203761608665,0.028936170212765955,0.5009702986509148,0.07862903225806452,0.28278150568399546,0.014039964009229317,39.4
10287,16,13.9,40.0,0.15,472.59999999999997,-0.2681979524096247,0.00920696324951644,0.5009702986509148,0.07862903225806452,-0.08419976264200678,0.004210207481447827,13.9
10287,34,11.2,20.0,0.0,224.0,-0.3172445989641473,0.007117988394584138,-0.17590525193315373,0.038306451612903226,-0.16688196610932973,0.00199552787948437,11.2
10287,46,9.6,15.0,0.15,122.39999999999999,-0.3463092784038644,0.005880077369439071,-0.3451241395791709,0.028225806451612902,-0.2006732447588873,0.0010904134484325306,9.6
10288,54,5.9,10.0,0.1,53.1,-0.41352134960821024,0.003017408123791103,-0.514343027225188,0.018145161290322582,-0.2237218236015481,0.00047304701071705375,5.9
10288,68,10.0,3.0,0.1,27.0,-0.33904310854393516,0.006189555125725338,-0.751249469929612,0.004032258064516129,-0.23240245719164115,0.00024053237833070529,10.0
10289,3,8.0,20.0,0.0,160.0,-0.3753739578435815,0.0046421663442940036,-0.17590525193315373,0.038306451612903226,-0.18816781092794865,0.00142537705677455,8.0
10289,64,26.6,9.0,0.0,239.4,-0.03749705935687023,0.019032882011605416,-0.5481868047543914,0.016129032258064516,-0.16176005969984955,0.00213272042119892,26.6
10290,5,17.0,20.0,0.0,340.0,-0.21188513599517284,0.01160541586073501,-0.17590525193315373,0.038306451612903226,-0.1283013723755829,0.0030289262456459185,17.0
10290,29,99.0,15.0,0.0,1485.0,1.2776796852903283,0.07504835589941973,-0.3451241395791709,0.028225806451612902,0.25251569508252164,0.013229280808188791,99.0
10290,49,16.0,15.0,0.0,240.0,-0.23005056064499602,0.010831721470019342,-0.3451241395791709,0.028225806451612902,-0.161560504904675,0.002138065585161825,16.0
10290,77,10.4,10.0,0.0,104.0,-0.3317769386840059,0.006499032882011605,-0.514343027225188,0.018145161290322582,-0.20679292514424025,0.0009264950869034575,10.4
10291,13,4.8,20.0,0.1,86.4,-0.4335033167230157,0.0021663442940038683,-0.17590525193315373,0.038306451612903226,-0.21264653246936047,0.000769703610658257,4.8
10291,44,15.5,24.0,0.1,334.8,-0.2391332729699076,0.010444874274661509,-0.040530141816340036,0.046370967741935484,-0.13003084726709568,0.002982601491300746,15.5
10291,51,42.4,2.0,0.1,76.32,0.24951665011033605,0.03125725338491296,-0.7850932474588154,0.0020161290322580645,-0.21599905302829295,0.0006799048560814602,42.4
10292,20,64.8,20.0,0.0,1296.0,0.6564221622663754,0.048588007736943904,-0.17590525193315373,0.038306451612903226,0.18965593460253757,0.011545554159873853,64.8
10293,18,50.0,12.0,0.0,600.0,0.3875738774489923,0.03713733075435203,-0.44665547216678114,0.02217741935483871,-0.04182762779994343,0.0053451639629045625,50.0
10293,24,3.6,10.0,0.0,36.0,-0.45530182630280347,0.0012379110251450678,-0.514343027225188,0.018145161290322582,-0.22940913526402287,0.00032070983777427375,3.6
10293,63,35.1,5.0,0.0,175.5,0.11690905016662685,0.025609284332688588,-0.6835619148712051,0.008064516129032258,-0.1830126453859394,0.0015634604591495845,35.1
10293,75,6.2,6.0,0.0,37.2,-0.40807172221326327,0.0032495164410058027,-0.6497181373420017,0.010080645161290322,-0.22901002567367373,0.00033140016570008286,6.2
10294,1,230.4,18.0,0.0,4147.2,3.664616484277095,0.17671179883945842,-0.2435928069915606,0.034274193548387094,1.1379403212720114,0.03694577331159633,230.4
10294,17,31.2,15.0,0.0,468.0,0.04606389403231639,0.022591876208897486,-0.3451241395791709,0.028225806451612902,-0.085729682738345,0.004169227891065558,31.2
10294,43,36.8,15.0,0.0,552.0,0.1477902720713262,0.02692456479690522,-0.3451241395791709,0.028225806451612902,-0.05779201141390764,0.0049175508458721975,36.8
10294,60,27.2,21.0,0.0,571.1999999999999,-0.026597804566976354,0.019497098646034817,-0.1420614744039503,0.04032258064516129,-0.051406257968321975,0.0050885960926851425,27.2
10295,56,30.4,4.0,0.0,121.6,0.03153155431245783,0.02197292069632495,-0.7174056924004085,0.006048387096774193,-0.20093931781912003,0.0010832865631486578,30.4
10296,11,16.8,12.0,0.0,201.60000000000002,-0.21551822092513745,0.011450676982591878,-0.44665547216678114,0.02217741935483871,-0.17433201179584634,0.0017959750915359331,16.8
10296,16,13.9,30.0,0.0,417.0,-0.2681979524096247,0.00920696324951644,0.16253252335888052,0.05846774193548387,-0.10269184032818197,0.0037148889542186706,13.9
10296,69,28.8,15.0,0.0,432.0,0.00246687487274077,0.020735009671179885,-0.3451241395791709,0.028225806451612902,-0.09770297044881815,0.0038485180532912846,28.8
10297,39,14.4,60.0,0.0,864.0,-0.2591152400847131,0.009593810444874276,1.1778458492349833,0.11895161290322581,0.045976482076859705,0.007697036106582569,14.4
10297,72,27.8,20.0,0.0,556.0,-0.015698549777082415,0.019961315280464218,-0.17590525193315373,0.038306451612903226,-0.05646164611274396,0.0049531852722915605,27.8
10298,2,15.2,40.0,0.0,608.0,-0.24458290036485458,0.010212765957446808,0.5009702986509148,0.07862903225806452,-0.03916689719761606,0.005416432815743289,15.2
10298,36,15.2,40.0,0.25,456.0,-0.24458290036485458,0.010212765957446808,0.5009702986509148,0.07862903225806452,-0.08972077864183606,0.0040623246118074675,15.2
10298,59,44.0,30.0,0.25,990.0,0.27858132955005316,0.03249516441005803,0.16253252335888052,0.05846774193548387,0.08788298906351576,0.008819520538792527,44.0
10298,62,39.4,15.0,0.0,591.0,0.1950203761608665,0.028936170212765955,-0.3451241395791709,0.028225806451612902,-0.04482094972756172,0.0052649865034609935,39.4
10299,19,7.3,15.0,0.0,109.5,-0.3880897550984577,0.004100580270793037,-0.3451241395791709,0.028225806451612902,-0.20496367285514017,0.0009754924232300826,7.3
10299,70,12.0,20.0,0.0,240.0,-0.30271225924428874,0.007736943907156673,-0.17590525193315373,0.038306451612903226,-0.161560504904675,0.002138065585161825,12.0
10300,66,13.6,30.0,0.0,408.0,-0.27364757980457166,0.00897485493230174,0.16253252335888052,0.05846774193548387,-0.10568516225580026,0.003634711494775102,13.6
10300,68,10.0,20.0,0.0,200.0,-0.33904310854393516,0.006189555125725338,-0.17590525193315373,0.038306451612903226,-0.17486415791631182,0.0017817213209681874,10.0
10301,40,14.7,10.0,0.0,147.0,-0.2536656126897662,0.009825918762088975,-0.514343027225188,0.018145161290322582,-0.19249149815673064,0.0013095651709116177,14.7
10301,56,30.4,20.0,0.0,608.0,0.03153155431245783,0.02197292069632495,-0.17590525193315373,0.038306451612903226,-0.03916689719761606,0.005416432815743289,30.4
10302,17,31.2,40.0,0.0,1248.0,0.04606389403231639,0.022591876208897486,0.5009702986509148,0.07862903225806452,0.17369155098857336,0.01111794104284149,31.2
10302,28,36.4,28.0,0.0,1019.1999999999999,0.14052410221139694,0.026615087040618955,0.09484496830047366,0.05443548387096774,0.09759465576201062,0.009079651851653882,36.4
10302,43,36.8,12.0,0.0,441.59999999999997,0.1477902720713262,0.02692456479690522,-0.44665547216678114,0.02217741935483871,-0.09451009372602533,0.0039340406766977575,36.8
10303,40,14.7,40.0,0.1,529.2,-0.2536656126897662,0.009825918762088975,0.5009702986509148,0.07862903225806452,-0.06537509363054061,0.004714434615281825,14.7
10303,65,16.8,30.0,0.1,453.6,-0.21551822092513745,0.011450676982591878,0.16253252335888052,0.05846774193548387,-0.09051899782253425,0.004040943955955849,16.8
10303,68,10.0,15.0,0.1,135.0,-0.33904310854393516,0.006189555125725338,-0.3451241395791709,0.028225806451612902,-0.1964825940602217,0.0012026618916535265,10.0
10304,49,16.0,30.0,0.0,480.0,-0.23005056064499602,0.010831721470019342,0.16253252335888052,0.05846774193548387,-0.08173858683485395,0.00427613117032365,16.0
10304,59,44.0,10.0,0.0,440.0,0.27858132955005316,0.03249516441005803,-0.514343027225188,0.018145161290322582,-0.0950422398464908,0.003919786906130012,44.0
10304,71,17.2,2.0,0.0,34.4,-0.20825205106520822,0.011760154738878143,-0.7850932474588154,0.0020161290322580645,-0.22994128138448836,0.0003064560672065282,17.2
10305,18,50.0,25.0,0.1,1125.0,0.3875738774489923,0.03713733075435203,-0.006686364287136612,0.04838709677419355,0.1327828179777901,0.010022182430446053,50.0
10305,29,99.0,25.0,0.1,2227.5,1.2776796852903283,0.07504835589941973,-0.006686364287136612,0.04838709677419355,0.4994647541110305,0.019843921212283188,99.0
10305,39,14.4,30.0,0.1,388.8,-0.2591152400847131,0.009593810444874276,0.16253252335888052,0.05846774193548387,-0.11207091570138594,0.0034636662479621562,14.4
10306,30,20.7,10.0,0.0,207.0,-0.14467306479082706,0.014468085106382977,-0.514343027225188,0.018145161290322582,-0.17253601863927537,0.001844081567202074,20.7
10306,53,26.2,10.0,0.0,262.0,-0.04476322921679954,0.018723404255319147,-0.514343027225188,0.018145161290322582,-0.15424349574827473,0.0023340549304683256,26.2
10306,54,5.9,5.0,0.0,29.5,-0.41352134960821024,0.003017408123791103,-0.6835619148712051,0.008064516129032258,-0.23157097887841385,0.00026280389484280764,5.9
10307,62,39.4,10.0,0.0,394.0,0.1950203761608665,0.028936170212765955,-0.514343027225188,0.018145161290322582,-0.11034144080987315,0.0035099910023073293,39.4
10307,68,10.0,3.0,0.0,30.0,-0.33904310854393516,0.006189555125725338,-0.751249469929612,0.004032258064516129,-0.2314046832157684,0.0002672581981452281,10.0
10308,69,28.8,1.0,0.0,28.8,0.00246687487274077,0.020735009671179885,-0.8189370249880189,0.0,-0.23180379280611751,0.000256567870219419,28.8
10308,70,12.0,5.0,0.0,60.0,-0.30271225924428874,0.007736943907156673,-0.6835619148712051,0.008064516129032258,-0.22142694345704075,0.0005345163962904563,12.0
10309,4,17.6,20.0,0.0,352.0,-0.20098588120527888,0.012069632495164411,-0.17590525193315373,0.038306451612903226,-0.12431027647209184,0.0031358295249040097,17.6
10309,42,11.2,2.0,0.0,22.4,-0.3172445989641473,0.007117988394584138,-0.7850932474588154,0.0020161290322580645,-0.2339323772879794,0.00019955278794843697,11.2
10309,43,36.8,20.0,0.0,736.0,0.1477902720713262,0.02692456479690522,-0.17590525193315373,0.038306451612903226,0.003404792439621822,0.00655673446116293,36.8
10309,71,17.2,3.0,0.0,51.599999999999994,-0.20825205106520822,0.011760154738878143,-0.751249469929612,0.004032258064516129,-0.22422071058948448,0.0004596841008097923,17.2
10310,16,13.9,10.0,0.0,139.0,-0.2681979524096247,0.00920696324951644,-0.514343027225188,0.018145161290322582,-0.195152228759058,0.0012382963180728901,13.9
10310,62,39.4,5.0,0.0,197.0,0.1950203761608665,0.028936170212765955,-0.6835619148712051,0.008064516129032258,-0.17586193189218458,0.0017549955011536647,39.4
10311,42,11.2,6.0,0.0,67.19999999999999,-0.3172445989641473,0.007117988394584138,-0.6497181373420017,0.010080645161290322,-0.2190322859149461,0.0005986583638453108,11.2
10311,69,28.8,7.0,0.0,201.6,0.00246687487274077,0.020735009671179885,-0.6158743598127983,0.012096774193548387,-0.17433201179584634,0.001795975091535933,28.8
10312,28,36.4,4.0,0.0,145.6,0.14052410221139694,0.026615087040618955,-0.7174056924004085,0.006048387096774193,-0.1929571260121379,0.0012970931216648403,36.4
10312,43,36.8,24.0,0.0,883.1999999999999,0.1477902720713262,0.02692456479690522,-0.040530141816340036,0.046370967741935484,0.052362235522445365,0.007868081353395515,36.8
10312,53,26.2,20.0,0.0,524.0,-0.04476322921679954,0.018723404255319147,-0.17590525193315373,0.038306451612903226,-0.06710456852205343,0.004668109860936651,26.2
10312,75,6.2,10.0,0.0,62.0,-0.40807172221326327,0.0032495164410058027,-0.514343027225188,0.018145161290322582,-0.22076176080645893,0.0005523336095001381,6.2
10313,36,15.2,12.0,0.0,182.39999999999998,-0.24458290036485458,0.010212765957446808,-0.44665547216678114,0.02217741935483871,-0.18071776524143204,0.0016249298447229867,15.2
10314,32,25.6,40.0,0.1,921.6,-0.05566248400669341,0.01825918762088975,0.5009702986509148,0.07862903225806452,0.06513374241361676,0.008210171847021408,25.6
10314,58,10.6,30.0,0.1,286.2,-0.3281438537540412,0.006653771760154739,0.16253252335888052,0.05846774193548387,-0.14619478567623445,0.002549643210305476,10.6
10314,62,39.4,25.0,0.1,886.5,0.1950203761608665,0.028936170212765955,-0.006686364287136612,0.04838709677419355,0.05345978689590543,0.00789747975519149,39.4
10315,34,11.2,14.0,0.0,156.79999999999998,-0.3172445989641473,0.007117988394584138,-0.3789679171083743,0.02620967741935484,-0.18923210316887962,0.0013968695156390588,11.2
10316,41,7.7,10.0,0.0,77.0,-0.3808235852385285,0.004410058027079304,-0.514343027225188,0.018145161290322582,-0.21577289092709512,0.0006859627085727522,7.7
10316,62,39.4,70.0,0.0,2758.0,0.1950203761608665,0.028936170212765955,1.5162836245270175,0.13911290322580644,0.675904452177864,0.024569937016151303,39.4
10317,1,14.4,20.0,0.0,288.0,-0.2591152400847131,0.009593810444874276,-0.17590525193315373,0.038306451612903226,-0.14559612129071078,0.00256567870219419,14.4
10318,41,7.7,20.0,0.0,154.0,-0.3808235852385285,0.004410058027079304,-0.17590525193315373,0.038306451612903226,-0.19016335887969418,0.0013719254171455043,7.7
10318,76,14.4,6.0,0.0,86.4,-0.2591152400847131,0.009593810444874276,-0.6497181373420017,0.010080645161290322,-0.21264653246936047,0.000769703610658257,14.4
10319,17,31.2,8.0,0.0,249.6,0.04606389403231639,0.022591876208897486,-0.5820305822835948,0.014112903225806451,-0.15836762818188213,0.002223588208568298,31.2
10319,28,36.4,14.0,0.0,509.59999999999997,0.14052410221139694,0.026615087040618955,-0.3789679171083743,0.02620967741935484,-0.0718938836062427,0.004539825925826941,36.4
10319,76,14.4,30.0,0.0,432.0,-0.2591152400847131,0.009593810444874276,0.16253252335888052,0.05846774193548387,-0.09770297044881815,0.0038485180532912846,14.4
10320,71,17.2,30.0,0.0,516.0,-0.20825205106520822,0.011760154738878143,0.16253252335888052,0.05846774193548387,-0.0697652991243808,0.004596841008097923,17.2
10321,35,14.4,10.0,0.0,144.0,-0.2591152400847131,0.009593810444874276,-0.514343027225188,0.018145161290322582,-0.1934892721326034,0.001282839351097095,14.4
10322,52,5.6,20.0,0.0,112.0,-0.4189709770031571,0.0027852998065764022,-0.17590525193315373,0.038306451612903226,-0.20413219454191286,0.000997763939742185,5.6
10323,15,12.4,5.0,0.0,62.0,-0.2954460893843595,0.008046421663442941,-0.6835619148712051,0.008064516129032258,-0.22076176080645893,0.0005523336095001381,12.4
10323,25,11.2,4.0,0.0,44.8,-0.3172445989641473,0.007117988394584138,-0.7174056924004085,0.006048387096774193,-0.22648233160146278,0.00039910557589687394,11.2
10323,39,14.4,4.0,0.0,57.6,-0.2591152400847131,0.009593810444874276,-0.7174056924004085,0.006048387096774193,-0.22222516263773898,0.000513135740438838,14.4
10324,16,13.9,21.0,0.15,248.115,-0.2681979524096247,0.00920696324951644,-0.1420614744039503,0.04032258064516129,-0.15886152629993916,0.002210358927760109,13.9
10324,35,14.4,70.0,0.15,856.8,-0.2591152400847131,0.009593810444874276,1.5162836245270175,0.13911290322580644,0.043581824534765064,0.007632894139027714,14.4
10324,46,9.6,30.0,0.0,288.0,-0.3463092784038644,0.005880077369439071,0.16253252335888052,0.05846774193548387,-0.14559612129071078,0.00256567870219419,9.6
10324,59,44.0,40.0,0.15,1496.0,0.27858132955005316,0.03249516441005803,0.5009702986509148,0.07862903225806452,0.25617419966072175,0.013327275480842041,44.0
10324,63,35.1,80.0,0.15,2386.7999999999997,0.11690905016662685,0.025609284332688588,1.8547213998190517,0.1592741935483871,0.552446552229874,0.021263062244434347,35.1
10325,6,20.0,6.0,0.0,120.0,-0.15738886204570326,0.013926499032882012,-0.6497181373420017,0.010080645161290322,-0.2014714639395855,0.0010690327925809125,20.0
10325,13,4.8,12.0,0.0,57.599999999999994,-0.4335033167230157,0.0021663442940038683,-0.44665547216678114,0.02217741935483871,-0.22222516263773898,0.0005131357404388379,4.8
10325,14,18.6,9.0,0.0,167.4,-0.1828204565554557,0.012843326885880078,-0.5481868047543914,0.016129032258064516,-0.18570663512079585,0.001491300745650373,18.6
10325,31,10.0,4.0,0.0,40.0,-0.33904310854393516,0.006189555125725338,-0.7174056924004085,0.006048387096774193,-0.22807876996285917,0.0003563442641936375,10.0
10325,72,27.8,40.0,0.0,1112.0,-0.015698549777082415,0.019961315280464218,0.5009702986509148,0.07862903225806452,0.1284591307490081,0.009906370544583121,27.8
10326,4,17.6,24.0,0.0,422.40000000000003,-0.20098588120527888,0.012069632495164411,-0.040530141816340036,0.046370967741935484,-0.10089584717161099,0.003762995429884812,17.6
10326,57,15.6,16.0,0.0,249.6,-0.2373167305049253,0.010522243713733075,-0.31128036204996745,0.03024193548387097,-0.15836762818188213,0.002223588208568298,15.6
10326,75,6.2,50.0,0.0,310.0,-0.40807172221326327,0.0032495164410058027,0.839408073942949,0.09879032258064516,-0.13827911213431052,0.0027616680475006906,6.2
10327,2,15.2,25.0,0.2,304.0,-0.24458290036485458,0.010212765957446808,-0.006686364287136612,0.04838709677419355,-0.14027466008605605,0.0027082164078716447,15.2
10327,11,16.8,50.0,0.2,672.0,-0.21551822092513745,0.011450676982591878,0.839408073942949,0.09879032258064516,-0.01788105237899712,0.005986583638453109,16.8
10327,30,20.7,35.0,0.2,579.6,-0.14467306479082706,0.014468085106382977,0.33175141100489763,0.06854838709677419,-0.048612490835878215,0.005163428388165807,20.7
10327,58,10.6,30.0,0.2,254.4,-0.3281438537540412,0.006653771760154739,0.16253252335888052,0.05846774193548387,-0.15677118982048574,0.0022663495202715346,10.6
10328,59,44.0,9.0,0.0,396.0,0.27858132955005316,0.03249516441005803,-0.5481868047543914,0.016129032258064516,-0.10967625815929131,0.003527808215517011,44.0
10328,65,16.8,40.0,0.0,672.0,-0.21551822092513745,0.011450676982591878,0.5009702986509148,0.07862903225806452,-0.01788105237899712,0.005986583638453109,16.8
10328,68,10.0,10.0,0.0,100.0,-0.33904310854393516,0.006189555125725338,-0.514343027225188,0.018145161290322582,-0.20812329044540392,0.0008908606604840937,10.0
10329,19,7.3,10.0,0.05,69.35,-0.3880897550984577,0.004100580270793037,-0.514343027225188,0.018145161290322582,-0.21831721456557066,0.0006178118680457189,7.3
10329,30,20.7,8.0,0.05,157.32,-0.14467306479082706,0.014468085106382977,-0.5820305822835948,0.014112903225806451,-0.18905915567972836,0.0014015019910735762,20.7
10329,38,210.8,20.0,0.05,4005.2,3.3085741611405606,0.16154738878143135,-0.17590525193315373,0.038306451612903226,1.0907123530807006,0.03568075117370892,210.8
10329,56,30.4,12.0,0.05,346.55999999999995,0.03153155431245783,0.02197292069632495,-0.44665547216678114,0.02217741935483871,-0.12611957328167447,0.0030873667049736747,30.4
10330,26,24.9,50.0,0.15,1058.25,-0.0683782812615697,0.01771760154738878,0.839408073942949,0.09879032258064516,0.11058234701462111,0.009427532939572922,24.9
10331,54,5.9,15.0,0.0,88.5,-0.41352134960821024,0.003017408123791103,-0.3451241395791709,0.028225806451612902,-0.2119480906862495,0.0007884116845284229,5.9
10332,18,50.0,40.0,0.2,1600.0,0.3875738774489923,0.03713733075435203,0.5009702986509148,0.07862903225806452,0.2907636974909775,0.014253770567745499,50.0
10332,42,11.2,10.0,0.2,89.60000000000001,-0.3172445989641473,0.007117988394584138,-0.514343027225188,0.018145161290322582,-0.2115822402284295,0.000798211151793748,11.2
10332,47,7.6,16.0,0.2,97.28,-0.38264012770351075,0.004332688588007737,-0.31128036204996745,0.03024193548387097,-0.20902793885019524,0.0008666292505189263,7.6
10333,14,18.6,10.0,0.0,186.0,-0.1828204565554557,0.012843326885880078,-0.514343027225188,0.018145161290322582,-0.1795204364703847,0.0016570008285004142,18.6
10333,21,8.0,10.0,0.1,72.0,-0.3753739578435815,0.0046421663442940036,-0.514343027225188,0.018145161290322582,-0.21743584755354972,0.0006414196755485475,8.0
10333,71,17.2,40.0,0.1,619.2,-0.20825205106520822,0.011760154738878143,0.5009702986509148,0.07862903225806452,-0.035441874354357736,0.005516209209717508,17.2
10334,52,5.6,8.0,0.0,44.8,-0.4189709770031571,0.0027852998065764022,-0.5820305822835948,0.014112903225806451,-0.22648233160146278,0.00039910557589687394,5.6
10334,68,10.0,10.0,0.0,100.0,-0.33904310854393516,0.006189555125725338,-0.514343027225188,0.018145161290322582,-0.20812329044540392,0.0008908606604840937,10.0
10335,2,15.2,7.0,0.2,85.12,-0.24458290036485458,0.010212765957446808,-0.6158743598127983,0.012096774193548387,-0.21307224936573282,0.0007583005942040606,15.2
10335,31,10.0,25.0,0.2,200.0,-0.33904310854393516,0.006189555125725338,-0.006686364287136612,0.04838709677419355,-0.17486415791631182,0.0017817213209681874,10.0
10335,32,25.6,6.0,0.2,122.88000000000002,-0.05566248400669341,0.01825918762088975,-0.6497181373420017,0.010080645161290322,-0.20051360092274764,0.0010946895796028545,25.6
10335,51,42.4,48.0,0.2,1628.1599999999999,0.24951665011033605,0.03125725338491296,0.7717205188845422,0.09475806451612903,0.30012946921116984,0.014504636929737818,42.4
10336,4,17.6,18.0,0.1,285.12,-0.20098588120527888,0.012069632495164411,-0.2435928069915606,0.034274193548387094,-0.14655398430754862,0.002540021915172248,17.6
10337,23,7.2,40.0,0.0,288.0,-0.3899062975634401,0.0040232108317214705,0.5009702986509148,0.07862903225806452,-0.14559612129071078,0.00256567870219419,7.2
10337,26,24.9,24.0,0.0,597.5999999999999,-0.0683782812615697,0.01771760154738878,-0.040530141816340036,0.046370967741935484,-0.042625846980641674,0.005323783307052943,24.9
10337,36,15.2,20.0,0.0,304.0,-0.24458290036485458,0.010212765957446808,-0.17590525193315373,0.038306451612903226,-0.14027466008605605,0.0027082164078716447,15.2
10337,37,20.8,28.0,0.0,582.4,-0.14285652232584473,0.014545454545454545,0.09484496830047366,0.05443548387096774,-0.04768123512506365,0.005188372486659361,20.8
10337,72,27.8,25.0,0.0,695.0,-0.015698549777082415,0.019961315280464218,-0.006686364287136612,0.04838709677419355,-0.010231451897305939,0.006191481590364451,27.8
10338,17,31.2,20.0,0.0,624.0,0.04606389403231639,0.022591876208897486,-0.17590525193315373,0.038306451612903226,-0.03384543599296133,0.005558970521420745,31.2
10338,30,20.7,15.0,0.0,310.5,-0.14467306479082706,0.014468085106382977,-0.3451241395791709,0.028225806451612902,-0.13811281647166507,0.0027661223508031107,20.7
10339,4,17.6,10.0,0.0,176.0,-0.20098588120527888,0.012069632495164411,-0.514343027225188,0.018145161290322582,-0.18284634972329392,0.0015679147624520049,17.6
10339,17,31.2,70.0,0.05,2074.7999999999997,0.04606389403231639,0.022591876208897486,1.5162836245270175,0.13911290322580644,0.44867805873910677,0.018483576983723972,31.2
10339,62,39.4,28.0,0.0,1103.2,0.1950203761608665,0.028936170212765955,0.09484496830047366,0.05443548387096774,0.12553232708644801,0.009827974806460521,39.4
10340,18,50.0,20.0,0.05,950.0,0.3875738774489923,0.03713733075435203,-0.17590525193315373,0.038306451612903226,0.07457933605187891,0.00846317627459889,50.0
10340,41,7.7,12.0,0.05,87.78,-0.3808235852385285,0.004410058027079304,-0.44665547216678114,0.02217741935483871,-0.21218755644045897,0.0007819974877729375,7.7
10340,43,36.8,40.0,0.05,1398.3999999999999,0.1477902720713262,0.02692456479690522,0.5009702986509148,0.07862903225806452,0.22371328631232784,0.012457795476209566,36.8
10341,33,2.0,8.0,0.0,16.0,-0.4843665057425206,0.0,-0.5820305822835948,0.014112903225806451,-0.2360609617698413,0.00014253770567745498,2.5
10341,59,44.0,9.0,0.15,336.59999999999997,0.27858132955005316,0.03249516441005803,-0.5481868047543914,0.016129032258064516,-0.12943218288157202,0.002998636983189459,44.0
10342,2,15.2,24.0,0.2,291.84,-0.24458290036485458,0.010212765957446808,-0.040530141816340036,0.046370967741935484,-0.14431897060159365,0.002599887751556779,15.2
10342,31,10.0,56.0,0.2,448.0,-0.33904310854393516,0.006189555125725338,1.0424707391181696,0.11088709677419355,-0.09238150924416343,0.00399105575896874,10.0
10342,36,15.2,40.0,0.2,486.40000000000003,-0.24458290036485458,0.010212765957446808,0.5009702986509148,0.07862903225806452,-0.07961000235299204,0.004333146252594632,15.2
10342,55,19.2,40.0,0.2,614.4000000000001,-0.17192120176556183,0.013307543520309478,0.5009702986509148,0.07862903225806452,-0.03703831271575414,0.0054734478980142725,19.2
10343,64,26.6,50.0,0.0,1330.0,-0.03749705935687023,0.019032882011605416,0.839408073942949,0.09879032258064516,0.20096403966242887,0.011848446784438447,26.6
10343,68,10.0,4.0,0.05,38.0,-0.33904310854393516,0.006189555125725338,-0.7174056924004085,0.006048387096774193,-0.22874395261344102,0.0003385270509839556,10.0
10343,76,14.4,15.0,0.0,216.0,-0.2591152400847131,0.009593810444874276,-0.3451241395791709,0.028225806451612902,-0.1695426967116571,0.0019242590266456423,14.4
10344,4,17.6,35.0,0.0,616.0,-0.20098588120527888,0.012069632495164411,0.33175141100489763,0.06854838709677419,-0.03650616659528869,0.005487701668582017,17.6
10344,8,32.0,70.0,0.25,1680.0,0.060596233752174954,0.02321083172147002,1.5162836245270175,0.13911290322580644,0.31737100351425124,0.014966459096132773,32.0
10345,8,32.0,70.0,0.0,2240.0,0.060596233752174954,0.02321083172147002,1.5162836245270175,0.13911290322580644,0.503622145677167,0.019955278794843698,32.0
10345,19,7.3,80.0,0.0,584.0,-0.3880897550984577,0.004100580270793037,1.8547213998190517,0.1592741935483871,-0.04714908900459817,0.005202626257227107,7.3
10345,42,11.2,9.0,0.0,100.8,-0.3172445989641473,0.007117988394584138,-0.5481868047543914,0.016129032258064516,-0.2078572173851712,0.0008979875457679665,11.2
10346,17,31.2,36.0,0.1,1010.8800000000001,0.04606389403231639,0.022591876208897486,0.36559518853410106,0.07056451612903226,0.09482749593559021,0.009005532244701608,31.2
10346,56,30.4,20.0,0.0,608.0,0.03153155431245783,0.02197292069632495,-0.17590525193315373,0.038306451612903226,-0.03916689719761606,0.005416432815743289,30.4
10347,25,11.2,10.0,0.0,112.0,-0.3172445989641473,0.007117988394584138,-0.514343027225188,0.018145161290322582,-0.20413219454191286,0.000997763939742185,11.2
10347,39,14.4,50.0,0.15,612.0,-0.2591152400847131,0.009593810444874276,0.839408073942949,0.09879032258064516,-0.03783653189645238,0.005452067242162653,14.4
10347,40,14.7,4.0,0.0,58.8,-0.2536656126897662,0.009825918762088975,-0.7174056924004085,0.006048387096774193,-0.2218260530473899,0.0005238260683646471,14.7
10347,75,6.2,6.0,0.15,31.62,-0.40807172221326327,0.0032495164410058027,-0.6497181373420017,0.010080645161290322,-0.2308658852687971,0.00028169014084507044,6.2
10348,1,14.4,15.0,0.15,183.6,-0.2591152400847131,0.009593810444874276,-0.3451241395791709,0.028225806451612902,-0.18031865565108293,0.001635620172648796,14.4
10348,23,7.2,25.0,0.0,180.0,-0.3899062975634401,0.0040232108317214705,-0.006686364287136612,0.04838709677419355,-0.18151598442213024,0.0016035491888713685,7.2
10349,54,5.9,24.0,0.0,141.60000000000002,-0.41352134960821024,0.003017408123791103,-0.040530141816340036,0.046370967741935484,-0.1942874913133016,0.0012614586952454769,5.9
10350,50,13.0,15.0,0.1,175.5,-0.28454683459446556,0.00851063829787234,-0.3451241395791709,0.028225806451612902,-0.1830126453859394,0.0015634604591495845,13.0
10350,69,28.8,18.0,0.1,466.56,0.00246687487274077,0.020735009671179885,-0.2435928069915606,0.034274193548387094,-0.08620861424676393,0.004156399497554588,28.8
10351,38,210.8,20.0,0.05,4005.2,3.3085741611405606,0.16154738878143135,-0.17590525193315373,0.038306451612903226,1.0907123530807006,0.03568075117370892,210.8
10351,41,7.7,13.0,0.0,100.10000000000001,-0.3808235852385285,0.004410058027079304,-0.4128116946375777,0.024193548387096774,-0.20809003131287482,0.0008917515211445779,7.7
10351,44,15.5,77.0,0.05,1133.825,-0.2391332729699076,0.010444874274661509,1.7531900672314416,0.1532258064516129,0.13571793642348248,0.010100800883733775,15.5
10351,65,16.8,10.0,0.0,168.0,-0.21551822092513745,0.011450676982591878,-0.514343027225188,0.018145161290322582,-0.1855070803256213,0.0014966459096132773,16.8
10352,24,3.6,10.0,0.0,36.0,-0.45530182630280347,0.0012379110251450678,-0.514343027225188,0.018145161290322582,-0.22940913526402287,0.00032070983777427375,3.6
10352,54,5.9,20.0,0.15,100.3,-0.41352134960821024,0.003017408123791103,-0.17590525193315373,0.038306451612903226,-0.20802351304781666,0.000893533242465546,5.9
10353,11,16.8,12.0,0.2,161.28000000000003,-0.21551822092513745,0.011450676982591878,-0.44665547216678114,0.02217741935483871,-0.1877420940315763,0.0014367800732287465,16.8
10353,38,210.8,50.0,0.2,8432.0,3.3085741611405606,0.16154738878143135,0.839408073942949,0.09879032258064516,2.5630276318785494,0.07511737089201878,210.8
10354,1,14.4,12.0,0.0,172.8,-0.2591152400847131,0.009593810444874276,-0.44665547216678114,0.02217741935483871,-0.18391064196422488,0.001539407221316514,14.4
10354,29,99.0,4.0,0.0,396.0,1.2776796852903283,0.07504835589941973,-0.7174056924004085,0.006048387096774193,-0.10967625815929131,0.003527808215517011,99.0
10355,24,3.6,25.0,0.0,90.0,-0.45530182630280347,0.0012379110251450678,-0.006686364287136612,0.04838709677419355,-0.21144920369831313,0.0008017745944356843,3.6
10355,57,15.6,25.0,0.0,390.0,-0.2373167305049253,0.010522243713733075,-0.006686364287136612,0.04838709677419355,-0.11167180611103683,0.0034743565758879654,15.6
10356,31,10.0,30.0,0.0,300.0,-0.33904310854393516,0.006189555125725338,0.16253252335888052,0.05846774193548387,-0.14160502538721972,0.0026725819814522813,10.0
10356,55,19.2,12.0,0.0,230.39999999999998,-0.17192120176556183,0.013307543520309478,-0.44665547216678114,0.02217741935483871,-0.16475338162746783,0.0020525429617553517,19.2
10356,69,28.8,20.0,0.0,576.0,0.00246687487274077,0.020735009671179885,-0.17590525193315373,0.038306451612903226,-0.049809819606925536,0.00513135740438838,28.8
10357,10,24.8,30.0,0.2,595.2,-0.07019482372655197,0.017640232108317215,0.16253252335888052,0.05846774193548387,-0.043424066161339835,0.005302402651201326,24.8
10357,26,24.9,16.0,0.0,398.4,-0.0683782812615697,0.01771760154738878,-0.31128036204996745,0.03024193548387097,-0.1088780389785931,0.003549188871368629,24.9
10357,60,27.2,8.0,0.2,174.08,-0.026597804566976354,0.019497098646034817,-0.5820305822835948,0.014112903225806451,-0.1834849250678525,0.0015508102377707104,27.2
10358,24,3.6,10.0,0.05,34.199999999999996,-0.45530182630280347,0.0012379110251450678,-0.514343027225188,0.018145161290322582,-0.2300077996495465,0.00030467434588556,3.6
10358,34,11.2,10.0,0.05,106.39999999999999,-0.3172445989641473,0.007117988394584138,-0.514343027225188,0.018145161290322582,-0.20599470596354202,0.0009478757427550756,11.2
10358,36,15.2,20.0,0.05,288.8,-0.24458290036485458,0.010212765957446808,-0.17590525193315373,0.038306451612903226,-0.14533004823047804,0.0025728055874780628,15.2
10359,16,13.9,56.0,0.05,739.4799999999999,-0.2681979524096247,0.00920696324951644,1.0424707391181696,0.11088709677419355,0.004562210251634195,0.006587736412147775,13.9
10359,31,10.0,70.0,0.05,665.0,-0.33904310854393516,0.006189555125725338,1.5162836245270175,0.13911290322580644,-0.02020919165603357,0.005924223392219223,10.0
10359,60,27.2,80.0,0.05,2067.2,-0.026597804566976354,0.019497098646034817,1.8547213998190517,0.1592741935483871,0.4461503646668958,0.018415871573527184,27.2
10360,28,36.4,30.0,0.0,1092.0,0.14052410221139694,0.026615087040618955,0.16253252335888052,0.05846774193548387,0.1218073042431897,0.009728198412486302,36.4
10360,29,99.0,35.0,0.0,3465.0,1.2776796852903283,0.07504835589941973,0.33175141100489763,0.06854838709677419,0.9110465191585451,0.030868321885773847,99.0
10360,38,210.8,10.0,0.0,2108.0,3.3085741611405606,0.16154738878143135,-0.514343027225188,0.018145161290322582,0.4597200907387654,0.018779342723004695,210.8
10360,49,16.0,35.0,0.0,560.0,-0.23005056064499602,0.010831721470019342,0.33175141100489763,0.06854838709677419,-0.05513128081158027,0.004988819698710924,16.0
10360,54,5.9,28.0,0.0,165.20000000000002,-0.41352134960821024,0.003017408123791103,0.09484496830047366,0.05443548387096774,-0.18643833603643586,0.001471701811119723,5.9
10361,60,27.2,55.0,0.1,1346.4,-0.026597804566976354,0.019497098646034817,1.0086269615889663,0.10887096774193548,0.2064185373972,0.011994547932757837,27.2
10362,25,11.2,50.0,0.0,560.0,-0.3172445989641473,0.007117988394584138,0.839408073942949,0.09879032258064516,-0.05513128081158027,0.004988819698710924,11.2
10362,51,42.4,20.0,0.0,848.0,0.24951665011033605,0.03125725338491296,-0.17590525193315373,0.038306451612903226,0.040655020872204975,0.007554498400905114,42.4
10362,54,5.9,24.0,0.0,141.60000000000002,-0.41352134960821024,0.003017408123791103,-0.040530141816340036,0.046370967741935484,-0.1942874913133016,0.0012614586952454769,5.9
10363,31,10.0,20.0,0.0,200.0,-0.33904310854393516,0.006189555125725338,-0.17590525193315373,0.038306451612903226,-0.17486415791631182,0.0017817213209681874,10.0
10363,75,6.2,12.0,0.0,74.4,-0.40807172221326327,0.0032495164410058027,-0.44665547216678114,0.02217741935483871,-0.2166376283728515,0.0006628003314001657,6.2
10363,76,14.4,12.0,0.0,172.8,-0.2591152400847131,0.009593810444874276,-0.44665547216678114,0.02217741935483871,-0.18391064196422488,0.001539407221316514,14.4
10364,69,28.8,30.0,0.0,864.0,0.00246687487274077,0.020735009671179885,0.16253252335888052,0.05846774193548387,0.045976482076859705,0.007697036106582569,28.8
10364,71,17.2,5.0,1.0,0.0,-0.20825205106520822,0.011760154738878143,-0.6835619148712051,0.008064516129032258,-0.24138242297449602,0.0,17.2
10365,11,16.8,24.0,0.0,403.20000000000005,-0.21551822092513745,0.011450676982591878,-0.040530141816340036,0.046370967741935484,-0.10728160061719666,0.0035919501830718663,16.8
10366,65,16.8,5.0,0.0,84.0,-0.21551822092513745,0.011450676982591878,-0.6835619148712051,0.008064516129032258,-0.21344475165005866,0.0007483229548066386,16.8
10366,77,10.4,5.0,0.0,52.0,-0.3317769386840059,0.006499032882011605,-0.6835619148712051,0.008064516129032258,-0.22408767405936814,0.00046324754345172873,10.4
10367,34,11.2,36.0,0.0,403.2,-0.3172445989641473,0.007117988394584138,0.36559518853410106,0.07056451612903226,-0.10728160061719669,0.003591950183071866,11.2
10367,54,5.9,18.0,0.0,106.2,-0.41352134960821024,0.003017408123791103,-0.2435928069915606,0.034274193548387094,-0.2060612242286002,0.0009460940214341075,5.9
10367,65,16.8,15.0,0.0,252.0,-0.21551822092513745,0.011450676982591878,-0.3451241395791709,0.028225806451612902,-0.15756940900118394,0.0022449688644199163,16.8
10367,77,10.4,7.0,0.0,72.8,-0.3317769386840059,0.006499032882011605,-0.6158743598127983,0.012096774193548387,-0.21716977449331698,0.0006485465608324202,10.4
10368,21,8.0,5.0,0.1,36.0,-0.3753739578435815,0.0046421663442940036,-0.6835619148712051,0.008064516129032258,-0.22940913526402287,0.00032070983777427375,8.0
10368,28,36.4,13.0,0.1,425.88,0.14052410221139694,0.026615087040618955,-0.4128116946375777,0.024193548387096774,-0.09973842935959859,0.003793997380869658,36.4
10368,57,15.6,25.0,0.0,390.0,-0.2373167305049253,0.010522243713733075,-0.006686364287136612,0.04838709677419355,-0.11167180611103683,0.0034743565758879654,15.6
10368,64,26.6,35.0,0.1,837.9,-0.03749705935687023,0.019032882011605416,0.33175141100489763,0.06854838709677419,0.03729584848676666,0.0074645214741962205,26.6
10369,29,99.0,20.0,0.0,1980.0,1.2776796852903283,0.07504835589941973,-0.17590525193315373,0.038306451612903226,0.4171484011015275,0.017639041077585054,99.0
10369,56,30.4,18.0,0.25,410.4,0.03153155431245783,0.02197292069632495,-0.2435928069915606,0.034274193548387094,-0.10488694307510206,0.0036560921506267204,30.4
10370,1,14.4,15.0,0.15,183.6,-0.2591152400847131,0.009593810444874276,-0.3451241395791709,0.028225806451612902,-0.18031865565108293,0.001635620172648796,14.4
10370,64,26.6,30.0,0.0,798.0,-0.03749705935687023,0.019032882011605416,0.16253252335888052,0.05846774193548387,0.02402545460765892,0.007109068070663068,26.6
10370,74,8.0,20.0,0.15,136.0,-0.3753739578435815,0.0046421663442940036,-0.17590525193315373,0.038306451612903226,-0.19615000273493077,0.0012115704982583674,8.0
10371,36,15.2,6.0,0.2,72.96,-0.24458290036485458,0.010212765957446808,-0.6497181373420017,0.010080645161290322,-0.2171165598812704,0.0006499719378891947,15.2
10372,20,64.8,12.0,0.25,583.1999999999999,0.6564221622663754,0.048588007736943904,-0.44665547216678114,0.02217741935483871,-0.04741516206483093,0.005195499371943234,64.8
10372,38,210.8,40.0,0.25,6324.0,3.3085741611405606,0.16154738878143135,0.5009702986509148,0.07862903225806452,1.8619251181652883,0.056338028169014086,210.8
10372,60,27.2,70.0,0.25,1428.0,-0.026597804566976354,0.019497098646034817,1.5162836245270175,0.13911290322580644,0.23355798954093915,0.012721490231712857,27.2
10372,72,27.8,42.0,0.25,875.7,-0.015698549777082415,0.019961315280464218,0.5686578537093216,0.08266129032258064,0.0498678005827635,0.007801266803859209,27.8
10373,58,10.6,80.0,0.2,678.4000000000001,-0.3281438537540412,0.006653771760154739,1.8547213998190517,0.1592741935483871,-0.015752467897135195,0.006043598720724092,10.6
10373,71,17.2,50.0,0.2,688.0,-0.20825205106520822,0.011760154738878143,0.839408073942949,0.09879032258064516,-0.012559591174342384,0.006129121344130565,17.2
10374,31,10.0,30.0,0.0,300.0,-0.33904310854393516,0.006189555125725338,0.16253252335888052,0.05846774193548387,-0.14160502538721972,0.0026725819814522813,10.0
10374,58,10.6,15.0,0.0,159.0,-0.3281438537540412,0.006653771760154739,-0.3451241395791709,0.028225806451612902,-0.18850040225323958,0.001416468450169709,10.6
10375,14,18.6,15.0,0.0,279.0,-0.1828204565554557,0.012843326885880078,-0.3451241395791709,0.028225806451612902,-0.14858944321832906,0.0024855012427506215,18.6
10375,54,5.9,10.0,0.0,59.0,-0.41352134960821024,0.003017408123791103,-0.514343027225188,0.018145161290322582,-0.22175953478233168,0.0005256077896856153,5.9
10376,31,10.0,42.0,0.05,399.0,-0.33904310854393516,0.006189555125725338,0.5686578537093216,0.08266129032258064,-0.10867848418341855,0.003554534035331534,10.0
10377,28,36.4,20.0,0.15,618.8,0.14052410221139694,0.026615087040618955,-0.17590525193315373,0.038306451612903226,-0.035574910884474134,0.0055126457670755715,36.4
10377,39,14.4,20.0,0.15,244.79999999999998,-0.2591152400847131,0.009593810444874276,-0.17590525193315373,0.038306451612903226,-0.15996406654327858,0.0021808268968650612,14.4
10378,71,17.2,6.0,0.0,103.19999999999999,-0.20825205106520822,0.011760154738878143,-0.6497181373420017,0.010080645161290322,-0.20705899820447296,0.0009193682016195846,17.2
10379,41,7.7,8.0,0.1,55.440000000000005,-0.3808235852385285,0.004410058027079304,-0.5820305822835948,0.014112903225806451,-0.22294355990036735,0.0004938931501723816,7.7
10379,63,35.1,16.0,0.1,505.44000000000005,0.11690905016662685,0.025609284332688588,-0.31128036204996745,0.03024193548387097,-0.0732774635194529,0.004502766122350804,35.1
10379,65,16.8,20.0,0.1,302.40000000000003,-0.21551822092513745,0.011450676982591878,-0.17590525193315373,0.038306451612903226,-0.1408068062065215,0.0026939626373038996,16.8
10380,30,20.7,18.0,0.1,335.34,-0.14467306479082706,0.014468085106382977,-0.2435928069915606,0.034274193548387094,-0.1298512479514386,0.0029874121388673595,20.7
10380,53,26.2,20.0,0.1,471.6,-0.04476322921679954,0.018723404255319147,-0.17590525193315373,0.038306451612903226,-0.08453235396729768,0.004201298874842986,26.2
10380,60,27.2,6.0,0.1,146.88,-0.026597804566976354,0.019497098646034817,-0.6497181373420017,0.010080645161290322,-0.19253140911576555,0.0013084961381190367,27.2
10380,70,12.0,30.0,0.0,360.0,-0.30271225924428874,0.007736943907156673,0.16253252335888052,0.05846774193548387,-0.12164954586976447,0.003207098377742737,12.0
10381,74,8.0,14.0,0.0,112.0,-0.3753739578435815,0.0046421663442940036,-0.3789679171083743,0.02620967741935484,-0.20413219454191286,0.000997763939742185,8.0
10382,5,17.0,32.0,0.0,544.0,-0.21188513599517284,0.01160541586073501,0.23022007841728737,0.0625,-0.060452742016235,0.00484628199303347,17.0
10382,18,50.0,9.0,0.0,450.0,0.3875738774489923,0.03713733075435203,-0.5481868047543914,0.016129032258064516,-0.09171632659358157,0.004008872972178421,50.0
10382,29,99.0,14.0,0.0,1386.0,1.2776796852903283,0.07504835589941973,-0.3789679171083743,0.02620967741935484,0.21958915387872047,0.012347328754309538,99.0
10382,33,2.0,60.0,0.0,120.0,-0.4843665057425206,0.0,1.1778458492349833,0.11895161290322581,-0.2014714639395855,0.0010690327925809125,2.5
10382,74,8.0,50.0,0.0,400.0,-0.3753739578435815,0.0046421663442940036,0.839408073942949,0.09879032258064516,-0.10834589285812762,0.0035634426419363747,8.0
10383,13,4.8,20.0,0.0,96.0,-0.4335033167230157,0.0021663442940038683,-0.17590525193315373,0.038306451612903226,-0.2094536557465676,0.0008552262340647299,4.8
10383,50,13.0,15.0,0.0,195.0,-0.28454683459446556,0.00851063829787234,-0.3451241395791709,0.028225806451612902,-0.17652711454276643,0.0017371782879439827,13.0
10383,56,30.4,20.0,0.0,608.0,0.03153155431245783,0.02197292069632495,-0.17590525193315373,0.038306451612903226,-0.03916689719761606,0.005416432815743289,30.4
10384,20,64.8,28.0,0.0,1814.3999999999999,0.6564221622663754,0.048588007736943904,0.09484496830047366,0.05443548387096774,0.36207127763335095,0.016163775823823393,64.8
10384,60,27.2,15.0,0.0,408.0,-0.026597804566976354,0.019497098646034817,-0.3451241395791709,0.028225806451612902,-0.10568516225580026,0.003634711494775102,27.2
10385,7,24.0,10.0,0.2,192.0,-0.08472716344641053,0.01702127659574468,-0.514343027225188,0.018145161290322582,-0.17752488851863918,0.0017104524681294598,24.0
10385,60,27.2,20.0,0.2,435.20000000000005,-0.026597804566976354,0.019497098646034817,-0.17590525193315373,0.038306451612903226,-0.0966386782078872,0.003877025594426776,27.2
10385,68,10.0,8.0,0.2,64.0,-0.33904310854393516,0.006189555125725338,-0.5820305822835948,0.014112903225806451,-0.22009657815587708,0.0005701508227098199,10.0
10386,24,3.6,15.0,0.0,54.0,-0.45530182630280347,0.0012379110251450678,-0.3451241395791709,0.028225806451612902,-0.22342249140878628,0.00048106475666141057,3.6
10386,34,11.2,10.0,0.0,112.0,-0.3172445989641473,0.007117988394584138,-0.514343027225188,0.018145161290322582,-0.20413219454191286,0.000997763939742185,11.2
10387,24,3.6,15.0,0.0,54.0,-0.45530182630280347,0.0012379110251450678,-0.3451241395791709,0.028225806451612902,-0.22342249140878628,0.00048106475666141057,3.6
10387,28,36.4,6.0,0.0,218.39999999999998,0.14052410221139694,0.026615087040618955,-0.6497181373420017,0.010080645161290322,-0.1687444775309589,0.0019456396824972604,36.4
10387,59,44.0,12.0,0.0,528.0,0.27858132955005316,0.03249516441005803,-0.44665547216678114,0.02217741935483871,-0.06577420322088974,0.004703744287356015,44.0
10387,71,17.2,15.0,0.0,258.0,-0.20825205106520822,0.011760154738878143,-0.3451241395791709,0.028225806451612902,-0.1555738610494384,0.0022984205040489617,17.2
10388,45,7.6,15.0,0.2,91.2,-0.38264012770351075,0.004332688588007737,-0.3451241395791709,0.028225806451612902,-0.21105009410796402,0.0008124649223614934,7.6
10388,52,5.6,20.0,0.2,89.60000000000001,-0.4189709770031571,0.0027852998065764022,-0.17590525193315373,0.038306451612903226,-0.2115822402284295,0.000798211151793748,5.6
10388,53,26.2,40.0,0.0,1048.0,-0.04476322921679954,0.018723404255319147,0.5009702986509148,0.07862903225806452,0.10717328593038916,0.009336219721873302,26.2
10389,55,19.2,15.0,0.0,288.0,-0.17192120176556183,0.013307543520309478,-0.3451241395791709,0.028225806451612902,-0.14559612129071078,0.00256567870219419,19.2
10389,62,39.4,20.0,0.0,788.0,0.1950203761608665,0.028936170212765955,-0.17590525193315373,0.038306451612903226,0.020699541354749714,0.007019982004614659,39.4
10389,70,12.0,30.0,0.0,360.0,-0.30271225924428874,0.007736943907156673,0.16253252335888052,0.05846774193548387,-0.12164954586976447,0.003207098377742737,12.0
10390,31,10.0,60.0,0.1,540.0,-0.33904310854393516,0.006189555125725338,1.1778458492349833,0.11895161290322581,-0.06178310731739869,0.004810647566614106,10.0
10390,35,14.4,40.0,0.1,518.4,-0.2591152400847131,0.009593810444874276,0.5009702986509148,0.07862903225806452,-0.06896707994368259,0.004618221663949542,14.4
10390,46,9.6,45.0,0.0,432.0,-0.3463092784038644,0.005880077369439071,0.6701891862969319,0.08870967741935484,-0.09770297044881815,0.0038485180532912846,9.6
10390,72,27.8,24.0,0.1,600.48,-0.015698549777082415,0.019961315280464218,-0.040530141816340036,0.046370967741935484,-0.041667983963803785,0.0053494400940748855,27.8
10391,13,4.8,18.0,0.0,86.39999999999999,-0.4335033167230157,0.0021663442940038683,-0.2435928069915606,0.034274193548387094,-0.21264653246936047,0.0007697036106582569,4.8
10392,69,28.8,353.0,0.0,10166.4,0.00246687487274077,0.020735009671179885,11.094072665291588,0.7096774193548387,3.139874026463123,0.0905684581874549,28.8
10393,2,15.2,25.0,0.25,285.0,-0.24458290036485458,0.010212765957446808,-0.006686364287136612,0.04838709677419355,-0.14659389526658353,0.002538952882379667,15.2
10393,14,18.6,42.0,0.25,585.9000000000001,-0.1828204565554557,0.012843326885880078,0.5686578537093216,0.08266129032258064,-0.046517165486545387,0.0052195526097763055,18.6
10393,25,11.2,7.0,0.25,58.8,-0.3172445989641473,0.007117988394584138,-0.6158743598127983,0.012096774193548387,-0.2218260530473899,0.0005238260683646471,11.2
10393,26,24.9,70.0,0.25,1307.25,-0.0683782812615697,0.01771760154738878,1.5162836245270175,0.13911290322580644,0.19339758701206045,0.011645775984178314,24.9
10393,31,10.0,32.0,0.0,320.0,-0.33904310854393516,0.006189555125725338,0.23022007841728737,0.0625,-0.1349531988814013,0.0028507541135491,10.0
10394,13,4.8,10.0,0.0,48.0,-0.4335033167230157,0.0021663442940038683,-0.514343027225188,0.018145161290322582,-0.2254180393605318,0.00042761311703236495,4.8
10394,62,39.4,10.0,0.0,394.0,0.1950203761608665,0.028936170212765955,-0.514343027225188,0.018145161290322582,-0.11034144080987315,0.0035099910023073293,39.4
10395,46,9.6,28.0,0.1,241.92000000000002,-0.3463092784038644,0.005880077369439071,0.09484496830047366,0.05443548387096774,-0.16092192956011642,0.0021551701098431195,9.6
10395,53,26.2,70.0,0.1,1650.6000000000001,-0.04476322921679954,0.018723404255319147,1.5162836245270175,0.13911290322580644,0.3075928185506982,0.014704546061950452,26.2
10395,69,28.8,8.0,0.0,230.4,0.00246687487274077,0.020735009671179885,-0.5820305822835948,0.014112903225806451,-0.16475338162746783,0.002052542961755352,28.8
10396,23,7.2,40.0,0.0,288.0,-0.3899062975634401,0.0040232108317214705,0.5009702986509148,0.07862903225806452,-0.14559612129071078,0.00256567870219419,7.2
10396,71,17.2,60.0,0.0,1032.0,-0.20825205106520822,0.011760154738878143,1.1778458492349833,0.11895161290322581,0.10185182472573444,0.009193682016195847,17.2
10396,72,27.8,21.0,0.0,583.8000000000001,-0.015698549777082415,0.019961315280464218,-0.1420614744039503,0.04032258064516129,-0.04721560726965633,0.005200844535906139,27.8
10397,21,8.0,10.0,0.15,68.0,-0.3753739578435815,0.0046421663442940036,-0.514343027225188,0.018145161290322582,-0.2187662128547134,0.0006057852491291837,8.0
10397,51,42.4,18.0,0.15,648.7199999999999,0.24951665011033605,0.03125725338491296,-0.2435928069915606,0.034274193548387094,-0.02562377843176979,0.0057791912766924115,42.4
10398,35,14.4,30.0,0.0,432.0,-0.2591152400847131,0.009593810444874276,0.16253252335888052,0.05846774193548387,-0.09770297044881815,0.0038485180532912846,14.4
10398,55,19.2,120.0,0.1,2073.6,-0.17192120176556183,0.013307543520309478,3.2084725009871886,0.2399193548387097,0.4482789491487577,0.018472886655798167,19.2
10399,68,10.0,60.0,0.0,600.0,-0.33904310854393516,0.006189555125725338,1.1778458492349833,0.11895161290322581,-0.04182762779994343,0.0053451639629045625,10.0
10399,71,17.2,30.0,0.0,516.0,-0.20825205106520822,0.011760154738878143,0.16253252335888052,0.05846774193548387,-0.0697652991243808,0.004596841008097923,17.2
10399,76,14.4,35.0,0.0,504.0,-0.2591152400847131,0.009593810444874276,0.33175141100489763,0.06854838709677419,-0.07375639502787185,0.0044899377288398325,14.4
10400,29,99.0,21.0,0.0,2079.0,1.2776796852903283,0.07504835589941973,-0.1420614744039503,0.04032258064516129,0.4500749423053287,0.018520993131464308,99.0
10400,35,14.4,35.0,0.0,504.0,-0.2591152400847131,0.009593810444874276,0.33175141100489763,0.06854838709677419,-0.07375639502787185,0.0044899377288398325,14.4
10400,49,16.0,30.0,0.0,480.0,-0.23005056064499602,0.010831721470019342,0.16253252335888052,0.05846774193548387,-0.08173858683485395,0.00427613117032365,16.0
10401,30,20.7,18.0,0.0,372.59999999999997,-0.14467306479082706,0.014468085106382977,-0.2435928069915606,0.034274193548387094,-0.11745889517109888,0.0033193468209637327,20.7
10401,56,30.4,70.0,0.0,2128.0,0.03153155431245783,0.02197292069632495,1.5162836245270175,0.13911290322580644,0.4663719172445838,0.018957514855101512,30.4
10401,65,16.8,20.0,0.0,336.0,-0.21551822092513745,0.011450676982591878,-0.17590525193315373,0.038306451612903226,-0.12963173767674657,0.0029932918192265546,16.8
10401,71,17.2,60.0,0.0,1032.0,-0.20825205106520822,0.011760154738878143,1.1778458492349833,0.11895161290322581,0.10185182472573444,0.009193682016195847,17.2
10402,23,7.2,60.0,0.0,432.0,-0.3899062975634401,0.0040232108317214705,1.1778458492349833,0.11895161290322581,-0.09770297044881815,0.0038485180532912846,7.2
10402,63,35.1,65.0,0.0,2281.5,0.11690905016662685,0.025609284332688588,1.3470647368810003,0.12903225806451613,0.5174246856767402,0.0203249859689446,35.1
10403,16,13.9,21.0,0.15,248.115,-0.2681979524096247,0.00920696324951644,-0.1420614744039503,0.04032258064516129,-0.15886152629993916,0.002210358927760109,13.9
10403,48,10.2,70.0,0.15,606.9,-0.3354100236139705,0.006344294003868472,1.5162836245270175,0.13911290322580644,-0.03953274765543609,0.0054066333484779645,10.2
10404,26,24.9,30.0,0.05,709.65,-0.0683782812615697,0.01771760154738878,0.16253252335888052,0.05846774193548387,-0.005358988981793954,0.006321992677125371,24.9
10404,42,11.2,40.0,0.05,425.59999999999997,-0.3172445989641473,0.007117988394584138,0.5009702986509148,0.07862903225806452,-0.09983155493068006,0.0037915029710203023,11.2
10404,49,16.0,20.0,0.05,304.0,-0.23005056064499602,0.010831721470019342,-0.17590525193315373,0.038306451612903226,-0.14027466008605605,0.0027082164078716447,16.0
10405,3,8.0,50.0,0.0,400.0,-0.3753739578435815,0.0046421663442940036,0.839408073942949,0.09879032258064516,-0.10834589285812762,0.0035634426419363747,8.0
10406,1,14.4,10.0,0.0,144.0,-0.2591152400847131,0.009593810444874276,-0.514343027225188,0.018145161290322582,-0.1934892721326034,0.001282839351097095,14.4
10406,21,8.0,30.0,0.1,216.0,-0.3753739578435815,0.0046421663442940036,0.16253252335888052,0.05846774193548387,-0.1695426967116571,0.0019242590266456423,8.0
10406,28,36.4,42.0,0.1,1375.92,0.14052410221139694,0.026615087040618955,0.5686578537093216,0.08266129032258064,0.216236633319788,0.012257529999732742,36.4
10406,36,15.2,5.0,0.1,68.4,-0.24458290036485458,0.010212765957446808,-0.6835619148712051,0.008064516129032258,-0.21863317632459703,0.0006093486917711201,15.2
10406,40,14.7,2.0,0.1,26.46,-0.2536656126897662,0.009825918762088975,-0.7850932474588154,0.0020161290322580645,-0.23258205650729824,0.0002357217307640912,14.7
10407,11,16.8,30.0,0.0,504.0,-0.21551822092513745,0.011450676982591878,0.16253252335888052,0.05846774193548387,-0.07375639502787185,0.0044899377288398325,16.8
10407,69,28.8,15.0,0.0,432.0,0.00246687487274077,0.020735009671179885,-0.3451241395791709,0.028225806451612902,-0.09770297044881815,0.0038485180532912846,28.8
10407,71,17.2,15.0,0.0,258.0,-0.20825205106520822,0.011760154738878143,-0.3451241395791709,0.028225806451612902,-0.1555738610494384,0.0022984205040489617,17.2
10408,37,20.8,10.0,0.0,208.0,-0.14285652232584473,0.014545454545454545,-0.514343027225188,0.018145161290322582,-0.17220342731398447,0.001852990173806915,20.8
10408,54,5.9,6.0,0.0,35.400000000000006,-0.41352134960821024,0.003017408123791103,-0.6497181373420017,0.010080645161290322,-0.22960869005919743,0.0003153646738113692,5.9
10408,62,39.4,35.0,0.0,1379.0,0.1950203761608665,0.028936170212765955,0.33175141100489763,0.06854838709677419,0.217261014601684,0.012284968508075651,39.4
10409,14,18.6,12.0,0.0,223.20000000000002,-0.1828204565554557,0.012843326885880078,-0.44665547216678114,0.02217741935483871,-0.16714803916956245,0.001988400994200497,18.6
10409,21,8.0,12.0,0.0,96.0,-0.3753739578435815,0.0046421663442940036,-0.44665547216678114,0.02217741935483871,-0.2094536557465676,0.0008552262340647299,8.0
10410,33,2.0,49.0,0.0,98.0,-0.4843665057425206,0.0,0.8055642964137456,0.0967741935483871,-0.20878847309598578,0.0008730434472744118,2.5
10410,59,44.0,16.0,0.0,704.0,0.27858132955005316,0.03249516441005803,-0.31128036204996745,0.03024193548387097,-0.00723812996968765,0.006271659049808019,44.0
10411,41,7.7,25.0,0.2,154.0,-0.3808235852385285,0.004410058027079304,-0.006686364287136612,0.04838709677419355,-0.19016335887969418,0.0013719254171455043,7.7
10411,44,15.5,40.0,0.2,496.0,-0.2391332729699076,0.010444874274661509,0.5009702986509148,0.07862903225806452,-0.07641712563019921,0.004418668876001105,15.5
10411,59,44.0,9.0,0.2,316.8,0.27858132955005316,0.03249516441005803,-0.5481868047543914,0.016129032258064516,-0.13601749112233225,0.0028222465724136087,44.0
10413,1,14.4,24.0,0.0,345.6,-0.2591152400847131,0.009593810444874276,-0.040530141816340036,0.046370967741935484,-0.1264388609539537,0.003078814442633028,14.4
10413,62,39.4,40.0,0.0,1576.0,0.1950203761608665,0.028936170212765955,0.5009702986509148,0.07862903225806452,0.28278150568399546,0.014039964009229317,39.4
10413,76,14.4,14.0,0.0,201.6,-0.2591152400847131,0.009593810444874276,-0.3789679171083743,0.02620967741935484,-0.17433201179584634,0.001795975091535933,14.4
10414,19,7.3,18.0,0.05,124.83,-0.3880897550984577,0.004100580270793037,-0.2435928069915606,0.034274193548387094,-0.19986504783843034,0.001112061362482294,7.3
10414,33,2.0,50.0,0.0,100.0,-0.4843665057425206,0.0,0.839408073942949,0.09879032258064516,-0.20812329044540392,0.0008908606604840937,2.5
10415,17,31.2,2.0,0.0,62.4,0.04606389403231639,0.022591876208897486,-0.7850932474588154,0.0020161290322580645,-0.22062872427634256,0.0005558970521420745,31.2
10415,33,2.0,20.0,0.0,40.0,-0.4843665057425206,0.0,-0.17590525193315373,0.038306451612903226,-0.22807876996285917,0.0003563442641936375,2.5
10416,19,7.3,20.0,0.0,146.0,-0.3880897550984577,0.004100580270793037,-0.17590525193315373,0.038306451612903226,-0.19282408948202157,0.0013006565643067767,7.3
10416,53,26.2,10.0,0.0,262.0,-0.04476322921679954,0.018723404255319147,-0.514343027225188,0.018145161290322582,-0.15424349574827473,0.0023340549304683256,26.2
10416,57,15.6,20.0,0.0,312.0,-0.2373167305049253,0.010522243713733075,-0.17590525193315373,0.038306451612903226,-0.13761392948372866,0.0027794852607103725,15.6
10417,38,210.8,50.0,0.0,10540.0,3.3085741611405606,0.16154738878143135,0.839408073942949,0.09879032258064516,3.2641301455918112,0.09389671361502347,210.8
10417,46,9.6,2.0,0.25,14.399999999999999,-0.3463092784038644,0.005880077369439071,-0.7850932474588154,0.0020161290322580645,-0.23659310789030677,0.00012828393510970948,9.6
10417,68,10.0,36.0,0.25,270.0,-0.33904310854393516,0.006189555125725338,0.36559518853410106,0.07056451612903226,-0.15158276514594735,0.002405323783307053,10.0
10417,77,10.4,35.0,0.0,364.0,-0.3317769386840059,0.006499032882011605,0.33175141100489763,0.06854838709677419,-0.12031918056860079,0.003242732804162101,10.4
10418,2,15.2,60.0,0.0,912.0,-0.24458290036485458,0.010212765957446808,1.1778458492349833,0.11895161290322581,0.06194086569082392,0.008124649223614935,15.2
10418,47,7.6,55.0,0.0,418.0,-0.38264012770351075,0.004332688588007737,1.0086269615889663,0.10887096774193548,-0.10235924900289105,0.003723797560823512,7.6
10418,61,22.8,16.0,0.0,364.8,-0.10652567302619834,0.016092843326885882,-0.31128036204996745,0.03024193548387097,-0.12005310750836805,0.0032498596894459737,22.8
10418,74,8.0,15.0,0.0,120.0,-0.3753739578435815,0.0046421663442940036,-0.3451241395791709,0.028225806451612902,-0.2014714639395855,0.0010690327925809125,8.0
10419,60,27.2,60.0,0.05,1550.3999999999999,-0.026597804566976354,0.019497098646034817,1.1778458492349833,0.11895161290322581,0.2742671677565478,0.013811903680145387,27.2
10419,69,28.8,20.0,0.05,547.1999999999999,0.00246687487274077,0.020735009671179885,-0.17590525193315373,0.038306451612903226,-0.05938844977530408,0.00487478953416896,28.8
10420,9,77.6,20.0,0.1,1396.8,0.8889395977841121,0.05849129593810445,-0.17590525193315373,0.038306451612903226,0.2231811401918624,0.01244354170564182,77.6
10420,13,4.8,2.0,0.1,8.64,-0.4335033167230157,0.0021663442940038683,-0.7850932474588154,0.0020161290322580645,-0.23850883392398248,7.697036106582569e-05,4.8
10420,70,12.0,8.0,0.1,86.4,-0.30271225924428874,0.007736943907156673,-0.5820305822835948,0.014112903225806451,-0.21264653246936047,0.000769703610658257,12.0
10420,73,12.0,20.0,0.1,216.0,-0.30271225924428874,0.007736943907156673,-0.17590525193315373,0.038306451612903226,-0.1695426967116571,0.0019242590266456423,12.0
10421,19,7.3,4.0,0.15,24.82,-0.3880897550984577,0.004100580270793037,-0.7174056924004085,0.006048387096774193,-0.23312750628077533,0.00022111161593215206,7.3
10421,26,24.9,30.0,0.0,747.0,-0.0683782812615697,0.01771760154738878,0.16253252335888052,0.05846774193548387,0.007063297017821953,0.00665472913381618,24.9
10421,53,26.2,15.0,0.15,334.05,-0.04476322921679954,0.018723404255319147,-0.3451241395791709,0.028225806451612902,-0.13028029076106387,0.002975920036347115,26.2
10421,77,10.4,10.0,0.15,88.39999999999999,-0.3317769386840059,0.006499032882011605,-0.514343027225188,0.018145161290322582,-0.2119813498187786,0.0007875208238679387,10.4
10422,26,24.9,2.0,0.0,49.8,-0.0683782812615697,0.01771760154738878,-0.7850932474588154,0.0020161290322580645,-0.22481937497500817,0.00044364860892107864,24.9
10423,31,10.0,14.0,0.0,140.0,-0.33904310854393516,0.006189555125725338,-0.3789679171083743,0.02620967741935484,-0.1948196374337671,0.001247204924677731,10.0
10423,59,44.0,20.0,1.0,0.0,0.27858132955005316,0.03249516441005803,-0.17590525193315373,0.038306451612903226,-0.24138242297449602,0.0,44.0
10424,35,14.4,60.0,0.2,691.2,-0.2591152400847131,0.009593810444874276,1.1778458492349833,0.11895161290322581,-0.011495298933411422,0.006157628885266056,14.4
10424,38,210.8,49.0,0.2,8263.36,3.3085741611405606,0.16154738878143135,0.8055642964137456,0.0967741935483871,2.5069394307814887,0.0736150234741784,210.8
10424,68,10.0,30.0,0.2,240.0,-0.33904310854393516,0.006189555125725338,0.16253252335888052,0.05846774193548387,-0.161560504904675,0.002138065585161825,10.0
10425,55,19.2,10.0,0.25,144.0,-0.17192120176556183,0.013307543520309478,-0.514343027225188,0.018145161290322582,-0.1934892721326034,0.001282839351097095,19.2
10425,76,14.4,20.0,0.25,216.0,-0.2591152400847131,0.009593810444874276,-0.17590525193315373,0.038306451612903226,-0.1695426967116571,0.0019242590266456423,14.4
10426,56,30.4,5.0,0.0,152.0,0.03153155431245783,0.02197292069632495,-0.6835619148712051,0.008064516129032258,-0.19082854153027604,0.0013541082039358224,30.4
10426,64,26.6,7.0,0.0,186.20000000000002,-0.03749705935687023,0.019032882011605416,-0.6158743598127983,0.012096774193548387,-0.17945391820532652,0.0016587825498213826,26.6
10427,14,18.6,35.0,0.0,651.0,-0.1828204565554557,0.012843326885880078,0.33175141100489763,0.06854838709677419,-0.02486547021010646,0.00579950289975145,18.6
10428,46,9.6,20.0,0.0,192.0,-0.3463092784038644,0.005880077369439071,-0.17590525193315373,0.038306451612903226,-0.17752488851863918,0.0017104524681294598,9.6
10429,50,13.0,40.0,0.0,520.0,-0.28454683459446556,0.00851063829787234,0.5009702986509148,0.07862903225806452,-0.06843493382321711,0.004632475434517287,13.0
10429,63,35.1,35.0,0.25,921.375,0.11690905016662685,0.025609284332688588,0.33175141100489763,0.06854838709677419,0.0650589093654263,0.008208167410535318,35.1
10430,17,31.2,45.0,0.2,1123.2,0.04606389403231639,0.022591876208897486,0.6701891862969319,0.08870967741935484,0.13218415359226643,0.01000614693855734,31.2
10430,21,8.0,50.0,0.0,400.0,-0.3753739578435815,0.0046421663442940036,0.839408073942949,0.09879032258064516,-0.10834589285812762,0.0035634426419363747,8.0
10430,56,30.4,30.0,0.0,912.0,0.03153155431245783,0.02197292069632495,0.16253252335888052,0.05846774193548387,0.06194086569082392,0.008124649223614935,30.4
10430,59,44.0,70.0,0.2,2464.0,0.27858132955005316,0.03249516441005803,1.5162836245270175,0.13911290322580644,0.5781226025423333,0.02195080667432807,44.0
10431,17,31.2,50.0,0.25,1170.0,0.04606389403231639,0.022591876208897486,0.839408073942949,0.09879032258064516,0.14774942761588153,0.010423069727663896,31.2
10431,40,14.7,50.0,0.25,551.25,-0.2536656126897662,0.009825918762088975,0.839408073942949,0.09879032258064516,-0.05804145490787583,0.004910869390918567,14.7
10431,47,7.6,30.0,0.25,171.0,-0.38264012770351075,0.004332688588007737,0.16253252335888052,0.05846774193548387,-0.18450930634974852,0.0015233717294278002,7.6
10432,26,24.9,10.0,0.0,249.0,-0.0683782812615697,0.01771760154738878,-0.514343027225188,0.018145161290322582,-0.1585671829770567,0.002218243044605393,24.9
10432,54,5.9,40.0,0.0,236.0,-0.41352134960821024,0.003017408123791103,0.5009702986509148,0.07862903225806452,-0.16289087020583867,0.002102431158742461,5.9
10433,56,30.4,28.0,0.0,851.1999999999999,0.03153155431245783,0.02197292069632495,0.09484496830047366,0.05443548387096774,0.0417193131131359,0.007583005942040605,30.4
10434,11,16.8,6.0,0.0,100.80000000000001,-0.21551822092513745,0.011450676982591878,-0.6497181373420017,0.010080645161290322,-0.2078572173851712,0.0008979875457679666,16.8
10434,76,14.4,18.0,0.15,220.32,-0.2591152400847131,0.009593810444874276,-0.2435928069915606,0.034274193548387094,-0.1681059021864003,0.0019627442071785553,14.4
10435,2,15.2,10.0,0.0,152.0,-0.24458290036485458,0.010212765957446808,-0.514343027225188,0.018145161290322582,-0.19082854153027604,0.0013541082039358224,15.2
10435,22,16.8,12.0,0.0,201.60000000000002,-0.21551822092513745,0.011450676982591878,-0.44665547216678114,0.02217741935483871,-0.17433201179584634,0.0017959750915359331,16.8
10435,72,27.8,10.0,0.0,278.0,-0.015698549777082415,0.019961315280464218,-0.514343027225188,0.018145161290322582,-0.14892203454362,0.0024765926361457803,27.8
10436,46,9.6,5.0,0.0,48.0,-0.3463092784038644,0.005880077369439071,-0.6835619148712051,0.008064516129032258,-0.2254180393605318,0.00042761311703236495,9.6
10436,56,30.4,40.0,0.1,1094.4,0.03153155431245783,0.02197292069632495,0.5009702986509148,0.07862903225806452,0.12260552342388793,0.009749579068337922,30.4
10436,64,26.6,30.0,0.1,718.2,-0.03749705935687023,0.019032882011605416,0.16253252335888052,0.05846774193548387,-0.0025153331505565566,0.006398161263596761,26.6
10436,75,6.2,24.0,0.1,133.92000000000002,-0.40807172221326327,0.0032495164410058027,-0.040530141816340036,0.046370967741935484,-0.19684179269153587,0.0011930405965202985,6.2
10437,53,26.2,15.0,0.0,393.0,-0.04476322921679954,0.018723404255319147,-0.3451241395791709,0.028225806451612902,-0.11067403213516408,0.003501082395702488,26.2
10438,19,7.3,15.0,0.2,87.60000000000001,-0.3880897550984577,0.004100580270793037,-0.3451241395791709,0.028225806451612902,-0.21224742287901133,0.0007803939385840661,7.3
10438,34,11.2,20.0,0.2,179.20000000000002,-0.3172445989641473,0.007117988394584138,-0.17590525193315373,0.038306451612903226,-0.18178205748236295,0.001596422303587496,11.2
10438,57,15.6,15.0,0.2,187.20000000000002,-0.2373167305049253,0.010522243713733075,-0.3451241395791709,0.028225806451612902,-0.1791213268800356,0.0016676911564262235,15.6
10439,12,30.4,15.0,0.0,456.0,0.03153155431245783,0.02197292069632495,-0.3451241395791709,0.028225806451612902,-0.08972077864183606,0.0040623246118074675,30.4
10439,16,13.9,16.0,0.0,222.4,-0.2681979524096247,0.00920696324951644,-0.31128036204996745,0.03024193548387097,-0.16741411222979521,0.0019812741089166243,13.9
10439,64,26.6,6.0,0.0,159.60000000000002,-0.03749705935687023,0.019032882011605416,-0.6497181373420017,0.010080645161290322,-0.18830084745806502,0.0014218136141326138,26.6
10439,74,8.0,30.0,0.0,240.0,-0.3753739578435815,0.0046421663442940036,0.16253252335888052,0.05846774193548387,-0.161560504904675,0.002138065585161825,8.0
10440,2,15.2,45.0,0.15,581.4,-0.24458290036485458,0.010212765957446808,0.6701891862969319,0.08870967741935484,-0.04801382645035457,0.00517946388005452,15.2
10440,16,13.9,49.0,0.15,578.9350000000001,-0.2681979524096247,0.00920696324951644,0.8055642964137456,0.0967741935483871,-0.048833664067196664,0.005157504164773588,13.9
10440,29,99.0,24.0,0.15,2019.6,1.2776796852903283,0.07504835589941973,-0.040530141816340036,0.046370967741935484,0.43031901758304797,0.017991821899136756,99.0
10440,61,22.8,90.0,0.15,1744.2,-0.10652567302619834,0.016092843326885882,2.193159175111086,0.17943548387096775,0.33872336659792834,0.015538391640163563,22.8
10441,27,35.1,50.0,0.0,1755.0,0.11690905016662685,0.025609284332688588,0.839408073942949,0.09879032258064516,0.3423153529110703,0.015634604591495845,35.1
10442,11,16.8,30.0,0.0,504.0,-0.21551822092513745,0.011450676982591878,0.16253252335888052,0.05846774193548387,-0.07375639502787185,0.0044899377288398325,16.8
10442,54,5.9,80.0,0.0,472.0,-0.41352134960821024,0.003017408123791103,1.8547213998190517,0.1592741935483871,-0.08439931743718132,0.004204862317484922,5.9
10442,66,13.6,60.0,0.0,816.0,-0.27364757980457166,0.00897485493230174,1.1778458492349833,0.11895161290322581,0.0300120984628955,0.007269422989550204,13.6
10443,11,16.8,6.0,0.2,80.64000000000001,-0.21551822092513745,0.011450676982591878,-0.6497181373420017,0.010080645161290322,-0.21456225850303615,0.0007183900366143733,16.8
10443,28,36.4,12.0,0.0,436.79999999999995,0.14052410221139694,0.026615087040618955,-0.44665547216678114,0.02217741935483871,-0.09610653208742174,0.003891279364994521,36.4
10444,17,31.2,10.0,0.0,312.0,0.04606389403231639,0.022591876208897486,-0.514343027225188,0.018145161290322582,-0.13761392948372866,0.0027794852607103725,31.2
10444,26,24.9,15.0,0.0,373.5,-0.0683782812615697,0.01771760154738878,-0.3451241395791709,0.028225806451612902,-0.11715956297833703,0.00332736456690809,24.9
10444,35,14.4,8.0,0.0,115.2,-0.2591152400847131,0.009593810444874276,-0.5820305822835948,0.014112903225806451,-0.2030679023009819,0.001026271480877676,14.4
10444,41,7.7,30.0,0.0,231.0,-0.3808235852385285,0.004410058027079304,0.16253252335888052,0.05846774193548387,-0.16455382683229328,0.0020578881257182565,7.7
10445,39,14.4,6.0,0.0,86.4,-0.2591152400847131,0.009593810444874276,-0.6497181373420017,0.010080645161290322,-0.21264653246936047,0.000769703610658257,14.4
10445,54,5.9,15.0,0.0,88.5,-0.41352134960821024,0.003017408123791103,-0.3451241395791709,0.028225806451612902,-0.2119480906862495,0.0007884116845284229,5.9
10446,19,7.3,12.0,0.1,78.84,-0.3880897550984577,0.004100580270793037,-0.44665547216678114,0.02217741935483871,-0.21516092288855979,0.0007023545447256595,7.3
10446,24,3.6,20.0,0.1,64.8,-0.45530182630280347,0.0012379110251450678,-0.17590525193315373,0.038306451612903226,-0.21983050509564436,0.0005772777079936927,3.6
10446,31,10.0,3.0,0.1,27.0,-0.33904310854393516,0.006189555125725338,-0.751249469929612,0.004032258064516129,-0.23240245719164115,0.00024053237833070529,10.0
10446,52,5.6,15.0,0.1,75.60000000000001,-0.4189709770031571,0.0027852998065764022,-0.3451241395791709,0.028225806451612902,-0.2162385187825024,0.0006734906593259749,5.6
10447,19,7.3,40.0,0.0,292.0,-0.3880897550984577,0.004100580270793037,0.5009702986509148,0.07862903225806452,-0.1442657559895471,0.0026013131286135535,7.3
10447,65,16.8,35.0,0.0,588.0,-0.21551822092513745,0.011450676982591878,0.33175141100489763,0.06854838709677419,-0.04581872370343448,0.005238260683646471,16.8
10447,71,17.2,310.0,0.0,5332.0,-0.20825205106520822,0.011760154738878143,9.63879023153584,0.6229838709677419,1.5319945234766945,0.047500690417011875,17.2
10448,26,24.9,6.0,0.0,149.39999999999998,-0.0683782812615697,0.01771760154738878,-0.6497181373420017,0.010080645161290322,-0.19169327897603244,0.0013309458267632358,24.9
10448,40,14.7,20.0,0.0,294.0,-0.2536656126897662,0.009825918762088975,-0.17590525193315373,0.038306451612903226,-0.14360057333896525,0.0026191303418232354,14.7
10449,10,24.8,14.0,0.0,347.2,-0.07019482372655197,0.017640232108317215,-0.3789679171083743,0.02620967741935484,-0.12590671483348825,0.003093068213200773,24.8
10449,52,5.6,20.0,0.0,112.0,-0.4189709770031571,0.0027852998065764022,-0.17590525193315373,0.038306451612903226,-0.20413219454191286,0.000997763939742185,5.6
10449,62,39.4,35.0,0.0,1379.0,0.1950203761608665,0.028936170212765955,0.33175141100489763,0.06854838709677419,0.217261014601684,0.012284968508075651,39.4
10450,10,24.8,20.0,0.2,396.8,-0.07019482372655197,0.017640232108317215,-0.17590525193315373,0.038306451612903226,-0.10941018509905857,0.003534935100800884,24.8
10450,54,5.9,6.0,0.2,28.320000000000007,-0.41352134960821024,0.003017408123791103,-0.6497181373420017,0.010080645161290322,-0.23196343664225713,0.0002522917390490954,5.9
10451,55,19.2,120.0,0.1,2073.6,-0.17192120176556183,0.013307543520309478,3.2084725009871886,0.2399193548387097,0.4482789491487577,0.018472886655798167,19.2
10451,64,26.6,35.0,0.1,837.9,-0.03749705935687023,0.019032882011605416,0.33175141100489763,0.06854838709677419,0.03729584848676666,0.0074645214741962205,26.6
10451,65,16.8,28.0,0.1,423.36,-0.21551822092513745,0.011450676982591878,0.09484496830047366,0.05443548387096774,-0.10057655949933171,0.0037715476922254593,16.8
10451,77,10.4,55.0,0.1,514.8000000000001,-0.3317769386840059,0.006499032882011605,1.0086269615889663,0.10887096774193548,-0.07016440871472987,0.004586150680172115,10.4
10452,28,36.4,15.0,0.0,546.0,0.14052410221139694,0.026615087040618955,-0.3451241395791709,0.028225806451612902,-0.059787559365653165,0.004864099206243151,36.4
10452,44,15.5,100.0,0.05,1472.5,-0.2391332729699076,0.010444874274661509,2.53159695040312,0.19959677419354838,0.24835830351638513,0.01311792322562828,15.5
10453,48,10.2,15.0,0.1,137.70000000000002,-0.3354100236139705,0.006344294003868472,-0.3451241395791709,0.028225806451612902,-0.19558459748193618,0.0012267151294865972,10.2
10453,70,12.0,25.0,0.1,270.0,-0.30271225924428874,0.007736943907156673,-0.006686364287136612,0.04838709677419355,-0.15158276514594735,0.002405323783307053,12.0
10454,16,13.9,20.0,0.2,222.4,-0.2681979524096247,0.00920696324951644,-0.17590525193315373,0.038306451612903226,-0.16741411222979521,0.0019812741089166243,13.9
10454,33,2.0,20.0,0.2,32.0,-0.4843665057425206,0.0,-0.17590525193315373,0.038306451612903226,-0.23073950056518655,0.00028507541135490996,2.5
10454,46,9.6,10.0,0.2,76.80000000000001,-0.3463092784038644,0.005880077369439071,-0.514343027225188,0.018145161290322582,-0.2158394091921533,0.0006841809872517841,9.6
10455,39,14.4,20.0,0.0,288.0,-0.2591152400847131,0.009593810444874276,-0.17590525193315373,0.038306451612903226,-0.14559612129071078,0.00256567870219419,14.4
10455,53,26.2,50.0,0.0,1310.0,-0.04476322921679954,0.018723404255319147,0.839408073942949,0.09879032258064516,0.19431221315661046,0.011670274652341626,26.2
10455,61,22.8,25.0,0.0,570.0,-0.10652567302619834,0.016092843326885882,-0.006686364287136612,0.04838709677419355,-0.05180536755867106,0.005077905764759334,22.8
10455,71,17.2,30.0,0.0,516.0,-0.20825205106520822,0.011760154738878143,0.16253252335888052,0.05846774193548387,-0.0697652991243808,0.004596841008097923,17.2
10456,21,8.0,40.0,0.15,272.0,-0.3753739578435815,0.0046421663442940036,0.5009702986509148,0.07862903225806452,-0.15091758249536552,0.002423140996516735,8.0
10456,49,16.0,21.0,0.15,285.59999999999997,-0.23005056064499602,0.010831721470019342,-0.1420614744039503,0.04032258064516129,-0.146394340471409,0.0025442980463425712,16.0
10457,59,44.0,36.0,0.0,1584.0,0.27858132955005316,0.03249516441005803,0.36559518853410106,0.07056451612903226,0.2854422362863228,0.014111232862068043,44.0
10458,26,24.9,30.0,0.0,747.0,-0.0683782812615697,0.01771760154738878,0.16253252335888052,0.05846774193548387,0.007063297017821953,0.00665472913381618,24.9
10458,28,36.4,30.0,0.0,1092.0,0.14052410221139694,0.026615087040618955,0.16253252335888052,0.05846774193548387,0.1218073042431897,0.009728198412486302,36.4
10458,43,36.8,20.0,0.0,736.0,0.1477902720713262,0.02692456479690522,-0.17590525193315373,0.038306451612903226,0.003404792439621822,0.00655673446116293,36.8
10458,56,30.4,15.0,0.0,456.0,0.03153155431245783,0.02197292069632495,-0.3451241395791709,0.028225806451612902,-0.08972077864183606,0.0040623246118074675,30.4
10458,71,17.2,50.0,0.0,860.0,-0.20825205106520822,0.011760154738878143,0.839408073942949,0.09879032258064516,0.04464611677569602,0.007661401680163205,17.2
10459,7,24.0,16.0,0.05,364.79999999999995,-0.08472716344641053,0.01702127659574468,-0.31128036204996745,0.03024193548387097,-0.12005310750836806,0.0032498596894459733,24.0
10459,46,9.6,20.0,0.05,182.39999999999998,-0.3463092784038644,0.005880077369439071,-0.17590525193315373,0.038306451612903226,-0.18071776524143204,0.0016249298447229867,9.6
10459,72,27.8,40.0,0.0,1112.0,-0.015698549777082415,0.019961315280464218,0.5009702986509148,0.07862903225806452,0.1284591307490081,0.009906370544583121,27.8
10460,68,10.0,21.0,0.25,157.5,-0.33904310854393516,0.006189555125725338,-0.1420614744039503,0.04032258064516129,-0.18899928924117596,0.0014031055402624476,10.0
10460,75,6.2,4.0,0.25,18.6,-0.40807172221326327,0.0032495164410058027,-0.7174056924004085,0.006048387096774193,-0.23519622432408488,0.00016570008285004143,6.2
10461,21,8.0,40.0,0.25,240.0,-0.3753739578435815,0.0046421663442940036,0.5009702986509148,0.07862903225806452,-0.161560504904675,0.002138065585161825,8.0
10461,30,20.7,28.0,0.25,434.70000000000005,-0.14467306479082706,0.014468085106382977,0.09484496830047366,0.05443548387096774,-0.09680497387053265,0.0038725712911243555,20.7
10461,55,19.2,60.0,0.25,864.0,-0.17192120176556183,0.013307543520309478,1.1778458492349833,0.11895161290322581,0.045976482076859705,0.007697036106582569,19.2
10462,13,4.8,1.0,0.0,4.8,-0.4335033167230157,0.0021663442940038683,-0.8189370249880189,0.0,-0.2397859846130996,4.27613117032365e-05,4.8
10462,23,7.2,21.0,0.0,151.20000000000002,-0.3899062975634401,0.0040232108317214705,-0.1420614744039503,0.04032258064516129,-0.19109461459050875,0.0013469813186519498,7.2
10463,19,7.3,21.0,0.0,153.29999999999998,-0.3880897550984577,0.004100580270793037,-0.1420614744039503,0.04032258064516129,-0.19039617280739785,0.0013656893925221155,7.3
10463,42,11.2,50.0,0.0,560.0,-0.3172445989641473,0.007117988394584138,0.839408073942949,0.09879032258064516,-0.05513128081158027,0.004988819698710924,11.2
10464,4,17.6,16.0,0.2,225.28000000000003,-0.20098588120527888,0.012069632495164411,-0.31128036204996745,0.03024193548387097,-0.16645624921295732,0.0020069308959385665,17.6
10464,43,36.8,3.0,0.0,110.39999999999999,0.1477902720713262,0.02692456479690522,-0.751249469929612,0.004032258064516129,-0.20466434066237835,0.0009835101691744394,36.8
10464,56,30.4,30.0,0.2,729.6,0.03153155431245783,0.02197292069632495,0.16253252335888052,0.05846774193548387,0.001276207957759935,0.0064997193788919475,30.4
10464,60,27.2,20.0,0.0,544.0,-0.026597804566976354,0.019497098646034817,-0.17590525193315373,0.038306451612903226,-0.060452742016235,0.00484628199303347,27.2
10465,24,3.6,25.0,0.0,90.0,-0.45530182630280347,0.0012379110251450678,-0.006686364287136612,0.04838709677419355,-0.21144920369831313,0.0008017745944356843,3.6
10465,29,99.0,18.0,0.1,1603.8,1.2776796852903283,0.07504835589941973,-0.2435928069915606,0.034274193548387094,0.292027544527083,0.014287623272843894,99.0
10465,40,14.7,20.0,0.0,294.0,-0.2536656126897662,0.009825918762088975,-0.17590525193315373,0.038306451612903226,-0.14360057333896525,0.0026191303418232354,14.7
10465,45,7.6,30.0,0.1,205.20000000000002,-0.38264012770351075,0.004332688588007737,0.16253252335888052,0.05846774193548387,-0.173134683024799,0.0018280460753133604,7.6
10465,50,13.0,25.0,0.0,325.0,-0.28454683459446556,0.00851063829787234,-0.006686364287136612,0.04838709677419355,-0.1332902422549467,0.0028952971465733045,13.0
10466,11,16.8,10.0,0.0,168.0,-0.21551822092513745,0.011450676982591878,-0.514343027225188,0.018145161290322582,-0.1855070803256213,0.0014966459096132773,16.8
10466,46,9.6,5.0,0.0,48.0,-0.3463092784038644,0.005880077369439071,-0.6835619148712051,0.008064516129032258,-0.2254180393605318,0.00042761311703236495,9.6
10467,24,3.6,28.0,0.0,100.8,-0.45530182630280347,0.0012379110251450678,0.09484496830047366,0.05443548387096774,-0.2078572173851712,0.0008979875457679665,3.6
10467,25,11.2,12.0,0.0,134.39999999999998,-0.3172445989641473,0.007117988394584138,-0.44665547216678114,0.02217741935483871,-0.19668214885539625,0.0011973167276906217,11.2
10468,30,20.7,8.0,0.0,165.6,-0.14467306479082706,0.014468085106382977,-0.5820305822835948,0.014112903225806451,-0.1863052995063195,0.0014752652537616592,20.7
10468,43,36.8,15.0,0.0,552.0,0.1477902720713262,0.02692456479690522,-0.3451241395791709,0.028225806451612902,-0.05779201141390764,0.0049175508458721975,36.8
10469,2,15.2,40.0,0.15,516.8,-0.24458290036485458,0.010212765957446808,0.5009702986509148,0.07862903225806452,-0.06949922606414807,0.004603967893381796,15.2
10469,16,13.9,35.0,0.15,413.525,-0.2681979524096247,0.00920696324951644,0.33175141100489763,0.06854838709677419,-0.10384759518356793,0.0036839315462668483,13.9
10469,44,15.5,2.0,0.15,26.349999999999998,-0.2391332729699076,0.010444874274661509,-0.7850932474588154,0.0020161290322580645,-0.23261864155308024,0.00023474178403755868,15.5
10470,18,50.0,30.0,0.0,1500.0,0.3875738774489923,0.03713733075435203,0.16253252335888052,0.05846774193548387,0.25750456496188545,0.013362909907261406,50.0
10470,23,7.2,15.0,0.0,108.0,-0.3899062975634401,0.0040232108317214705,-0.3451241395791709,0.028225806451612902,-0.20546255984307654,0.0009621295133228211,7.2
10470,64,26.6,8.0,0.0,212.8,-0.03749705935687023,0.019032882011605416,-0.5820305822835948,0.014112903225806451,-0.17060698895258805,0.0018957514855101514,26.6
10471,7,24.0,30.0,0.0,720.0,-0.08472716344641053,0.01702127659574468,0.16253252335888052,0.05846774193548387,-0.0019166687650329138,0.006414196755485474,24.0
10471,56,30.4,20.0,0.0,608.0,0.03153155431245783,0.02197292069632495,-0.17590525193315373,0.038306451612903226,-0.03916689719761606,0.005416432815743289,30.4
10472,24,3.6,80.0,0.05,273.59999999999997,-0.45530182630280347,0.0012379110251450678,1.8547213998190517,0.1592741935483871,-0.15038543637490004,0.00243739476708448,3.6
10472,51,42.4,18.0,0.0,763.1999999999999,0.24951665011033605,0.03125725338491296,-0.2435928069915606,0.034274193548387094,0.01245127648753485,0.0067990485608146025,42.4
10473,33,2.0,12.0,0.0,24.0,-0.4843665057425206,0.0,-0.44665547216678114,0.02217741935483871,-0.2334002311675139,0.00021380655851618247,2.5
10473,71,17.2,12.0,0.0,206.39999999999998,-0.20825205106520822,0.011760154738878143,-0.44665547216678114,0.02217741935483871,-0.17273557343444992,0.0018387364032391692,17.2
10474,14,18.6,12.0,0.0,223.20000000000002,-0.1828204565554557,0.012843326885880078,-0.44665547216678114,0.02217741935483871,-0.16714803916956245,0.001988400994200497,18.6
10474,28,36.4,18.0,0.0,655.1999999999999,0.14052410221139694,0.026615087040618955,-0.2435928069915606,0.034274193548387094,-0.023468586643884615,0.005836919047491781,36.4
10474,40,14.7,21.0,0.0,308.7,-0.2536656126897662,0.009825918762088975,-0.1420614744039503,0.04032258064516129,-0.1387114808571887,0.002750086858914397,14.7
10474,75,6.2,10.0,0.0,62.0,-0.40807172221326327,0.0032495164410058027,-0.514343027225188,0.018145161290322582,-0.22076176080645893,0.0005523336095001381,6.2
10475,31,10.0,35.0,0.15,297.5,-0.33904310854393516,0.006189555125725338,0.33175141100489763,0.06854838709677419,-0.14243650370044703,0.0026503104649401787,10.0
10475,66,13.6,60.0,0.15,693.6,-0.27364757980457166,0.00897485493230174,1.1778458492349833,0.11895161290322581,-0.01069707975271322,0.006179009541117674,13.6
10475,76,14.4,42.0,0.15,514.08,-0.2591152400847131,0.009593810444874276,0.5686578537093216,0.08266129032258064,-0.07040387446893935,0.004579736483416629,14.4
10476,55,19.2,2.0,0.0,38.4,-0.17192120176556183,0.013307543520309478,-0.7850932474588154,0.0020161290322580645,-0.22861091608332465,0.000342090493625892,19.2
10476,70,12.0,12.0,0.0,144.0,-0.30271225924428874,0.007736943907156673,-0.44665547216678114,0.02217741935483871,-0.1934892721326034,0.001282839351097095,12.0
10477,1,14.4,15.0,0.0,216.0,-0.2591152400847131,0.009593810444874276,-0.3451241395791709,0.028225806451612902,-0.1695426967116571,0.0019242590266456423,14.4
10477,21,8.0,21.0,0.25,126.0,-0.3753739578435815,0.0046421663442940036,-0.1420614744039503,0.04032258064516129,-0.19947591598783998,0.0011224844322099581,8.0
10477,39,14.4,20.0,0.25,216.0,-0.2591152400847131,0.009593810444874276,-0.17590525193315373,0.038306451612903226,-0.1695426967116571,0.0019242590266456423,14.4
10478,10,24.8,20.0,0.05,471.2,-0.07019482372655197,0.017640232108317215,-0.17590525193315373,0.038306451612903226,-0.08466539049741406,0.0041977354322010494,24.8
10479,38,210.8,30.0,0.0,6324.0,3.3085741611405606,0.16154738878143135,0.16253252335888052,0.05846774193548387,1.8619251181652883,0.056338028169014086,210.8
10479,53,26.2,28.0,0.0,733.6,-0.04476322921679954,0.018723404255319147,0.09484496830047366,0.05443548387096774,0.002606573258923619,0.006535353805311311,26.2
10479,59,44.0,60.0,0.0,2640.0,0.27858132955005316,0.03249516441005803,1.1778458492349833,0.11895161290322581,0.6366586757935354,0.023518721436780073,44.0
10479,64,26.6,30.0,0.0,798.0,-0.03749705935687023,0.019032882011605416,0.16253252335888052,0.05846774193548387,0.02402545460765892,0.007109068070663068,26.6
10480,47,7.6,30.0,0.0,228.0,-0.38264012770351075,0.004332688588007737,0.16253252335888052,0.05846774193548387,-0.16555160080816603,0.0020311623059037338,7.6
10480,59,44.0,12.0,0.0,528.0,0.27858132955005316,0.03249516441005803,-0.44665547216678114,0.02217741935483871,-0.06577420322088974,0.004703744287356015,44.0
10481,49,16.0,24.0,0.0,384.0,-0.23005056064499602,0.010831721470019342,-0.040530141816340036,0.046370967741935484,-0.11366735406278236,0.0034209049362589196,16.0
10481,60,27.2,40.0,0.0,1088.0,-0.026597804566976354,0.019497098646034817,0.5009702986509148,0.07862903225806452,0.120476938942026,0.00969256398606694,27.2
10482,40,14.7,10.0,0.0,147.0,-0.2536656126897662,0.009825918762088975,-0.514343027225188,0.018145161290322582,-0.19249149815673064,0.0013095651709116177,14.7
10483,34,11.2,35.0,0.05,372.4,-0.3172445989641473,0.007117988394584138,0.33175141100489763,0.06854838709677419,-0.11752541343615705,0.0033175650996427647,11.2
10483,77,10.4,30.0,0.05,296.4,-0.3317769386840059,0.006499032882011605,0.16253252335888052,0.05846774193548387,-0.14280235415826706,0.0026405109976748533,10.4
10484,21,8.0,14.0,0.0,112.0,-0.3753739578435815,0.0046421663442940036,-0.3789679171083743,0.02620967741935484,-0.20413219454191286,0.000997763939742185,8.0
10484,40,14.7,10.0,0.0,147.0,-0.2536656126897662,0.009825918762088975,-0.514343027225188,0.018145161290322582,-0.19249149815673064,0.0013095651709116177,14.7
10484,51,42.4,3.0,0.0,127.19999999999999,0.24951665011033605,0.03125725338491296,-0.751249469929612,0.004032258064516129,-0.19907680639749087,0.001133174760135767,42.4
10485,2,15.2,20.0,0.1,273.6,-0.24458290036485458,0.010212765957446808,-0.17590525193315373,0.038306451612903226,-0.15038543637490004,0.0024373947670844804,15.2
10485,3,8.0,20.0,0.1,144.0,-0.3753739578435815,0.0046421663442940036,-0.17590525193315373,0.038306451612903226,-0.1934892721326034,0.001282839351097095,8.0
10485,55,19.2,30.0,0.1,518.4,-0.17192120176556183,0.013307543520309478,0.16253252335888052,0.05846774193548387,-0.06896707994368259,0.004618221663949542,19.2
10485,70,12.0,60.0,0.1,648.0,-0.30271225924428874,0.007736943907156673,1.1778458492349833,0.11895161290322581,-0.025863244185979226,0.005772777079936927,12.0
10486,11,16.8,5.0,0.0,84.0,-0.21551822092513745,0.011450676982591878,-0.6835619148712051,0.008064516129032258,-0.21344475165005866,0.0007483229548066386,16.8
10486,51,42.4,25.0,0.0,1060.0,0.24951665011033605,0.03125725338491296,-0.006686364287136612,0.04838709677419355,0.11116438183388022,0.009443123001131393,42.4
10486,74,8.0,16.0,0.0,128.0,-0.3753739578435815,0.0046421663442940036,-0.31128036204996745,0.03024193548387097,-0.19881073333725813,0.0011403016454196399,8.0
10487,19,7.3,5.0,0.0,36.5,-0.3880897550984577,0.004100580270793037,-0.6835619148712051,0.008064516129032258,-0.2292428396013774,0.0003251641410766942,7.3
10487,26,24.9,30.0,0.0,747.0,-0.0683782812615697,0.01771760154738878,0.16253252335888052,0.05846774193548387,0.007063297017821953,0.00665472913381618,24.9
10487,54,5.9,24.0,0.25,106.20000000000002,-0.41352134960821024,0.003017408123791103,-0.040530141816340036,0.046370967741935484,-0.2060612242286002,0.0009460940214341076,5.9
10488,59,44.0,30.0,0.0,1320.0,0.27858132955005316,0.03249516441005803,0.16253252335888052,0.05846774193548387,0.19763812640951967,0.011759360718390037,44.0
10488,73,12.0,20.0,0.2,192.0,-0.30271225924428874,0.007736943907156673,-0.17590525193315373,0.038306451612903226,-0.17752488851863918,0.0017104524681294598,12.0
10489,11,16.8,15.0,0.25,189.0,-0.21551822092513745,0.011450676982591878,-0.3451241395791709,0.028225806451612902,-0.17852266249451196,0.001683726648314937,16.8
10489,16,13.9,18.0,0.0,250.20000000000002,-0.2681979524096247,0.00920696324951644,-0.2435928069915606,0.034274193548387094,-0.15816807338670757,0.0022289333725312027,13.9
10490,68,10.0,30.0,0.0,300.0,-0.33904310854393516,0.006189555125725338,0.16253252335888052,0.05846774193548387,-0.14160502538721972,0.0026725819814522813,10.0
10490,75,6.2,36.0,0.0,223.20000000000002,-0.40807172221326327,0.0032495164410058027,0.36559518853410106,0.07056451612903226,-0.16714803916956245,0.001988400994200497,6.2
10491,44,15.5,15.0,0.15,197.625,-0.2391332729699076,0.010444874274661509,-0.3451241395791709,0.028225806451612902,-0.17565406231387776,0.0017605633802816902,15.5
10491,77,10.4,7.0,0.15,61.879999999999995,-0.3317769386840059,0.006499032882011605,-0.6158743598127983,0.012096774193548387,-0.22080167176549384,0.0005512645767075571,10.4
10492,25,11.2,60.0,0.05,638.4,-0.3172445989641473,0.007117988394584138,1.1778458492349833,0.11895161290322581,-0.029056120908772073,0.005687254456530454,11.2
10492,42,11.2,20.0,0.05,212.79999999999998,-0.3172445989641473,0.007117988394584138,-0.17590525193315373,0.038306451612903226,-0.17060698895258805,0.0018957514855101512,11.2
10493,65,16.8,15.0,0.1,226.8,-0.21551822092513745,0.011450676982591878,-0.3451241395791709,0.028225806451612902,-0.16595071039851514,0.0020204719779779246,16.8
10493,66,13.6,10.0,0.1,122.4,-0.27364757980457166,0.00897485493230174,-0.514343027225188,0.018145161290322582,-0.2006732447588873,0.0010904134484325306,13.6
10493,69,28.8,10.0,0.1,259.2,0.00246687487274077,0.020735009671179885,-0.514343027225188,0.018145161290322582,-0.1551747514590893,0.002309110831974771,28.8
10494,56,30.4,30.0,0.0,912.0,0.03153155431245783,0.02197292069632495,0.16253252335888052,0.05846774193548387,0.06194086569082392,0.008124649223614935,30.4
10495,23,7.2,10.0,0.0,72.0,-0.3899062975634401,0.0040232108317214705,-0.514343027225188,0.018145161290322582,-0.21743584755354972,0.0006414196755485475,7.2
10495,41,7.7,20.0,0.0,154.0,-0.3808235852385285,0.004410058027079304,-0.17590525193315373,0.038306451612903226,-0.19016335887969418,0.0013719254171455043,7.7
10495,77,10.4,5.0,0.0,52.0,-0.3317769386840059,0.006499032882011605,-0.6835619148712051,0.008064516129032258,-0.22408767405936814,0.00046324754345172873,10.4
10496,31,10.0,20.0,0.05,190.0,-0.33904310854393516,0.006189555125725338,-0.17590525193315373,0.038306451612903226,-0.17819007116922103,0.001692635254919778,10.0
10497,56,30.4,14.0,0.0,425.59999999999997,0.03153155431245783,0.02197292069632495,-0.3789679171083743,0.02620967741935484,-0.09983155493068006,0.0037915029710203023,30.4
10497,72,27.8,25.0,0.0,695.0,-0.015698549777082415,0.019961315280464218,-0.006686364287136612,0.04838709677419355,-0.010231451897305939,0.006191481590364451,27.8
10497,77,10.4,25.0,0.0,260.0,-0.3317769386840059,0.006499032882011605,-0.006686364287136612,0.04838709677419355,-0.15490867839885655,0.0023162377172586436,10.4
10498,24,4.5,14.0,0.0,63.0,-0.43895294411796265,0.0019342359767891683,-0.3789679171083743,0.02620967741935484,-0.220429169481168,0.0005612422161049791,4.5
10498,40,18.4,5.0,0.0,92.0,-0.1864535414854204,0.012688588007736944,-0.6835619148712051,0.008064516129032258,-0.21078402104773128,0.0008195918076453662,18.4
10498,42,14.0,30.0,0.0,420.0,-0.2663814099446424,0.009284332688588007,0.16253252335888052,0.05846774193548387,-0.10169406635230921,0.0037416147740331933,14.0
10499,28,45.6,20.0,0.0,912.0,0.3076460089897703,0.0337330754352031,-0.17590525193315373,0.038306451612903226,0.06194086569082392,0.008124649223614935,45.6
10499,49,20.0,25.0,0.0,500.0,-0.15738886204570326,0.013926499032882012,-0.006686364287136612,0.04838709677419355,-0.07508676032903552,0.004454303302420469,20.0
10500,15,15.5,12.0,0.05,176.7,-0.2391332729699076,0.010444874274661509,-0.44665547216678114,0.02217741935483871,-0.18261353579559025,0.0015741507870753934,15.5
10500,28,45.6,8.0,0.05,346.56,0.3076460089897703,0.0337330754352031,-0.5820305822835948,0.014112903225806451,-0.12611957328167445,0.003087366704973675,45.6
10501,54,7.45,20.0,0.0,149.0,-0.38536494140098426,0.004216634429400387,-0.17590525193315373,0.038306451612903226,-0.1918263155061488,0.0013273823841212997,7.45
10502,45,9.5,21.0,0.0,199.5,-0.34812582086884675,0.005802707930367505,-0.1420614744039503,0.04032258064516129,-0.17503045357895727,0.001777267017665767,9.5
10502,53,32.8,6.0,0.0,196.79999999999998,0.07512857347203344,0.02382978723404255,-0.6497181373420017,0.010080645161290322,-0.1759284501572428,0.0017532137798326962,32.8
10502,67,14.0,30.0,0.0,420.0,-0.2663814099446424,0.009284332688588007,0.16253252335888052,0.05846774193548387,-0.10169406635230921,0.0037416147740331933,14.0
10503,14,23.25,70.0,0.0,1627.5,-0.09835123193377793,0.01644100580270793,1.5162836245270175,0.13911290322580644,0.29990995893647787,0.014498757249378625,23.25
10503,65,21.05,20.0,0.0,421.0,-0.13831516616338893,0.014738878143133462,-0.17590525193315373,0.038306451612903226,-0.10136147502701828,0.0037505233806380345,21.05
10504,2,19.0,12.0,0.0,228.0,-0.17555428669552647,0.013152804642166345,-0.44665547216678114,0.02217741935483871,-0.16555160080816603,0.0020311623059037338,19.0
10504,21,10.0,12.0,0.0,120.0,-0.33904310854393516,0.006189555125725338,-0.44665547216678114,0.02217741935483871,-0.2014714639395855,0.0010690327925809125,10.0
10504,53,32.8,10.0,0.0,328.0,0.07512857347203344,0.02382978723404255,-0.514343027225188,0.018145161290322582,-0.13229246827907393,0.002922022966387827,32.8
10504,61,28.5,25.0,0.0,712.5,-0.002982752522206199,0.020502901353965184,-0.006686364287136612,0.04838709677419355,-0.004411103704714821,0.006347382205949168,28.5
10505,62,49.3,3.0,0.0,147.89999999999998,0.374858080194116,0.03659574468085106,-0.751249469929612,0.004032258064516129,-0.19219216596396882,0.0013175829168559743,49.3
10506,25,14.0,18.0,0.1,226.8,-0.2663814099446424,0.009284332688588007,-0.2435928069915606,0.034274193548387094,-0.16595071039851514,0.0020204719779779246,14.0
10506,70,15.0,14.0,0.1,189.0,-0.2482159852948192,0.010058027079303675,-0.3789679171083743,0.02620967741935484,-0.17852266249451196,0.001683726648314937,15.0
10507,43,46.0,15.0,0.15,586.5,0.3149121788496995,0.03404255319148936,-0.3451241395791709,0.028225806451612902,-0.046317610691370865,0.005224897773739209,46.0
10507,48,12.75,15.0,0.15,162.5625,-0.2890881907569214,0.008317214700193424,-0.3451241395791709,0.028225806451612902,-0.18731554565689068,0.0014482053611994548,12.75
10508,13,6.0,10.0,0.0,60.0,-0.4117048071432279,0.003094777562862669,-0.514343027225188,0.018145161290322582,-0.22142694345704075,0.0005345163962904563,6.0
10508,39,18.0,10.0,0.0,180.0,-0.19371971134534965,0.012379110251450677,-0.514343027225188,0.018145161290322582,-0.18151598442213024,0.0016035491888713685,18.0
10509,28,45.6,3.0,0.0,136.8,0.3076460089897703,0.0337330754352031,-0.751249469929612,0.004032258064516129,-0.19588392967469803,0.0012186973835422402,45.6
10510,75,7.75,36.0,0.1,251.1,-0.3799153140060373,0.004448742746615087,0.36559518853410106,0.07056451612903226,-0.15786874119394576,0.0022369511184755593,7.75
10511,4,22.0,50.0,0.15,935.0,-0.1210580127460569,0.015473887814313346,0.839408073942949,0.09879032258064516,0.0695904661725151,0.008329547175526275,22.0
10511,7,30.0,50.0,0.15,1275.0,0.024265384452528578,0.021663442940038684,0.839408073942949,0.09879032258064516,0.18267151677142823,0.011358473421172195,30.0
10511,8,40.0,10.0,0.15,340.0,0.20591963095076043,0.029400386847195356,-0.514343027225188,0.018145161290322582,-0.1283013723755829,0.0030289262456459185,40.0
10512,24,4.5,10.0,0.15,38.25,-0.43895294411796265,0.0019342359767891683,-0.514343027225188,0.018145161290322582,-0.22866080478211828,0.00034075420263516583,4.5
10512,46,12.0,9.0,0.15,91.8,-0.30271225924428874,0.007736943907156673,-0.5481868047543914,0.016129032258064516,-0.2108505393127895,0.000817810086324398,12.0
10512,47,9.5,6.0,0.15,48.449999999999996,-0.34812582086884675,0.005802707930367505,-0.6497181373420017,0.010080645161290322,-0.2252683732641509,0.00043162199000454333,9.5
10512,60,34.0,12.0,0.15,346.8,0.09692708305182132,0.024758220502901353,-0.44665547216678114,0.02217741935483871,-0.12603975136360462,0.003089504770558837,34.0
10513,21,10.0,40.0,0.2,320.0,-0.33904310854393516,0.006189555125725338,0.5009702986509148,0.07862903225806452,-0.1349531988814013,0.0028507541135491,10.0
10513,32,32.0,50.0,0.2,1280.0,0.060596233752174954,0.02321083172147002,0.839408073942949,0.09879032258064516,0.18433447339788284,0.0114030164541964,32.0
10513,61,28.5,15.0,0.2,342.0,-0.002982752522206199,0.020502901353965184,-0.3451241395791709,0.028225806451612902,-0.12763618972500104,0.0030467434588556004,28.5
10514,20,81.0,39.0,0.0,3159.0,0.950702041593511,0.06112185686653772,0.4671265211217114,0.07661290322580645,0.8092735736195232,0.02814228826469252,81.0
10514,28,45.6,35.0,0.0,1596.0,0.3076460089897703,0.0337330754352031,0.33175141100489763,0.06854838709677419,0.2894333321898139,0.014218136141326136,45.6
10514,56,38.0,70.0,0.0,2660.0,0.16958878165111407,0.027852998065764023,1.5162836245270175,0.13911290322580644,0.6433105022993538,0.023696893568876894,38.0
10514,65,21.05,39.0,0.0,820.95,-0.13831516616338893,0.014738878143133462,0.4671265211217114,0.07661290322580645,0.03165842552308557,0.007313520592244167,21.05
10514,75,7.75,50.0,0.0,387.5,-0.3799153140060373,0.004448742746615087,0.839408073942949,0.09879032258064516,-0.11250328442426415,0.003452085059375863,7.75
10515,9,97.0,16.0,0.15,1319.2,1.241348835990682,0.0735009671179884,-0.31128036204996745,0.03024193548387097,0.19737205334928695,0.011752233833106165,97.0
10515,16,17.45,50.0,0.0,872.5,-0.2037106949027524,0.01195357833655706,0.839408073942949,0.09879032258064516,0.04880350834183254,0.0077727592627237175,17.45
10515,27,43.9,120.0,0.0,5268.0,0.27676478708507085,0.03241779497098646,3.2084725009871886,0.2399193548387097,1.5107086786580757,0.04693053959430205,43.9
10515,33,2.5,20.0,0.15,42.5,-0.475283793417609,0.00038684719535783365,-0.17590525193315373,0.038306451612903226,-0.22724729164963187,0.0003786157807057398,2.5
10515,60,34.0,84.0,0.15,2427.6,0.09692708305182132,0.024758220502901353,1.9900965099358654,0.16733870967741934,0.5660162783017437,0.021626533393911858,34.0
10516,18,62.5,25.0,0.1,1406.25,0.6146416855717821,0.04680851063829787,-0.006686364287136612,0.04838709677419355,0.22632412821586162,0.012527728038057568,62.5
10516,41,9.65,80.0,0.1,694.8000000000001,-0.3454010071713733,0.005918762088974855,1.8547213998190517,0.1592741935483871,-0.0102979701623641,0.006189699869043484,9.65
10516,42,14.0,20.0,0.0,280.0,-0.2663814099446424,0.009284332688588007,-0.17590525193315373,0.038306451612903226,-0.14825685189303814,0.002494409849355462,14.0
10517,52,7.0,6.0,0.0,42.0,-0.3935393824934047,0.0038684719535783366,-0.6497181373420017,0.010080645161290322,-0.22741358731227734,0.0003741614774033193,7.0
10517,59,55.0,4.0,0.0,220.0,0.4784010006981082,0.04100580270793037,-0.7174056924004085,0.006048387096774193,-0.1682123314104934,0.001959893453065006,55.0
10517,70,15.0,6.0,0.0,90.0,-0.2482159852948192,0.010058027079303675,-0.6497181373420017,0.010080645161290322,-0.21144920369831313,0.0008017745944356843,15.0
10518,24,4.5,5.0,0.0,22.5,-0.43895294411796265,0.0019342359767891683,-0.6835619148712051,0.008064516129032258,-0.2338991181554503,0.00020044364860892107,4.5
10518,38,263.5,15.0,0.0,3952.5,4.265892040186243,0.202321083172147,-0.3451241395791709,0.028225806451612902,1.073184790237869,0.035211267605633804,251.915000000003
10518,44,19.45,9.0,0.0,175.04999999999998,-0.16737984560310604,0.013500967117988394,-0.5481868047543914,0.016129032258064516,-0.18316231148232032,0.0015594515861774058,19.45
10519,10,31.0,16.0,0.05,471.2,0.042430809102351766,0.02243713733075435,-0.31128036204996745,0.03024193548387097,-0.08466539049741406,0.0041977354322010494,31.0
10519,56,38.0,40.0,0.0,1520.0,0.16958878165111407,0.027852998065764023,0.5009702986509148,0.07862903225806452,0.26415639146770387,0.013541082039358224,38.0
10519,60,34.0,10.0,0.05,323.0,0.09692708305182132,0.024758220502901353,-0.514343027225188,0.018145161290322582,-0.13395542490552853,0.0028774799333636226,34.0
10520,24,4.5,8.0,0.0,36.0,-0.43895294411796265,0.0019342359767891683,-0.5820305822835948,0.014112903225806451,-0.22940913526402287,0.00032070983777427375,4.5
10520,53,32.8,5.0,0.0,164.0,0.07512857347203344,0.02382978723404255,-0.6835619148712051,0.008064516129032258,-0.18683744562678498,0.0014610114831939136,32.8
10521,35,18.0,3.0,0.0,54.0,-0.19371971134534965,0.012379110251450677,-0.751249469929612,0.004032258064516129,-0.22342249140878628,0.00048106475666141057,18.0
10521,41,9.65,10.0,0.0,96.5,-0.3454010071713733,0.005918762088974855,-0.514343027225188,0.018145161290322582,-0.20928736008392215,0.0008596805373671504,9.65
10521,68,12.5,6.0,0.0,75.0,-0.29362954691937715,0.008123791102514507,-0.6497181373420017,0.010080645161290322,-0.21643807357767694,0.0006681454953630703,12.5
10522,1,18.0,40.0,0.2,576.0,-0.19371971134534965,0.012379110251450677,0.5009702986509148,0.07862903225806452,-0.049809819606925536,0.00513135740438838,18.0
10522,8,40.0,24.0,0.0,960.0,0.20591963095076043,0.029400386847195356,-0.040530141816340036,0.046370967741935484,0.07790524930478812,0.0085522623406473,40.0
10522,30,25.89,20.0,0.2,414.24,-0.0503945108582447,0.01848355899419729,-0.17590525193315373,0.038306451612903226,-0.10360979238598492,0.00369030119998931,25.89
10522,40,18.4,25.0,0.2,368.0,-0.1864535414854204,0.012688588007736944,-0.006686364287136612,0.04838709677419355,-0.1189888152674371,0.003278367230581465,18.4
10523,17,39.0,25.0,0.1,877.5,0.18775420630093725,0.02862669245647969,-0.006686364287136612,0.04838709677419355,0.05046646496828714,0.007817302295747923,39.0
10523,20,81.0,15.0,0.1,1093.5,0.950702041593511,0.06112185686653772,-0.3451241395791709,0.028225806451612902,0.12230619123112607,0.009741561322393564,81.0
10523,37,26.0,18.0,0.1,421.2,-0.04839631414676416,0.018568665377176014,-0.2435928069915606,0.034274193548387094,-0.10129495676196011,0.0037523051019590025,26.0
10523,41,9.65,6.0,0.1,52.11000000000001,-0.3454010071713733,0.005918762088974855,-0.6497181373420017,0.010080645161290322,-0.2240510890135861,0.00046422749017826126,9.65
10524,10,31.0,2.0,0.0,62.0,0.042430809102351766,0.02243713733075435,-0.7850932474588154,0.0020161290322580645,-0.22076176080645893,0.0005523336095001381,31.0
10524,30,25.89,10.0,0.0,258.9,-0.0503945108582447,0.01848355899419729,-0.514343027225188,0.018145161290322582,-0.15527452885667659,0.002306438249993318,25.89
10524,43,46.0,60.0,0.0,2760.0,0.3149121788496995,0.03404255319148936,1.1778458492349833,0.11895161290322581,0.6765696348284459,0.024587754229360985,46.0
10524,54,7.45,15.0,0.0,111.75,-0.38536494140098426,0.004216634429400387,-0.3451241395791709,0.028225806451612902,-0.2042153423732356,0.0009955367880909746,7.45
10525,36,19.0,30.0,0.0,570.0,-0.17555428669552647,0.013152804642166345,0.16253252335888052,0.05846774193548387,-0.05180536755867106,0.005077905764759334,19.0
10525,40,18.4,15.0,0.1,248.4,-0.1864535414854204,0.012688588007736944,-0.3451241395791709,0.028225806451612902,-0.15876673777223124,0.0022128978806424887,18.4
10526,1,18.0,8.0,0.15,122.39999999999999,-0.19371971134534965,0.012379110251450677,-0.5820305822835948,0.014112903225806451,-0.2006732447588873,0.0010904134484325306,18.0
10526,13,6.0,10.0,0.0,60.0,-0.4117048071432279,0.003094777562862669,-0.514343027225188,0.018145161290322582,-0.22142694345704075,0.0005345163962904563,6.0
10526,56,38.0,30.0,0.15,969.0,0.16958878165111407,0.027852998065764023,0.16253252335888052,0.05846774193548387,0.08089857123240642,0.008632439800090867,38.0
10527,4,22.0,50.0,0.1,990.0,-0.1210580127460569,0.015473887814313346,0.839408073942949,0.09879032258064516,0.08788298906351576,0.008819520538792527,22.0
10527,36,19.0,30.0,0.1,513.0,-0.17555428669552647,0.013152804642166345,0.16253252335888052,0.05846774193548387,-0.07076307310025355,0.004570115188283401,19.0
10528,11,21.0,3.0,0.0,63.0,-0.13922343739588008,0.014700193423597678,-0.751249469929612,0.004032258064516129,-0.220429169481168,0.0005612422161049791,21.0
10528,33,2.5,8.0,0.2,16.0,-0.475283793417609,0.00038684719535783365,-0.5820305822835948,0.014112903225806451,-0.2360609617698413,0.00014253770567745498,2.5
10528,72,34.8,9.0,0.0,313.2,0.11145942277167982,0.025377176015473887,-0.5481868047543914,0.016129032258064516,-0.13721481989337958,0.0027901755886361812,34.8
10529,55,24.0,14.0,0.0,336.0,-0.08472716344641053,0.01702127659574468,-0.3789679171083743,0.02620967741935484,-0.12963173767674657,0.0029932918192265546,24.0
10529,68,12.5,20.0,0.0,250.0,-0.29362954691937715,0.008123791102514507,-0.17590525193315373,0.038306451612903226,-0.1582345916517658,0.0022271516512102343,12.5
10529,69,36.0,10.0,0.0,360.0,0.13325793235146768,0.02630560928433269,-0.514343027225188,0.018145161290322582,-0.12164954586976447,0.003207098377742737,36.0
10530,17,39.0,40.0,0.0,1560.0,0.18775420630093725,0.02862669245647969,0.5009702986509148,0.07862903225806452,0.2774600444793407,0.013897426303551862,39.0
10530,43,46.0,25.0,0.0,1150.0,0.3149121788496995,0.03404255319148936,-0.006686364287136612,0.04838709677419355,0.14109760111006311,0.010244897595567078,46.0
10530,61,28.5,20.0,0.0,570.0,-0.002982752522206199,0.020502901353965184,-0.17590525193315373,0.038306451612903226,-0.05180536755867106,0.005077905764759334,28.5
10530,76,18.0,50.0,0.0,900.0,-0.19371971134534965,0.012379110251450677,0.839408073942949,0.09879032258064516,0.057949769787332864,0.008017745944356842,18.0
10531,59,55.0,2.0,0.0,110.0,0.4784010006981082,0.04100580270793037,-0.7850932474588154,0.0020161290322580645,-0.20479737719249472,0.000979946726532503,55.0
10532,30,25.89,15.0,0.0,388.35,-0.0503945108582447,0.01848355899419729,-0.3451241395791709,0.028225806451612902,-0.11222058179776685,0.003459657374989978,25.89
10532,66,17.0,24.0,0.0,408.0,-0.21188513599517284,0.01160541586073501,-0.040530141816340036,0.046370967741935484,-0.10568516225580026,0.003634711494775102,17.0
10533,4,22.0,50.0,0.05,1045.0,-0.1210580127460569,0.015473887814313346,0.839408073942949,0.09879032258064516,0.10617551195451641,0.009309493902058779,22.0
10533,72,34.8,24.0,0.0,835.1999999999999,0.11145942277167982,0.025377176015473887,-0.040530141816340036,0.046370967741935484,0.03639785190848116,0.00744046823636315,34.8
10533,73,15.0,24.0,0.05,342.0,-0.2482159852948192,0.010058027079303675,-0.040530141816340036,0.046370967741935484,-0.12763618972500104,0.0030467434588556004,15.0
10534,30,25.89,10.0,0.0,258.9,-0.0503945108582447,0.01848355899419729,-0.514343027225188,0.018145161290322582,-0.15527452885667659,0.002306438249993318,25.89
10534,40,18.4,10.0,0.2,147.20000000000002,-0.1864535414854204,0.012688588007736944,-0.514343027225188,0.018145161290322582,-0.19242497989167243,0.0013113468922325861,18.4
10534,54,7.45,10.0,0.2,59.6,-0.38536494140098426,0.004216634429400387,-0.514343027225188,0.018145161290322582,-0.22155997998715712,0.0005309529536485199,7.45
10535,11,21.0,50.0,0.1,945.0,-0.13922343739588008,0.014700193423597678,0.839408073942949,0.09879032258064516,0.07291637942542431,0.008418633241574686,21.0
10535,40,18.4,10.0,0.1,165.6,-0.1864535414854204,0.012688588007736944,-0.514343027225188,0.018145161290322582,-0.1863052995063195,0.0014752652537616592,18.4
10535,57,19.5,5.0,0.1,87.75,-0.16647157437061486,0.013539651837524178,-0.6835619148712051,0.008064516129032258,-0.2121975341802177,0.0007817302295747922,19.5
10535,59,55.0,15.0,0.1,742.5,0.4784010006981082,0.04100580270793037,-0.3451241395791709,0.028225806451612902,0.005566636054012808,0.006614640404094396,55.0
10536,12,895.0,15.0,0.25,10068.75,15.737357706549584,0.6909090909090909,-0.3451241395791709,0.028225806451612902,3.107396483548465,0.08969853275249218,251.915000000003
10536,31,12.5,20.0,0.0,250.0,-0.29362954691937715,0.008123791102514507,-0.17590525193315373,0.038306451612903226,-0.1582345916517658,0.0022271516512102343,12.5
10536,33,2.5,30.0,0.0,75.0,-0.475283793417609,0.00038684719535783365,0.16253252335888052,0.05846774193548387,-0.21643807357767694,0.0006681454953630703,2.5
10536,60,34.0,35.0,0.25,892.5,0.09692708305182132,0.024758220502901353,0.33175141100489763,0.06854838709677419,0.05545533484765096,0.007950931394820535,34.0
10537,31,12.5,30.0,0.0,375.0,-0.29362954691937715,0.008123791102514507,0.16253252335888052,0.05846774193548387,-0.11666067599040066,0.0033407274768153515,12.5
10537,51,53.0,6.0,0.0,318.0,0.44207015139846184,0.039458413926499035,-0.6497181373420017,0.010080645161290322,-0.13561838153198316,0.002832936900339418,53.0
10537,58,13.25,20.0,0.0,265.0,-0.2800054784320098,0.008704061895551257,-0.17590525193315373,0.038306451612903226,-0.15324572177240195,0.0023607807502828483,13.25
10537,72,34.8,21.0,0.0,730.8,0.11145942277167982,0.025377176015473887,-0.1420614744039503,0.04032258064516129,0.0016753175481090178,0.006510409706817756,34.8
10537,73,15.0,9.0,0.0,135.0,-0.2482159852948192,0.010058027079303675,-0.5481868047543914,0.016129032258064516,-0.1964825940602217,0.0012026618916535265,15.0
10538,70,15.0,7.0,0.0,105.0,-0.2482159852948192,0.010058027079303675,-0.6158743598127983,0.012096774193548387,-0.20646033381894932,0.0009354036935082983,15.0
10538,72,34.8,1.0,0.0,34.8,0.11145942277167982,0.025377176015473887,-0.8189370249880189,0.0,-0.22980824485437198,0.0003100195098484646,34.8
10539,13,6.0,8.0,0.0,48.0,-0.4117048071432279,0.003094777562862669,-0.5820305822835948,0.014112903225806451,-0.2254180393605318,0.00042761311703236495,6.0
10539,21,10.0,15.0,0.0,150.0,-0.33904310854393516,0.006189555125725338,-0.3451241395791709,0.028225806451612902,-0.19149372418085786,0.0013362909907261406,10.0
10539,33,2.5,15.0,0.0,37.5,-0.475283793417609,0.00038684719535783365,-0.3451241395791709,0.028225806451612902,-0.22891024827608647,0.00033407274768153516,2.5
10539,49,20.0,6.0,0.0,120.0,-0.15738886204570326,0.013926499032882012,-0.6497181373420017,0.010080645161290322,-0.2014714639395855,0.0010690327925809125,20.0
10540,3,10.0,60.0,0.0,600.0,-0.33904310854393516,0.006189555125725338,1.1778458492349833,0.11895161290322581,-0.04182762779994343,0.0053451639629045625,10.0
10540,26,31.23,40.0,0.0,1249.2,0.046608856771811105,0.022615087040618955,0.5009702986509148,0.07862903225806452,0.17409066057892247,0.011128631370767299,31.23
10540,38,263.5,30.0,0.0,7905.0,4.265892040186243,0.202321083172147,0.16253252335888052,0.05846774193548387,2.387752003450234,0.07042253521126761,251.915000000003
10540,68,12.5,35.0,0.0,437.5,-0.29362954691937715,0.008123791102514507,0.33175141100489763,0.06854838709677419,-0.0958737181597181,0.00389751538961791,12.5
10541,24,4.5,35.0,0.1,141.75,-0.43895294411796265,0.0019342359767891683,0.33175141100489763,0.06854838709677419,-0.19423760261450798,0.0012627949862362028,4.5
10541,65,21.05,36.0,0.1,682.0200000000001,-0.13831516616338893,0.014738878143133462,0.36559518853410106,0.07056451612903226,-0.014548487299582061,0.006075847876633617,21.05
10541,71,21.5,9.0,0.1,174.15,-0.1301407250709685,0.015087040618955513,-0.5481868047543914,0.016129032258064516,-0.18346164367508214,0.0015514338402330492,21.5
10542,11,21.0,15.0,0.05,299.25,-0.13922343739588008,0.014700193423597678,-0.3451241395791709,0.028225806451612902,-0.1418544688811879,0.0026659005264986504,21.0
10542,54,7.45,24.0,0.05,169.86,-0.38536494140098426,0.004216634429400387,-0.040530141816340036,0.046370967741935484,-0.1848884604605802,0.0015132159178982817,7.45
10543,12,38.0,30.0,0.15,969.0,0.16958878165111407,0.027852998065764023,0.16253252335888052,0.05846774193548387,0.08089857123240642,0.008632439800090867,38.0
10543,23,9.0,70.0,0.15,535.5,-0.35720853319375834,0.005415860735009671,1.5162836245270175,0.13911290322580644,-0.06327976828120783,0.004770558836892321,9.0
10544,28,45.6,7.0,0.0,319.2,0.3076460089897703,0.0337330754352031,-0.6158743598127983,0.012096774193548387,-0.13521927194163405,0.002843627228265227,45.6
10544,67,14.0,7.0,0.0,98.0,-0.2663814099446424,0.009284332688588007,-0.6158743598127983,0.012096774193548387,-0.20878847309598578,0.0008730434472744118,14.0
10545,11,21.0,10.0,0.0,210.0,-0.13922343739588008,0.014700193423597678,-0.514343027225188,0.018145161290322582,-0.17153824466340262,0.0018708073870165967,21.0
10546,7,30.0,10.0,0.0,300.0,0.024265384452528578,0.021663442940038684,-0.514343027225188,0.018145161290322582,-0.14160502538721972,0.0026725819814522813,30.0
10546,35,18.0,30.0,0.0,540.0,-0.19371971134534965,0.012379110251450677,0.16253252335888052,0.05846774193548387,-0.06178310731739869,0.004810647566614106,18.0
10546,62,49.3,40.0,0.0,1972.0,0.374858080194116,0.03659574468085106,0.5009702986509148,0.07862903225806452,0.41448767049920016,0.017567772224746328,49.3
10547,32,32.0,24.0,0.15,652.8,0.060596233752174954,0.02321083172147002,-0.040530141816340036,0.046370967741935484,-0.024266805824582818,0.005815538391640163,32.0
10547,36,19.0,60.0,0.0,1140.0,-0.17555428669552647,0.013152804642166345,1.1778458492349833,0.11895161290322581,0.1377716878571539,0.010155811529518667,19.0
10548,34,14.0,10.0,0.25,105.0,-0.2663814099446424,0.009284332688588007,-0.514343027225188,0.018145161290322582,-0.20646033381894932,0.0009354036935082983,14.0
10548,41,9.65,14.0,0.0,135.1,-0.3454010071713733,0.005918762088974855,-0.3789679171083743,0.02620967741935484,-0.1964493349276926,0.0012035527523140104,9.65
10549,31,12.5,55.0,0.15,584.375,-0.29362954691937715,0.008123791102514507,1.0086269615889663,0.10887096774193548,-0.04702436725761407,0.005205966984703923,12.5
10549,45,9.5,100.0,0.15,807.5,-0.34812582086884675,0.005802707930367505,2.53159695040312,0.19959677419354838,0.027185072197922672,0.007193699833409057,9.5
10549,51,53.0,48.0,0.15,2162.4,0.44207015139846184,0.039458413926499035,0.7717205188845422,0.09475806451612903,0.4778130588345915,0.019263970922308044,53.0
10550,17,39.0,8.0,0.1,280.8,0.18775420630093725,0.02862669245647969,-0.5820305822835948,0.014112903225806451,-0.1479907788328054,0.002501536734639335,39.0
10550,19,9.2,10.0,0.0,92.0,-0.35357544826379367,0.0055705996131528044,-0.514343027225188,0.018145161290322582,-0.21078402104773128,0.0008195918076453662,9.2
10550,21,10.0,6.0,0.1,54.0,-0.33904310854393516,0.006189555125725338,-0.6497181373420017,0.010080645161290322,-0.22342249140878628,0.00048106475666141057,10.0
10550,61,28.5,10.0,0.1,256.5,-0.002982752522206199,0.020502901353965184,-0.514343027225188,0.018145161290322582,-0.15607274803737478,0.0022850575941417003,28.5
10551,16,17.45,40.0,0.15,593.3,-0.2037106949027524,0.01195357833655706,0.5009702986509148,0.07862903225806452,-0.044055989679392615,0.005285476298652127,17.45
10551,35,18.0,20.0,0.15,306.0,-0.19371971134534965,0.012379110251450677,-0.17590525193315373,0.038306451612903226,-0.1396094774354742,0.0027260336210813267,18.0
10551,44,19.45,40.0,0.0,778.0,-0.16737984560310604,0.013500967117988394,0.5009702986509148,0.07862903225806452,0.017373628101840503,0.0069308959385662484,19.45
10552,69,36.0,18.0,0.0,648.0,0.13325793235146768,0.02630560928433269,-0.2435928069915606,0.034274193548387094,-0.025863244185979226,0.005772777079936927,36.0
10552,75,7.75,30.0,0.0,232.5,-0.3799153140060373,0.004448742746615087,0.16253252335888052,0.05846774193548387,-0.1640549398443569,0.002071251035625518,7.75
10553,11,21.0,15.0,0.0,315.0,-0.13922343739588008,0.014700193423597678,-0.3451241395791709,0.028225806451612902,-0.1366161555078559,0.002806211080524895,21.0
10553,16,17.45,14.0,0.0,244.29999999999998,-0.2037106949027524,0.01195357833655706,-0.3789679171083743,0.02620967741935484,-0.16013036220592403,0.0021763725935626406,17.45
10553,22,21.0,24.0,0.0,504.0,-0.13922343739588008,0.014700193423597678,-0.040530141816340036,0.046370967741935484,-0.07375639502787185,0.0044899377288398325,21.0
10553,31,12.5,30.0,0.0,375.0,-0.29362954691937715,0.008123791102514507,0.16253252335888052,0.05846774193548387,-0.11666067599040066,0.0033407274768153515,12.5
10553,35,18.0,6.0,0.0,108.0,-0.19371971134534965,0.012379110251450677,-0.6497181373420017,0.010080645161290322,-0.20546255984307654,0.0009621295133228211,18.0
10554,16,17.45,30.0,0.05,497.325,-0.2037106949027524,0.01195357833655706,0.16253252335888052,0.05846774193548387,-0.07597644212418875,0.004430472779752519,17.45
10554,23,9.0,20.0,0.05,171.0,-0.35720853319375834,0.005415860735009671,-0.17590525193315373,0.038306451612903226,-0.18450930634974852,0.0015233717294278002,9.0
10554,62,49.3,20.0,0.05,936.6999999999999,0.374858080194116,0.03659574468085106,-0.17590525193315373,0.038306451612903226,0.07015587142550964,0.008344691806754505,49.3
10554,77,13.0,10.0,0.05,123.5,-0.28454683459446556,0.00851063829787234,-0.514343027225188,0.018145161290322582,-0.20030739430106728,0.0011002129156978558,13.0
10555,14,23.25,30.0,0.2,558.0,-0.09835123193377793,0.01644100580270793,0.16253252335888052,0.05846774193548387,-0.05579646346216211,0.004971002485501243,23.25
10555,19,9.2,35.0,0.2,257.6,-0.35357544826379367,0.0055705996131528044,0.33175141100489763,0.06854838709677419,-0.15570689757955478,0.0022948570614070257,9.2
10555,24,4.5,18.0,0.2,64.8,-0.43895294411796265,0.0019342359767891683,-0.2435928069915606,0.034274193548387094,-0.21983050509564436,0.0005772777079936927,4.5
10555,51,53.0,20.0,0.2,848.0,0.44207015139846184,0.039458413926499035,-0.17590525193315373,0.038306451612903226,0.040655020872204975,0.007554498400905114,53.0
10555,56,38.0,40.0,0.2,1216.0,0.16958878165111407,0.027852998065764023,0.5009702986509148,0.07862903225806452,0.1630486285792639,0.010832865631486579,38.0
10556,72,522.0,24.0,0.0,12528.0,8.961654312165537,0.402321083172147,-0.040530141816340036,0.046370967741935484,3.925321700270162,0.11160702354544726,251.915000000003
10557,64,33.25,30.0,0.0,997.5,0.08330301456445394,0.024177949709864602,0.16253252335888052,0.05846774193548387,0.09037742400319766,0.008886335088328834,33.25
10557,75,7.75,20.0,0.0,155.0,-0.3799153140060373,0.004448742746615087,-0.17590525193315373,0.038306451612903226,-0.18983076755440326,0.0013808340237503453,7.75
10558,47,9.5,25.0,0.0,237.5,-0.34812582086884675,0.005802707930367505,-0.006686364287136612,0.04838709677419355,-0.1623919832179023,0.0021157940686497225,9.5
10558,51,53.0,20.0,0.0,1060.0,0.44207015139846184,0.039458413926499035,-0.17590525193315373,0.038306451612903226,0.11116438183388022,0.009443123001131393,53.0
10558,52,7.0,30.0,0.0,210.0,-0.3935393824934047,0.0038684719535783366,0.16253252335888052,0.05846774193548387,-0.17153824466340262,0.0018708073870165967,7.0
10558,53,32.8,18.0,0.0,590.4,0.07512857347203344,0.02382978723404255,-0.2435928069915606,0.034274193548387094,-0.04502050452273628,0.005259641339498089,32.8
10558,73,15.0,3.0,0.0,45.0,-0.2482159852948192,0.010058027079303675,-0.751249469929612,0.004032258064516129,-0.22641581333640456,0.00040088729721784213,15.0
10559,41,9.65,12.0,0.05,110.01,-0.3454010071713733,0.005918762088974855,-0.44665547216678114,0.02217741935483871,-0.2047940512792418,0.0009800358125985516,9.65
10559,55,24.0,18.0,0.05,410.4,-0.08472716344641053,0.01702127659574468,-0.2435928069915606,0.034274193548387094,-0.10488694307510206,0.0036560921506267204,24.0
10560,30,25.89,20.0,0.0,517.8,-0.0503945108582447,0.01848355899419729,-0.17590525193315373,0.038306451612903226,-0.06916663473885715,0.004612876499986636,25.89
10560,62,49.3,15.0,0.25,554.625,0.374858080194116,0.03659574468085106,-0.3451241395791709,0.028225806451612902,-0.05691895918501897,0.004940935938209904,49.3
10561,44,19.45,10.0,0.0,194.5,-0.16737984560310604,0.013500967117988394,-0.514343027225188,0.018145161290322582,-0.17669341020541188,0.0017327239846415621,19.45
10561,51,53.0,50.0,0.0,2650.0,0.44207015139846184,0.039458413926499035,0.839408073942949,0.09879032258064516,0.6399845890464446,0.02360780750282848,53.0
10562,33,2.5,20.0,0.1,45.0,-0.475283793417609,0.00038684719535783365,-0.17590525193315373,0.038306451612903226,-0.22641581333640456,0.00040088729721784213,2.5
10562,62,49.3,10.0,0.1,443.7,0.374858080194116,0.03659574468085106,-0.514343027225188,0.018145161290322582,-0.09381165194291438,0.003952748750567924,49.3
10563,36,19.0,25.0,0.0,475.0,-0.17555428669552647,0.013152804642166345,-0.006686364287136612,0.04838709677419355,-0.08340154346130856,0.004231588137299445,19.0
10563,52,7.0,70.0,0.0,490.0,-0.3935393824934047,0.0038684719535783366,1.5162836245270175,0.13911290322580644,-0.07841267358194474,0.004365217236372059,7.0
10564,17,39.0,16.0,0.05,592.8,0.18775420630093725,0.02862669245647969,-0.31128036204996745,0.03024193548387097,-0.04422228534203808,0.005281021995349707,39.0
10564,31,12.5,6.0,0.05,71.25,-0.29362954691937715,0.008123791102514507,-0.6497181373420017,0.010080645161290322,-0.2176852910475179,0.0006347382205949167,12.5
10564,55,24.0,25.0,0.05,570.0,-0.08472716344641053,0.01702127659574468,-0.006686364287136612,0.04838709677419355,-0.05180536755867106,0.005077905764759334,24.0
10565,24,4.5,25.0,0.1,101.25,-0.43895294411796265,0.0019342359767891683,-0.006686364287136612,0.04838709677419355,-0.20770755128879026,0.0009019964187401448,4.5
10565,64,33.25,18.0,0.1,538.65,0.08330301456445394,0.024177949709864602,-0.2435928069915606,0.034274193548387094,-0.06223210560654144,0.0047986209476975706,33.25
10566,11,21.0,35.0,0.15,624.75,-0.13922343739588008,0.014700193423597678,0.33175141100489763,0.06854838709677419,-0.03359599249899314,0.005565651976374375,21.0
10566,18,62.5,18.0,0.15,956.25,0.6146416855717821,0.04680851063829787,-0.2435928069915606,0.034274193548387094,0.07665803183494717,0.008518855065879146,62.5
10566,76,18.0,10.0,0.0,180.0,-0.19371971134534965,0.012379110251450677,-0.514343027225188,0.018145161290322582,-0.18151598442213024,0.0016035491888713685,18.0
10567,31,12.5,60.0,0.2,600.0,-0.29362954691937715,0.008123791102514507,1.1778458492349833,0.11895161290322581,-0.04182762779994343,0.0053451639629045625,12.5
10567,51,53.0,3.0,0.0,159.0,0.44207015139846184,0.039458413926499035,-0.751249469929612,0.004032258064516129,-0.18850040225323958,0.001416468450169709,53.0
10567,59,55.0,40.0,0.2,1760.0,0.4784010006981082,0.04100580270793037,0.5009702986509148,0.07862903225806452,0.3439783095375249,0.015679147624520048,55.0
10568,10,31.0,5.0,0.0,155.0,0.042430809102351766,0.02243713733075435,-0.6835619148712051,0.008064516129032258,-0.18983076755440326,0.0013808340237503453,31.0
10569,31,12.5,35.0,0.2,350.0,-0.29362954691937715,0.008123791102514507,0.33175141100489763,0.06854838709677419,-0.12497545912267367,0.0031180123116943278,12.5
10569,76,18.0,30.0,0.0,540.0,-0.19371971134534965,0.012379110251450677,0.16253252335888052,0.05846774193548387,-0.06178310731739869,0.004810647566614106,18.0
10570,11,21.0,15.0,0.05,299.25,-0.13922343739588008,0.014700193423597678,-0.3451241395791709,0.028225806451612902,-0.1418544688811879,0.0026659005264986504,21.0
10570,56,38.0,60.0,0.05,2166.0,0.16958878165111407,0.027852998065764023,1.1778458492349833,0.11895161290322581,0.4790103876056388,0.01929604190608547,38.0
10571,14,23.25,11.0,0.15,217.3875,-0.09835123193377793,0.01644100580270793,-0.48049924969598456,0.020161290322580645,-0.16908122624781594,0.001936619718309859,23.25
10571,42,14.0,28.0,0.15,333.2,-0.2663814099446424,0.009284332688588007,0.09484496830047366,0.05443548387096774,-0.13056299338756117,0.002968347720733,14.0
10572,16,17.45,12.0,0.1,188.45999999999998,-0.2037106949027524,0.01195357833655706,-0.44665547216678114,0.02217741935483871,-0.17870226181016904,0.0016789160007483228,17.45
10572,32,32.0,10.0,0.1,288.0,0.060596233752174954,0.02321083172147002,-0.514343027225188,0.018145161290322582,-0.14559612129071078,0.00256567870219419,32.0
10572,40,18.4,50.0,0.0,919.9999999999999,-0.1864535414854204,0.012688588007736944,0.839408073942949,0.09879032258064516,0.06460159629315125,0.008195918076453661,18.4
10572,75,7.75,15.0,0.1,104.625,-0.3799153140060373,0.004448742746615087,-0.3451241395791709,0.028225806451612902,-0.2065850555659334,0.000932062966031483,7.75
10573,17,39.0,18.0,0.0,702.0,0.18775420630093725,0.02862669245647969,-0.2435928069915606,0.034274193548387094,-0.007903312620269491,0.006253841836598338,39.0
10573,34,14.0,40.0,0.0,560.0,-0.2663814099446424,0.009284332688588007,0.5009702986509148,0.07862903225806452,-0.05513128081158027,0.004988819698710924,14.0
10573,53,32.8,25.0,0.0,819.9999999999999,0.07512857347203344,0.02382978723404255,-0.006686364287136612,0.04838709677419355,0.03134246376405914,0.007305057415969567,32.8
10574,33,2.5,14.0,0.0,35.0,-0.475283793417609,0.00038684719535783365,-0.3789679171083743,0.02620967741935484,-0.2297417265893138,0.0003118012311694328,2.5
10574,40,18.4,2.0,0.0,36.8,-0.1864535414854204,0.012688588007736944,-0.7850932474588154,0.0020161290322580645,-0.22914306220379013,0.0003278367230581465,18.4
10574,62,49.3,10.0,0.0,493.0,0.374858080194116,0.03659574468085106,-0.514343027225188,0.018145161290322582,-0.07741489960607198,0.004391943056186582,49.3
10574,64,33.25,6.0,0.0,199.5,0.08330301456445394,0.024177949709864602,-0.6497181373420017,0.010080645161290322,-0.17503045357895727,0.001777267017665767,33.25
10575,59,55.0,12.0,0.0,660.0,0.4784010006981082,0.04100580270793037,-0.44665547216678114,0.02217741935483871,-0.021872148282488173,0.005879680359195018,55.0
10575,63,43.9,6.0,0.0,263.4,0.27676478708507085,0.03241779497098646,-0.6497181373420017,0.010080645161290322,-0.15377786789286743,0.0023465269797151027,43.9
10575,72,34.8,30.0,0.0,1044.0,0.11145942277167982,0.025377176015473887,0.16253252335888052,0.05846774193548387,0.10584292062922548,0.009300585295453937,34.8
10575,76,18.0,10.0,0.0,180.0,-0.19371971134534965,0.012379110251450677,-0.514343027225188,0.018145161290322582,-0.18151598442213024,0.0016035491888713685,18.0
10576,1,18.0,10.0,0.0,180.0,-0.19371971134534965,0.012379110251450677,-0.514343027225188,0.018145161290322582,-0.18151598442213024,0.0016035491888713685,18.0
10576,31,12.5,20.0,0.0,250.0,-0.29362954691937715,0.008123791102514507,-0.17590525193315373,0.038306451612903226,-0.1582345916517658,0.0022271516512102343,12.5
10576,44,19.45,21.0,0.0,408.45,-0.16737984560310604,0.013500967117988394,-0.1420614744039503,0.04032258064516129,-0.10553549615941935,0.0036387203677472803,19.45
10577,39,18.0,10.0,0.0,180.0,-0.19371971134534965,0.012379110251450677,-0.514343027225188,0.018145161290322582,-0.18151598442213024,0.0016035491888713685,18.0
10577,75,7.75,20.0,0.0,155.0,-0.3799153140060373,0.004448742746615087,-0.17590525193315373,0.038306451612903226,-0.18983076755440326,0.0013808340237503453,7.75
10577,77,13.0,18.0,0.0,234.0,-0.28454683459446556,0.00851063829787234,-0.2435928069915606,0.034274193548387094,-0.1635560528564205,0.002084613945532779,13.0
10578,35,18.0,20.0,0.0,360.0,-0.19371971134534965,0.012379110251450677,-0.17590525193315373,0.038306451612903226,-0.12164954586976447,0.003207098377742737,18.0
10578,57,19.5,6.0,0.0,117.0,-0.16647157437061486,0.013539651837524178,-0.6497181373420017,0.010080645161290322,-0.20246923791545826,0.0010423069727663896,19.5
10579,15,15.5,10.0,0.0,155.0,-0.2391332729699076,0.010444874274661509,-0.514343027225188,0.018145161290322582,-0.18983076755440326,0.0013808340237503453,15.5
10579,75,7.75,21.0,0.0,162.75,-0.3799153140060373,0.004448742746615087,-0.1420614744039503,0.04032258064516129,-0.18725318478339864,0.0014498757249378626,7.75
10580,14,23.25,15.0,0.05,331.3125,-0.09835123193377793,0.01644100580270793,-0.3451241395791709,0.028225806451612902,-0.13119075951404777,0.002951532725766363,23.25
10580,41,9.65,9.0,0.05,82.50750000000001,-0.3454010071713733,0.005918762088974855,-0.5481868047543914,0.016129032258064516,-0.21394114420305535,0.0007350268594489137,9.65
10580,65,21.05,30.0,0.05,599.925,-0.13831516616338893,0.014738878143133462,0.16253252335888052,0.05846774193548387,-0.04185257214934027,0.005344495817409199,21.05
10581,75,7.75,50.0,0.2,310.0,-0.3799153140060373,0.004448742746615087,0.839408073942949,0.09879032258064516,-0.13827911213431052,0.0027616680475006906,7.75
10582,57,19.5,4.0,0.0,78.0,-0.16647157437061486,0.013539651837524178,-0.7174056924004085,0.006048387096774193,-0.2154402996018042,0.0006948713151775931,19.5
10582,76,18.0,14.0,0.0,252.0,-0.19371971134534965,0.012379110251450677,-0.3789679171083743,0.02620967741935484,-0.15756940900118394,0.0022449688644199163,18.0
10583,29,123.79,10.0,0.0,1237.9,1.7280005623594452,0.09422823984526113,-0.514343027225188,0.018145161290322582,0.1703323786031351,0.011027964116132596,123.79
10583,60,34.0,24.0,0.15,693.6,0.09692708305182132,0.024758220502901353,-0.040530141816340036,0.046370967741935484,-0.01069707975271322,0.006179009541117674,34.0
10583,69,36.0,10.0,0.15,306.0,0.13325793235146768,0.02630560928433269,-0.514343027225188,0.018145161290322582,-0.1396094774354742,0.0027260336210813267,36.0
10584,31,12.5,50.0,0.05,593.75,-0.29362954691937715,0.008123791102514507,0.839408073942949,0.09879032258064516,-0.043906323583011685,0.005289485171624306,12.5
10585,47,9.5,15.0,0.0,142.5,-0.34812582086884675,0.005802707930367505,-0.3451241395791709,0.028225806451612902,-0.1939881591205398,0.0012694764411898334,9.5
10586,52,7.0,4.0,0.15,23.8,-0.3935393824934047,0.0038684719535783366,-0.7174056924004085,0.006048387096774193,-0.23346674943257212,0.0002120248371952143,7.0
10587,26,31.23,6.0,0.0,187.38,0.046608856771811105,0.022615087040618955,-0.6497181373420017,0.010080645161290322,-0.17906146044148324,0.0016692947056150948,31.23
10587,35,18.0,20.0,0.0,360.0,-0.19371971134534965,0.012379110251450677,-0.17590525193315373,0.038306451612903226,-0.12164954586976447,0.003207098377742737,18.0
10587,77,13.0,20.0,0.0,260.0,-0.28454683459446556,0.00851063829787234,-0.17590525193315373,0.038306451612903226,-0.15490867839885655,0.0023162377172586436,13.0
10588,18,62.5,40.0,0.2,2000.0,0.6146416855717821,0.04680851063829787,0.5009702986509148,0.07862903225806452,0.4238002276073459,0.017817213209681874,62.5
10588,42,14.0,100.0,0.2,1120.0,-0.2663814099446424,0.009284332688588007,2.53159695040312,0.19959677419354838,0.13111986135133546,0.009977639397421849,14.0
10589,35,18.0,4.0,0.0,72.0,-0.19371971134534965,0.012379110251450677,-0.7174056924004085,0.006048387096774193,-0.21743584755354972,0.0006414196755485475,18.0
10590,1,18.0,20.0,0.0,360.0,-0.19371971134534965,0.012379110251450677,-0.17590525193315373,0.038306451612903226,-0.12164954586976447,0.003207098377742737,18.0
10590,77,13.0,60.0,0.05,741.0,-0.28454683459446556,0.00851063829787234,1.1778458492349833,0.11895161290322581,0.005067749066076427,0.006601277494187134,13.0
10591,3,10.0,14.0,0.0,140.0,-0.33904310854393516,0.006189555125725338,-0.3789679171083743,0.02620967741935484,-0.1948196374337671,0.001247204924677731,10.0
10591,7,30.0,10.0,0.0,300.0,0.024265384452528578,0.021663442940038684,-0.514343027225188,0.018145161290322582,-0.14160502538721972,0.0026725819814522813,30.0
10591,54,7.45,50.0,0.0,372.5,-0.38536494140098426,0.004216634429400387,0.839408073942949,0.09879032258064516,-0.11749215430362796,0.003318455960303249,7.45
10592,15,15.5,25.0,0.05,368.125,-0.2391332729699076,0.010444874274661509,-0.006686364287136612,0.04838709677419355,-0.11894724135177573,0.00327948080640707,15.5
10592,26,31.23,5.0,0.05,148.3425,0.046608856771811105,0.022615087040618955,-0.6835619148712051,0.008064516129032258,-0.19204499430252758,0.0013215249752786167,31.23
10593,20,81.0,21.0,0.2,1360.8000000000002,0.950702041593511,0.06112185686653772,-0.1420614744039503,0.04032258064516129,0.21120785248138932,0.01212283186786755,81.0
10593,69,36.0,20.0,0.2,576.0,0.13325793235146768,0.02630560928433269,-0.17590525193315373,0.038306451612903226,-0.049809819606925536,0.00513135740438838,36.0
10593,76,18.0,4.0,0.2,57.6,-0.19371971134534965,0.012379110251450677,-0.7174056924004085,0.006048387096774193,-0.22222516263773898,0.000513135740438838,18.0
10594,52,7.0,24.0,0.0,168.0,-0.3935393824934047,0.0038684719535783366,-0.040530141816340036,0.046370967741935484,-0.1855070803256213,0.0014966459096132773,7.0
10594,58,13.25,30.0,0.0,397.5,-0.2800054784320098,0.008704061895551257,0.16253252335888052,0.05846774193548387,-0.10917737117135493,0.0035411711254242726,13.25
10595,35,18.0,30.0,0.25,405.0,-0.19371971134534965,0.012379110251450677,0.16253252335888052,0.05846774193548387,-0.10668293623167302,0.0036079856749605794,18.0
10595,61,28.5,120.0,0.25,2565.0,-0.002982752522206199,0.020502901353965184,3.2084725009871886,0.2399193548387097,0.6117143263967163,0.022850575941417,28.5
10595,69,36.0,20.0,0.25,540.0,0.13325793235146768,0.02630560928433269,-0.17590525193315373,0.038306451612903226,-0.06178310731739869,0.004810647566614106,36.0
10596,56,38.0,5.0,0.2,152.0,0.16958878165111407,0.027852998065764023,-0.6835619148712051,0.008064516129032258,-0.19082854153027604,0.0013541082039358224,38.0
10596,63,43.9,24.0,0.2,842.88,0.27676478708507085,0.03241779497098646,-0.040530141816340036,0.046370967741935484,0.03895215328671545,0.007508886335088329,43.9
10596,75,7.75,30.0,0.2,186.0,-0.3799153140060373,0.004448742746615087,0.16253252335888052,0.05846774193548387,-0.1795204364703847,0.0016570008285004142,7.75
10597,24,4.5,35.0,0.2,126.0,-0.43895294411796265,0.0019342359767891683,0.33175141100489763,0.06854838709677419,-0.19947591598783998,0.0011224844322099581,4.5
10597,57,19.5,20.0,0.0,390.0,-0.16647157437061486,0.013539651837524178,-0.17590525193315373,0.038306451612903226,-0.11167180611103683,0.0034743565758879654,19.5
10597,65,21.05,12.0,0.2,202.08000000000004,-0.13831516616338893,0.014738878143133462,-0.44665547216678114,0.02217741935483871,-0.1741723679597067,0.001800251222706257,21.05
10598,27,43.9,50.0,0.0,2195.0,0.27676478708507085,0.03241779497098646,0.839408073942949,0.09879032258064516,0.4886555360390755,0.019554391497625858,43.9
10598,71,21.5,9.0,0.0,193.5,-0.1301407250709685,0.015087040618955513,-0.5481868047543914,0.016129032258064516,-0.1770260015307028,0.0017238153780367214,21.5
10599,62,49.3,10.0,0.0,493.0,0.374858080194116,0.03659574468085106,-0.514343027225188,0.018145161290322582,-0.07741489960607198,0.004391943056186582,49.3
10600,54,7.45,4.0,0.0,29.8,-0.38536494140098426,0.004216634429400387,-0.7174056924004085,0.006048387096774193,-0.2314712014808266,0.00026547647682425993,7.45
10600,73,15.0,30.0,0.0,450.0,-0.2482159852948192,0.010058027079303675,0.16253252335888052,0.05846774193548387,-0.09171632659358157,0.004008872972178421,15.0
10601,13,6.0,60.0,0.0,360.0,-0.4117048071432279,0.003094777562862669,1.1778458492349833,0.11895161290322581,-0.12164954586976447,0.003207098377742737,6.0
10601,59,55.0,35.0,0.0,1925.0,0.4784010006981082,0.04100580270793037,0.33175141100489763,0.06854838709677419,0.39885587821052687,0.017149067714318803,55.0
10602,77,13.0,5.0,0.25,48.75,-0.28454683459446556,0.00851063829787234,-0.6835619148712051,0.008064516129032258,-0.22516859586656363,0.0004342945719859957,13.0
10603,22,21.0,48.0,0.0,1008.0,-0.13922343739588008,0.014700193423597678,0.7717205188845422,0.09475806451612903,0.09386963291875233,0.008979875457679665,21.0
10603,49,20.0,25.0,0.05,475.0,-0.15738886204570326,0.013926499032882012,-0.006686364287136612,0.04838709677419355,-0.08340154346130856,0.004231588137299445,20.0
10604,48,12.75,6.0,0.1,68.85000000000001,-0.2890881907569214,0.008317214700193424,-0.6497181373420017,0.010080645161290322,-0.2184835102282161,0.0006133575647432986,12.75
10604,76,18.0,10.0,0.1,162.0,-0.19371971134534965,0.012379110251450677,-0.514343027225188,0.018145161290322582,-0.18750262827736683,0.0014431942699842317,18.0
10605,16,17.45,30.0,0.05,497.325,-0.2037106949027524,0.01195357833655706,0.16253252335888052,0.05846774193548387,-0.07597644212418875,0.004430472779752519,17.45
10605,59,55.0,20.0,0.05,1045.0,0.4784010006981082,0.04100580270793037,-0.17590525193315373,0.038306451612903226,0.10617551195451641,0.009309493902058779,55.0
10605,60,34.0,70.0,0.05,2261.0,0.09692708305182132,0.024758220502901353,1.5162836245270175,0.13911290322580644,0.5106065635082763,0.02014235953354536,34.0
10605,71,21.5,20.0,0.05,408.5,-0.1301407250709685,0.015087040618955513,-0.17590525193315373,0.038306451612903226,-0.1055188665931548,0.0036391657980775227,21.5
10606,4,22.0,20.0,0.2,352.0,-0.1210580127460569,0.015473887814313346,-0.17590525193315373,0.038306451612903226,-0.12431027647209184,0.0031358295249040097,22.0
10606,55,24.0,20.0,0.2,384.0,-0.08472716344641053,0.01702127659574468,-0.17590525193315373,0.038306451612903226,-0.11366735406278236,0.0034209049362589196,24.0
10606,62,49.3,10.0,0.2,394.40000000000003,0.374858080194116,0.03659574468085106,-0.514343027225188,0.018145161290322582,-0.11020840427975677,0.0035135544449492657,49.3
10607,7,30.0,45.0,0.0,1350.0,0.024265384452528578,0.021663442940038684,0.6701891862969319,0.08870967741935484,0.20761586616824731,0.012026618916535265,30.0
10607,17,39.0,100.0,0.0,3900.0,0.18775420630093725,0.02862669245647969,2.53159695040312,0.19959677419354838,1.0557237456600956,0.03474356575887965,39.0
10607,33,2.5,14.0,0.0,35.0,-0.475283793417609,0.00038684719535783365,-0.3789679171083743,0.02620967741935484,-0.2297417265893138,0.0003118012311694328,2.5
10607,40,18.4,42.0,0.0,772.8,-0.1864535414854204,0.012688588007736944,0.5686578537093216,0.08266129032258064,0.015644153210327697,0.006884571184221076,18.4
10607,72,34.8,12.0,0.0,417.59999999999997,0.11145942277167982,0.025377176015473887,-0.44665547216678114,0.02217741935483871,-0.10249228553300743,0.003720234118181575,34.8
10608,56,38.0,28.0,0.0,1064.0,0.16958878165111407,0.027852998065764023,0.09484496830047366,0.05443548387096774,0.1124947471350439,0.009478757427550756,38.0
10609,1,18.0,3.0,0.0,54.0,-0.19371971134534965,0.012379110251450677,-0.751249469929612,0.004032258064516129,-0.22342249140878628,0.00048106475666141057,18.0
10609,10,31.0,10.0,0.0,310.0,0.042430809102351766,0.02243713733075435,-0.514343027225188,0.018145161290322582,-0.13827911213431052,0.0027616680475006906,31.0
10609,21,10.0,6.0,0.0,60.0,-0.33904310854393516,0.006189555125725338,-0.6497181373420017,0.010080645161290322,-0.22142694345704075,0.0005345163962904563,10.0
10610,36,19.0,21.0,0.25,299.25,-0.17555428669552647,0.013152804642166345,-0.1420614744039503,0.04032258064516129,-0.1418544688811879,0.0026659005264986504,19.0
10611,1,18.0,6.0,0.0,108.0,-0.19371971134534965,0.012379110251450677,-0.6497181373420017,0.010080645161290322,-0.20546255984307654,0.0009621295133228211,18.0
10611,2,19.0,10.0,0.0,190.0,-0.17555428669552647,0.013152804642166345,-0.514343027225188,0.018145161290322582,-0.17819007116922103,0.001692635254919778,19.0
10611,60,34.0,15.0,0.0,510.0,0.09692708305182132,0.024758220502901353,-0.3451241395791709,0.028225806451612902,-0.07176084707612632,0.004543389368468878,34.0
10612,10,31.0,70.0,0.0,2170.0,0.042430809102351766,0.02243713733075435,1.5162836245270175,0.13911290322580644,0.4803407529068025,0.01933167633250483,31.0
10612,36,19.0,55.0,0.0,1045.0,-0.17555428669552647,0.013152804642166345,1.0086269615889663,0.10887096774193548,0.10617551195451641,0.009309493902058779,19.0
10612,49,20.0,18.0,0.0,360.0,-0.15738886204570326,0.013926499032882012,-0.2435928069915606,0.034274193548387094,-0.12164954586976447,0.003207098377742737,20.0
10612,60,34.0,40.0,0.0,1360.0,0.09692708305182132,0.024758220502901353,0.5009702986509148,0.07862903225806452,0.21094177942115652,0.012115704982583674,34.0
10612,76,18.0,80.0,0.0,1440.0,-0.19371971134534965,0.012379110251450677,1.8547213998190517,0.1592741935483871,0.23754908544443018,0.012828393510970948,18.0
10613,13,6.0,8.0,0.1,43.2,-0.4117048071432279,0.003094777562862669,-0.5820305822835948,0.014112903225806451,-0.22701447772192823,0.0003848518053291285,6.0
10613,75,7.75,40.0,0.0,310.0,-0.3799153140060373,0.004448742746615087,0.5009702986509148,0.07862903225806452,-0.13827911213431052,0.0027616680475006906,7.75
10614,11,21.0,14.0,0.0,294.0,-0.13922343739588008,0.014700193423597678,-0.3789679171083743,0.02620967741935484,-0.14360057333896525,0.0026191303418232354,21.0
10614,21,10.0,8.0,0.0,80.0,-0.33904310854393516,0.006189555125725338,-0.5820305822835948,0.014112903225806451,-0.21477511695122234,0.000712688528387275,10.0
10614,39,18.0,5.0,0.0,90.0,-0.19371971134534965,0.012379110251450677,-0.6835619148712051,0.008064516129032258,-0.21144920369831313,0.0008017745944356843,18.0
10615,55,24.0,5.0,0.0,120.0,-0.08472716344641053,0.01702127659574468,-0.6835619148712051,0.008064516129032258,-0.2014714639395855,0.0010690327925809125,24.0
10616,38,263.5,15.0,0.05,3754.875,4.265892040186243,0.202321083172147,-0.3451241395791709,0.028225806451612902,1.0074564295772508,0.03345070422535211,251.915000000003
10616,56,38.0,14.0,0.0,532.0,0.16958878165111407,0.027852998065764023,-0.3789679171083743,0.02620967741935484,-0.06444383791972606,0.004739378713775378,38.0
10616,70,15.0,15.0,0.05,213.75,-0.2482159852948192,0.010058027079303675,-0.3451241395791709,0.028225806451612902,-0.17029102719356165,0.0019042146617847503,15.0
10616,71,21.5,15.0,0.05,306.375,-0.1301407250709685,0.015087040618955513,-0.3451241395791709,0.028225806451612902,-0.13948475568849011,0.002729374348558142,21.5
10617,59,55.0,30.0,0.15,1402.5,0.4784010006981082,0.04100580270793037,0.16253252335888052,0.05846774193548387,0.22507691074602065,0.012494320763289414,55.0
10618,6,25.0,70.0,0.0,1750.0,-0.06656173879658735,0.017794970986460348,1.5162836245270175,0.13911290322580644,0.3406523962846157,0.01559006155847164,25.0
10618,56,38.0,20.0,0.0,760.0,0.16958878165111407,0.027852998065764023,-0.17590525193315373,0.038306451612903226,0.011386984246603926,0.006770541019679112,38.0
10618,68,12.5,15.0,0.0,187.5,-0.29362954691937715,0.008123791102514507,-0.3451241395791709,0.028225806451612902,-0.17902154948244833,0.0016703637384076757,12.5
10619,21,10.0,42.0,0.0,420.0,-0.33904310854393516,0.006189555125725338,0.5686578537093216,0.08266129032258064,-0.10169406635230921,0.0037416147740331933,10.0
10619,22,21.0,40.0,0.0,840.0,-0.13922343739588008,0.014700193423597678,0.5009702986509148,0.07862903225806452,0.037994290269877606,0.007483229548066387,21.0
10620,24,4.5,5.0,0.0,22.5,-0.43895294411796265,0.0019342359767891683,-0.6835619148712051,0.008064516129032258,-0.2338991181554503,0.00020044364860892107,4.5
10620,52,7.0,5.0,0.0,35.0,-0.3935393824934047,0.0038684719535783366,-0.6835619148712051,0.008064516129032258,-0.2297417265893138,0.0003118012311694328,7.0
10621,19,9.2,5.0,0.0,46.0,-0.35357544826379367,0.0055705996131528044,-0.6835619148712051,0.008064516129032258,-0.22608322201111367,0.0004097959038226831,9.2
10621,23,9.0,10.0,0.0,90.0,-0.35720853319375834,0.005415860735009671,-0.514343027225188,0.018145161290322582,-0.21144920369831313,0.0008017745944356843,9.0
10621,70,15.0,20.0,0.0,300.0,-0.2482159852948192,0.010058027079303675,-0.17590525193315373,0.038306451612903226,-0.14160502538721972,0.0026725819814522813,15.0
10621,71,21.5,15.0,0.0,322.5,-0.1301407250709685,0.015087040618955513,-0.3451241395791709,0.028225806451612902,-0.134121720568174,0.002873025630061202,21.5
10622,2,19.0,20.0,0.0,380.0,-0.17555428669552647,0.013152804642166345,-0.17590525193315373,0.038306451612903226,-0.11499771936394605,0.003385270509839556,19.0
10622,68,12.5,18.0,0.0,225.0,-0.29362954691937715,0.008123791102514507,-0.2435928069915606,0.034274193548387094,-0.1665493747840388,0.0020044364860892106,12.5
10623,14,23.25,21.0,0.0,488.25,-0.09835123193377793,0.01644100580270793,-0.1420614744039503,0.04032258064516129,-0.07899470840120384,0.004349627174813587,23.25
10623,19,9.2,15.0,0.1,124.2,-0.35357544826379367,0.0055705996131528044,-0.3451241395791709,0.028225806451612902,-0.20007458037336362,0.0011064489403212444,9.2
10623,21,10.0,25.0,0.1,225.0,-0.33904310854393516,0.006189555125725338,-0.006686364287136612,0.04838709677419355,-0.1665493747840388,0.0020044364860892106,10.0
10623,24,4.5,3.0,0.0,13.5,-0.43895294411796265,0.0019342359767891683,-0.751249469929612,0.004032258064516129,-0.2368924400830686,0.00012026618916535264,4.5
10623,35,18.0,30.0,0.1,486.0,-0.19371971134534965,0.012379110251450677,0.16253252335888052,0.05846774193548387,-0.07974303888310842,0.004329582809952695,18.0
10624,28,45.6,10.0,0.0,456.0,0.3076460089897703,0.0337330754352031,-0.514343027225188,0.018145161290322582,-0.08972077864183606,0.0040623246118074675,45.6
10624,29,123.79,6.0,0.0,742.74,1.7280005623594452,0.09422823984526113,-0.6497181373420017,0.010080645161290322,0.005646457972082632,0.006616778469679558,123.79
10624,44,19.45,10.0,0.0,194.5,-0.16737984560310604,0.013500967117988394,-0.514343027225188,0.018145161290322582,-0.17669341020541188,0.0017327239846415621,19.45
10625,14,23.25,3.0,0.0,69.75,-0.09835123193377793,0.01644100580270793,-0.751249469929612,0.004032258064516129,-0.21818417803545428,0.0006213753106876554,23.25
10625,42,14.0,5.0,0.0,70.0,-0.2663814099446424,0.009284332688588007,-0.6835619148712051,0.008064516129032258,-0.21810103020413155,0.0006236024623388656,14.0
10625,60,34.0,10.0,0.0,340.0,0.09692708305182132,0.024758220502901353,-0.514343027225188,0.018145161290322582,-0.1283013723755829,0.0030289262456459185,34.0
10626,53,32.8,12.0,0.0,393.59999999999997,0.07512857347203344,0.02382978723404255,-0.44665547216678114,0.02217741935483871,-0.11047447733998954,0.0035064275596653925,32.8
10626,60,34.0,20.0,0.0,680.0,0.09692708305182132,0.024758220502901353,-0.17590525193315373,0.038306451612903226,-0.015220321776669753,0.006057852491291837,34.0
10626,71,21.5,20.0,0.0,430.0,-0.1301407250709685,0.015087040618955513,-0.17590525193315373,0.038306451612903226,-0.0983681530994,0.0038307008400816026,21.5
10627,62,49.3,15.0,0.0,739.5,0.374858080194116,0.03659574468085106,-0.3451241395791709,0.028225806451612902,0.004568862078140046,0.006587914584279873,49.3
10627,73,15.0,35.0,0.15,446.25,-0.2482159852948192,0.010058027079303675,0.33175141100489763,0.06854838709677419,-0.09296354406342253,0.003975465697410268,15.0
10628,1,18.0,25.0,0.0,450.0,-0.19371971134534965,0.012379110251450677,-0.006686364287136612,0.04838709677419355,-0.09171632659358157,0.004008872972178421,18.0
10629,29,123.79,20.0,0.0,2475.8,1.7280005623594452,0.09422823984526113,-0.17590525193315373,0.038306451612903226,0.5820471801807662,0.022055928232265192,123.79
10629,64,33.25,9.0,0.0,299.25,0.08330301456445394,0.024177949709864602,-0.5481868047543914,0.016129032258064516,-0.1418544688811879,0.0026659005264986504,33.25
10630,55,24.0,12.0,0.05,273.59999999999997,-0.08472716344641053,0.01702127659574468,-0.44665547216678114,0.02217741935483871,-0.15038543637490004,0.00243739476708448,24.0
10630,76,18.0,35.0,0.0,630.0,-0.19371971134534965,0.012379110251450677,0.33175141100489763,0.06854838709677419,-0.0318498880412158,0.00561242216104979,18.0
10631,75,7.75,8.0,0.1,55.800000000000004,-0.3799153140060373,0.004448742746615087,-0.5820305822835948,0.014112903225806451,-0.22282382702326264,0.0004971002485501243,7.75
10632,2,19.0,30.0,0.05,541.5,-0.17555428669552647,0.013152804642166345,0.16253252335888052,0.05846774193548387,-0.06128422032946231,0.004824010476521368,19.0
10632,33,2.5,20.0,0.05,47.5,-0.475283793417609,0.00038684719535783365,-0.17590525193315373,0.038306451612903226,-0.22558433502317726,0.0004231588137299445,2.5
10633,12,38.0,36.0,0.15,1162.8,0.16958878165111407,0.027852998065764023,0.36559518853410106,0.07056451612903226,0.1453547700737869,0.01035892776010904,38.0
10633,13,6.0,13.0,0.15,66.3,-0.4117048071432279,0.003094777562862669,-0.4128116946375777,0.024193548387096774,-0.219331618107708,0.0005906406179009541,6.0
10633,26,31.23,35.0,0.15,929.0925,0.046608856771811105,0.022615087040618955,0.33175141100489763,0.06854838709677419,0.06762568291835898,0.008276919582008178,31.23
10633,62,49.3,80.0,0.15,3352.4,0.374858080194116,0.03659574468085106,1.8547213998190517,0.1592741935483871,0.8735967359307876,0.02986521278206876,49.3
10634,7,30.0,35.0,0.0,1050.0,0.024265384452528578,0.021663442940038684,0.33175141100489763,0.06854838709677419,0.10783846858097101,0.009354036935082983,30.0
10634,18,62.5,50.0,0.0,3125.0,0.6146416855717821,0.04680851063829787,0.839408073942949,0.09879032258064516,0.797965468559632,0.02783939564012793,62.5
10634,51,53.0,15.0,0.0,795.0,0.44207015139846184,0.039458413926499035,-0.3451241395791709,0.028225806451612902,0.02302768063178616,0.007082342250848545,53.0
10634,75,7.75,2.0,0.0,15.5,-0.3799153140060373,0.004448742746615087,-0.7850932474588154,0.0020161290322580645,-0.23622725743248674,0.00013808340237503452,7.75
10635,4,22.0,10.0,0.1,198.0,-0.1210580127460569,0.015473887814313346,-0.514343027225188,0.018145161290322582,-0.17552934056689368,0.0017639041077585054,22.0
10635,5,21.35,15.0,0.1,288.225,-0.13286553876844195,0.014970986460348163,-0.3451241395791709,0.028225806451612902,-0.1455212882425203,0.0025676831386802794,21.35
10635,22,21.0,40.0,0.0,840.0,-0.13922343739588008,0.014700193423597678,0.5009702986509148,0.07862903225806452,0.037994290269877606,0.007483229548066387,21.0
10636,4,22.0,25.0,0.0,550.0,-0.1210580127460569,0.015473887814313346,-0.006686364287136612,0.04838709677419355,-0.05845719406448948,0.004899733632662515,22.0
10636,58,13.25,6.0,0.0,79.5,-0.2800054784320098,0.008704061895551257,-0.6497181373420017,0.010080645161290322,-0.2149414126138678,0.0007082342250848545,13.25
10637,11,21.0,10.0,0.0,210.0,-0.13922343739588008,0.014700193423597678,-0.514343027225188,0.018145161290322582,-0.17153824466340262,0.0018708073870165967,21.0
10637,50,16.25,25.0,0.05,385.9375,-0.22550920448254022,0.011025145067698259,-0.006686364287136612,0.04838709677419355,-0.1130229583700312,0.003438165361555799,16.25
10637,56,38.0,60.0,0.05,2166.0,0.16958878165111407,0.027852998065764023,1.1778458492349833,0.11895161290322581,0.4790103876056388,0.01929604190608547,38.0
10638,45,9.5,20.0,0.0,190.0,-0.34812582086884675,0.005802707930367505,-0.17590525193315373,0.038306451612903226,-0.17819007116922103,0.001692635254919778,9.5
10638,65,21.05,21.0,0.0,442.05,-0.13831516616338893,0.014738878143133462,-0.1420614744039503,0.04032258064516129,-0.0943604276296444,0.003938049549669936,21.05
10638,72,34.8,60.0,0.0,2088.0,0.11145942277167982,0.025377176015473887,1.1778458492349833,0.11895161290322581,0.453068264232947,0.018601170590907875,34.8
10639,18,62.5,8.0,0.0,500.0,0.6146416855717821,0.04680851063829787,-0.5820305822835948,0.014112903225806451,-0.07508676032903552,0.004454303302420469,62.5
10640,69,36.0,20.0,0.25,540.0,0.13325793235146768,0.02630560928433269,-0.17590525193315373,0.038306451612903226,-0.06178310731739869,0.004810647566614106,36.0
10640,70,15.0,15.0,0.25,168.75,-0.2482159852948192,0.010058027079303675,-0.3451241395791709,0.028225806451612902,-0.1852576368316531,0.0015033273645669082,15.0
10641,2,19.0,50.0,0.0,950.0,-0.17555428669552647,0.013152804642166345,0.839408073942949,0.09879032258064516,0.07457933605187891,0.00846317627459889,19.0
10641,40,18.4,60.0,0.0,1104.0,-0.1864535414854204,0.012688588007736944,1.1778458492349833,0.11895161290322581,0.12579840014668076,0.009835101691744395,18.4
10642,21,10.0,30.0,0.2,240.0,-0.33904310854393516,0.006189555125725338,0.16253252335888052,0.05846774193548387,-0.161560504904675,0.002138065585161825,10.0
10642,61,28.5,20.0,0.2,456.0,-0.002982752522206199,0.020502901353965184,-0.17590525193315373,0.038306451612903226,-0.08972077864183606,0.0040623246118074675,28.5
10643,28,45.6,15.0,0.25,513.0,0.3076460089897703,0.0337330754352031,-0.3451241395791709,0.028225806451612902,-0.07076307310025355,0.004570115188283401,45.6
10643,39,18.0,21.0,0.25,283.5,-0.19371971134534965,0.012379110251450677,-0.1420614744039503,0.04032258064516129,-0.1470927822545199,0.0025255899724724055,18.0
10643,46,12.0,2.0,0.25,18.0,-0.30271225924428874,0.007736943907156673,-0.7850932474588154,0.0020161290322580645,-0.23539577911925944,0.00016035491888713688,12.0
10644,18,62.5,4.0,0.1,225.0,0.6146416855717821,0.04680851063829787,-0.7174056924004085,0.006048387096774193,-0.1665493747840388,0.0020044364860892106,62.5
10644,43,46.0,20.0,0.0,920.0,0.3149121788496995,0.03404255319148936,-0.17590525193315373,0.038306451612903226,0.06460159629315128,0.008195918076453661,46.0
10644,46,12.0,21.0,0.1,226.8,-0.30271225924428874,0.007736943907156673,-0.1420614744039503,0.04032258064516129,-0.16595071039851514,0.0020204719779779246,12.0
10645,18,62.5,20.0,0.0,1250.0,0.6146416855717821,0.04680851063829787,-0.17590525193315373,0.038306451612903226,0.17435673363915521,0.01113575825605117,62.5
10645,36,19.0,15.0,0.0,285.0,-0.17555428669552647,0.013152804642166345,-0.3451241395791709,0.028225806451612902,-0.14659389526658353,0.002538952882379667,19.0
10646,1,18.0,15.0,0.25,202.5,-0.19371971134534965,0.012379110251450677,-0.3451241395791709,0.028225806451612902,-0.17403267960308452,0.0018039928374802897,18.0
10646,10,31.0,18.0,0.25,418.5,0.042430809102351766,0.02243713733075435,-0.2435928069915606,0.034274193548387094,-0.10219295334024558,0.003728251864125932,31.0
10646,71,21.5,30.0,0.25,483.75,-0.1301407250709685,0.015087040618955513,0.16253252335888052,0.05846774193548387,-0.080491369365013,0.004309538445091804,21.5
10646,77,13.0,35.0,0.25,341.25,-0.28454683459446556,0.00851063829787234,0.33175141100489763,0.06854838709677419,-0.12788563321896923,0.0030400620039019695,13.0
10647,19,9.2,30.0,0.0,276.0,-0.35357544826379367,0.0055705996131528044,0.16253252335888052,0.05846774193548387,-0.14958721719420182,0.0024587754229360988,9.2
10648,22,21.0,15.0,0.0,315.0,-0.13922343739588008,0.014700193423597678,-0.3451241395791709,0.028225806451612902,-0.1366161555078559,0.002806211080524895,21.0
10648,24,4.5,15.0,0.15,57.375,-0.43895294411796265,0.0019342359767891683,-0.3451241395791709,0.028225806451612902,-0.22229999568592942,0.0005111313039527488,4.5
10649,28,45.6,20.0,0.0,912.0,0.3076460089897703,0.0337330754352031,-0.17590525193315373,0.038306451612903226,0.06194086569082392,0.008124649223614935,45.6
10649,72,34.8,15.0,0.0,522.0,0.11145942277167982,0.025377176015473887,-0.3451241395791709,0.028225806451612902,-0.06776975117263527,0.004650292647726969,34.8
10650,30,25.89,30.0,0.0,776.7,-0.0503945108582447,0.01848355899419729,0.16253252335888052,0.05846774193548387,0.01694125937896232,0.006919314749979956,25.89
10650,53,32.8,25.0,0.05,778.9999999999999,0.07512857347203344,0.02382978723404255,-0.006686364287136612,0.04838709677419355,0.017706219427131385,0.006939804545171089,32.8
10650,54,7.45,30.0,0.0,223.5,-0.38536494140098426,0.004216634429400387,0.16253252335888052,0.05846774193548387,-0.16704826177197518,0.0019910735761819493,7.45
10651,19,9.2,12.0,0.25,82.8,-0.35357544826379367,0.0055705996131528044,-0.44665547216678114,0.02217741935483871,-0.21384386124040777,0.0007376326268808296,9.2
10651,22,21.0,20.0,0.25,315.0,-0.13922343739588008,0.014700193423597678,-0.17590525193315373,0.038306451612903226,-0.1366161555078559,0.002806211080524895,21.0
10652,30,25.89,2.0,0.25,38.835,-0.0503945108582447,0.01848355899419729,-0.7850932474588154,0.0020161290322580645,-0.2284662388568231,0.0003459657374989978,25.89
10652,42,14.0,20.0,0.0,280.0,-0.2663814099446424,0.009284332688588007,-0.17590525193315373,0.038306451612903226,-0.14825685189303814,0.002494409849355462,14.0
10653,16,17.45,30.0,0.1,471.15000000000003,-0.2037106949027524,0.01195357833655706,0.16253252335888052,0.05846774193548387,-0.08468202006367859,0.0041972900018708076,17.45
10653,60,34.0,20.0,0.1,612.0,0.09692708305182132,0.024758220502901353,-0.17590525193315373,0.038306451612903226,-0.03783653189645238,0.005452067242162653,34.0
10654,4,22.0,12.0,0.1,237.6,-0.1210580127460569,0.015473887814313346,-0.44665547216678114,0.02217741935483871,-0.1623587240853732,0.0021166849293102067,22.0
10654,39,18.0,20.0,0.1,324.0,-0.19371971134534965,0.012379110251450677,-0.17590525193315373,0.038306451612903226,-0.13362283358023763,0.0028863885399684633,18.0
10654,54,7.45,6.0,0.1,40.230000000000004,-0.38536494140098426,0.004216634429400387,-0.6497181373420017,0.010080645161290322,-0.22800227395804226,0.0003583932437127509,7.45
10655,41,9.65,20.0,0.2,154.4,-0.3454010071713733,0.005918762088974855,-0.17590525193315373,0.038306451612903226,-0.19003032234957784,0.0013754888597874407,9.65
10656,14,23.25,3.0,0.1,62.775,-0.09835123193377793,0.01644100580270793,-0.751249469929612,0.004032258064516129,-0.22050400252935845,0.0005592377796188898,23.25
10656,44,19.45,28.0,0.1,490.14000000000004,-0.16737984560310604,0.013500967117988394,0.09484496830047366,0.05443548387096774,-0.078366110796404,0.0043664644412967375,19.45
10656,47,9.5,6.0,0.1,51.300000000000004,-0.34812582086884675,0.005802707930367505,-0.6497181373420017,0.010080645161290322,-0.2243204879870718,0.0004570115188283401,9.5
10657,15,15.5,50.0,0.0,775.0,-0.2391332729699076,0.010444874274661509,0.839408073942949,0.09879032258064516,0.01637585412596774,0.006904170118751726,15.5
10657,41,9.65,24.0,0.0,231.60000000000002,-0.3454010071713733,0.005918762088974855,-0.040530141816340036,0.046370967741935484,-0.16435427203711872,0.0020632332896811613,9.65
10657,46,12.0,45.0,0.0,540.0,-0.30271225924428874,0.007736943907156673,0.6701891862969319,0.08870967741935484,-0.06178310731739869,0.004810647566614106,12.0
10657,47,9.5,10.0,0.0,95.0,-0.34812582086884675,0.005802707930367505,-0.514343027225188,0.018145161290322582,-0.20978624707185853,0.000846317627459889,9.5
10657,56,38.0,45.0,0.0,1710.0,0.16958878165111407,0.027852998065764023,0.6701891862969319,0.08870967741935484,0.32734874327297886,0.015233717294278002,38.0
10657,60,34.0,30.0,0.0,1020.0,0.09692708305182132,0.024758220502901353,0.16253252335888052,0.05846774193548387,0.09786072882224338,0.009086778736937756,34.0
10658,21,10.0,60.0,0.0,600.0,-0.33904310854393516,0.006189555125725338,1.1778458492349833,0.11895161290322581,-0.04182762779994343,0.0053451639629045625,10.0
10658,40,18.4,70.0,0.05,1223.6,-0.1864535414854204,0.012688588007736944,1.5162836245270175,0.13911290322580644,0.16557632265147487,0.01090057104168337,18.4
10658,60,34.0,55.0,0.05,1776.5,0.09692708305182132,0.024758220502901353,1.0086269615889663,0.10887096774193548,0.3494660664048251,0.015826139633499926,34.0
10658,77,13.0,70.0,0.05,864.5,-0.28454683459446556,0.00851063829787234,1.5162836245270175,0.13911290322580644,0.04614277773950517,0.00770149040988499,13.0
10659,31,12.5,20.0,0.05,237.5,-0.29362954691937715,0.008123791102514507,-0.17590525193315373,0.038306451612903226,-0.1623919832179023,0.0021157940686497225,12.5
10659,40,18.4,24.0,0.05,419.5199999999999,-0.1864535414854204,0.012688588007736944,-0.040530141816340036,0.046370967741935484,-0.10185371018844888,0.003737338642862869,18.4
10659,70,15.0,40.0,0.05,570.0,-0.2482159852948192,0.010058027079303675,0.5009702986509148,0.07862903225806452,-0.05180536755867106,0.005077905764759334,15.0
10660,20,81.0,21.0,0.0,1701.0,0.950702041593511,0.06112185686653772,-0.1420614744039503,0.04032258064516129,0.32435542134536055,0.015153539834834433,81.0
10661,39,18.0,3.0,0.2,43.2,-0.19371971134534965,0.012379110251450677,-0.751249469929612,0.004032258064516129,-0.22701447772192823,0.0003848518053291285,18.0
10661,58,13.25,49.0,0.2,519.4,-0.2800054784320098,0.008704061895551257,0.8055642964137456,0.0967741935483871,-0.06863448861839166,0.004627130270554382,13.25
10662,68,12.5,10.0,0.0,125.0,-0.29362954691937715,0.008123791102514507,-0.514343027225188,0.018145161290322582,-0.1998085073131309,0.0011135758256051172,12.5
10663,40,18.4,30.0,0.05,524.4,-0.1864535414854204,0.012688588007736944,0.16253252335888052,0.05846774193548387,-0.06697153199193706,0.004671673303578587,18.4
10663,42,14.0,30.0,0.05,399.0,-0.2663814099446424,0.009284332688588007,0.16253252335888052,0.05846774193548387,-0.10867848418341855,0.003554534035331534,14.0
10663,51,53.0,20.0,0.05,1007.0,0.44207015139846184,0.039458413926499035,-0.17590525193315373,0.038306451612903226,0.0935370415934614,0.008970966851074824,53.0
10664,10,31.0,24.0,0.15,632.4,0.042430809102351766,0.02243713733075435,-0.040530141816340036,0.046370967741935484,-0.0310516688605176,0.005633802816901408,31.0
10664,56,38.0,12.0,0.15,387.59999999999997,0.16958878165111407,0.027852998065764023,-0.44665547216678114,0.02217741935483871,-0.11247002529173505,0.0034529759200363466,38.0
10664,65,21.05,15.0,0.15,268.3875,-0.13831516616338893,0.014738878143133462,-0.3451241395791709,0.028225806451612902,-0.15211906865797897,0.002390958655156747,21.05
10665,51,53.0,20.0,0.0,1060.0,0.44207015139846184,0.039458413926499035,-0.17590525193315373,0.038306451612903226,0.11116438183388022,0.009443123001131393,53.0
10665,59,55.0,1.0,0.0,55.0,0.4784010006981082,0.04100580270793037,-0.8189370249880189,0.0,-0.22308990008349536,0.0004899733632662515,55.0
10665,76,18.0,10.0,0.0,180.0,-0.19371971134534965,0.012379110251450677,-0.514343027225188,0.018145161290322582,-0.18151598442213024,0.0016035491888713685,18.0
10666,29,123.79,36.0,0.0,4456.4400000000005,1.7280005623594452,0.09422823984526113,0.36559518853410106,0.07056451612903226,1.240790862704976,0.03970067081807735,123.79
10666,65,21.05,10.0,0.0,210.5,-0.13831516616338893,0.014738878143133462,-0.514343027225188,0.018145161290322582,-0.17137194900075714,0.0018752616903190173,21.05
10667,69,36.0,45.0,0.2,1296.0,0.13325793235146768,0.02630560928433269,0.6701891862969319,0.08870967741935484,0.18965593460253757,0.011545554159873853,36.0
10667,71,21.5,14.0,0.2,240.8,-0.1301407250709685,0.015087040618955513,-0.3789679171083743,0.02620967741935484,-0.16129443184444225,0.0021451924704456978,21.5
10668,31,12.5,8.0,0.1,90.0,-0.29362954691937715,0.008123791102514507,-0.5820305822835948,0.014112903225806451,-0.21144920369831313,0.0008017745944356843,12.5
10668,55,24.0,4.0,0.1,86.4,-0.08472716344641053,0.01702127659574468,-0.7174056924004085,0.006048387096774193,-0.21264653246936047,0.000769703610658257,24.0
10668,64,33.25,15.0,0.1,448.875,0.08330301456445394,0.024177949709864602,-0.3451241395791709,0.028225806451612902,-0.09209049183453387,0.003998850789747975,33.25
10669,36,19.0,30.0,0.0,570.0,-0.17555428669552647,0.013152804642166345,0.16253252335888052,0.05846774193548387,-0.05180536755867106,0.005077905764759334,19.0
10670,23,9.0,32.0,0.0,288.0,-0.35720853319375834,0.005415860735009671,0.23022007841728737,0.0625,-0.14559612129071078,0.00256567870219419,9.0
10670,46,12.0,60.0,0.0,720.0,-0.30271225924428874,0.007736943907156673,1.1778458492349833,0.11895161290322581,-0.0019166687650329138,0.006414196755485474,12.0
10670,67,14.0,25.0,0.0,350.0,-0.2663814099446424,0.009284332688588007,-0.006686364287136612,0.04838709677419355,-0.12497545912267367,0.0031180123116943278,14.0
10670,73,15.0,50.0,0.0,750.0,-0.2482159852948192,0.010058027079303675,0.839408073942949,0.09879032258064516,0.008061070993694715,0.006681454953630703,15.0
10670,75,7.75,25.0,0.0,193.75,-0.3799153140060373,0.004448742746615087,-0.006686364287136612,0.04838709677419355,-0.1769428536993801,0.0017260425296879314,7.75
10671,16,17.45,10.0,0.0,174.5,-0.2037106949027524,0.01195357833655706,-0.514343027225188,0.018145161290322582,-0.18334523671123032,0.0015545518525447435,17.45
10671,62,49.3,10.0,0.0,493.0,0.374858080194116,0.03659574468085106,-0.514343027225188,0.018145161290322582,-0.07741489960607198,0.004391943056186582,49.3
10671,65,21.05,12.0,0.0,252.60000000000002,-0.13831516616338893,0.014738878143133462,-0.44665547216678114,0.02217741935483871,-0.15736985420600938,0.002250314028382821,21.05
10672,38,263.5,15.0,0.1,3557.25,4.265892040186243,0.202321083172147,-0.3451241395791709,0.028225806451612902,0.9417280689166325,0.03169014084507042,251.915000000003
10672,71,21.5,12.0,0.0,258.0,-0.1301407250709685,0.015087040618955513,-0.44665547216678114,0.02217741935483871,-0.1555738610494384,0.0022984205040489617,21.5
10673,16,17.45,3.0,0.0,52.349999999999994,-0.2037106949027524,0.01195357833655706,-0.751249469929612,0.004032258064516129,-0.2239712670955163,0.000466365555763423,17.45
10673,42,14.0,6.0,0.0,84.0,-0.2663814099446424,0.009284332688588007,-0.6497181373420017,0.010080645161290322,-0.21344475165005866,0.0007483229548066386,14.0
10673,43,46.0,6.0,0.0,276.0,0.3149121788496995,0.03404255319148936,-0.6497181373420017,0.010080645161290322,-0.14958721719420182,0.0024587754229360988,46.0
10674,23,9.0,5.0,0.0,45.0,-0.35720853319375834,0.005415860735009671,-0.6835619148712051,0.008064516129032258,-0.22641581333640456,0.00040088729721784213,9.0
10675,14,23.25,30.0,0.0,697.5,-0.09835123193377793,0.01644100580270793,0.16253252335888052,0.05846774193548387,-0.009399973584078635,0.006213753106876553,23.25
10675,53,32.8,10.0,0.0,328.0,0.07512857347203344,0.02382978723404255,-0.514343027225188,0.018145161290322582,-0.13229246827907393,0.002922022966387827,32.8
10675,58,13.25,30.0,0.0,397.5,-0.2800054784320098,0.008704061895551257,0.16253252335888052,0.05846774193548387,-0.10917737117135493,0.0035411711254242726,13.25
10676,10,31.0,2.0,0.0,62.0,0.042430809102351766,0.02243713733075435,-0.7850932474588154,0.0020161290322580645,-0.22076176080645893,0.0005523336095001381,31.0
10676,19,9.2,7.0,0.0,64.39999999999999,-0.35357544826379367,0.0055705996131528044,-0.6158743598127983,0.012096774193548387,-0.2199635416257607,0.0005737142653517562,9.2
10676,44,19.45,21.0,0.0,408.45,-0.16737984560310604,0.013500967117988394,-0.1420614744039503,0.04032258064516129,-0.10553549615941935,0.0036387203677472803,19.45
10677,26,31.23,30.0,0.15,796.365,0.046608856771811105,0.022615087040618955,0.16253252335888052,0.05846774193548387,0.02348166779080827,0.007094502498864153,31.23
10677,33,2.5,8.0,0.15,17.0,-0.475283793417609,0.00038684719535783365,-0.5820305822835948,0.014112903225806451,-0.23572837044455036,0.00015144631228229593,2.5
10678,12,38.0,100.0,0.0,3800.0,0.16958878165111407,0.027852998065764023,2.53159695040312,0.19959677419354838,1.0224646131310036,0.03385270509839556,38.0
10678,33,2.5,30.0,0.0,75.0,-0.475283793417609,0.00038684719535783365,0.16253252335888052,0.05846774193548387,-0.21643807357767694,0.0006681454953630703,2.5
10678,41,9.65,120.0,0.0,1158.0,-0.3454010071713733,0.005918762088974855,3.2084725009871886,0.2399193548387097,0.14375833171239047,0.010316166448405805,9.65
10678,54,7.45,30.0,0.0,223.5,-0.38536494140098426,0.004216634429400387,0.16253252335888052,0.05846774193548387,-0.16704826177197518,0.0019910735761819493,7.45
10679,59,55.0,12.0,0.0,660.0,0.4784010006981082,0.04100580270793037,-0.44665547216678114,0.02217741935483871,-0.021872148282488173,0.005879680359195018,55.0
10680,16,17.45,50.0,0.25,654.375,-0.2037106949027524,0.01195357833655706,0.839408073942949,0.09879032258064516,-0.023742974487249602,0.005829569447042788,17.45
10680,31,12.5,20.0,0.25,187.5,-0.29362954691937715,0.008123791102514507,-0.17590525193315373,0.038306451612903226,-0.17902154948244833,0.0016703637384076757,12.5
10680,42,14.0,40.0,0.25,420.0,-0.2663814099446424,0.009284332688588007,0.5009702986509148,0.07862903225806452,-0.10169406635230921,0.0037416147740331933,14.0
10681,19,9.2,30.0,0.1,248.4,-0.35357544826379367,0.0055705996131528044,0.16253252335888052,0.05846774193548387,-0.15876673777223124,0.0022128978806424887,9.2
10681,21,10.0,12.0,0.1,108.0,-0.33904310854393516,0.006189555125725338,-0.44665547216678114,0.02217741935483871,-0.20546255984307654,0.0009621295133228211,10.0
10681,64,33.25,28.0,0.0,931.0,0.08330301456445394,0.024177949709864602,0.09484496830047366,0.05443548387096774,0.06826010087135141,0.008293912749106912,33.25
10682,33,2.5,30.0,0.0,75.0,-0.475283793417609,0.00038684719535783365,0.16253252335888052,0.05846774193548387,-0.21643807357767694,0.0006681454953630703,2.5
10682,66,17.0,4.0,0.0,68.0,-0.21188513599517284,0.01160541586073501,-0.7174056924004085,0.006048387096774193,-0.2187662128547134,0.0006057852491291837,17.0
10682,75,7.75,30.0,0.0,232.5,-0.3799153140060373,0.004448742746615087,0.16253252335888052,0.05846774193548387,-0.1640549398443569,0.002071251035625518,7.75
10683,52,7.0,9.0,0.0,63.0,-0.3935393824934047,0.0038684719535783366,-0.5481868047543914,0.016129032258064516,-0.220429169481168,0.0005612422161049791,7.0
10684,40,18.4,20.0,0.0,368.0,-0.1864535414854204,0.012688588007736944,-0.17590525193315373,0.038306451612903226,-0.1189888152674371,0.003278367230581465,18.4
10684,47,9.5,40.0,0.0,380.0,-0.34812582086884675,0.005802707930367505,0.5009702986509148,0.07862903225806452,-0.11499771936394605,0.003385270509839556,9.5
10684,60,34.0,30.0,0.0,1020.0,0.09692708305182132,0.024758220502901353,0.16253252335888052,0.05846774193548387,0.09786072882224338,0.009086778736937756,34.0
10685,10,31.0,20.0,0.0,620.0,0.042430809102351766,0.02243713733075435,-0.17590525193315373,0.038306451612903226,-0.03517580129412501,0.005523336095001381,31.0
10685,41,9.65,4.0,0.0,38.6,-0.3454010071713733,0.005918762088974855,-0.7174056924004085,0.006048387096774193,-0.22854439781826646,0.0003438722149468602,9.65
10685,47,9.5,15.0,0.0,142.5,-0.34812582086884675,0.005802707930367505,-0.3451241395791709,0.028225806451612902,-0.1939881591205398,0.0012694764411898334,9.5
10686,17,39.0,30.0,1.0,0.0,0.18775420630093725,0.02862669245647969,0.16253252335888052,0.05846774193548387,-0.24138242297449602,0.0,39.0
10686,26,31.23,15.0,0.0,468.45,0.046608856771811105,0.022615087040618955,-0.3451241395791709,0.028225806451612902,-0.08558001664196409,0.004173236764037737,31.23
10687,9,97.0,50.0,0.25,3637.5,1.241348835990682,0.0735009671179884,0.839408073942949,0.09879032258064516,0.968418522771229,0.03240505652510891,97.0
10687,29,123.79,10.0,0.0,1237.9,1.7280005623594452,0.09422823984526113,-0.514343027225188,0.018145161290322582,0.1703323786031351,0.011027964116132596,123.79
10687,36,19.0,6.0,0.25,85.5,-0.17555428669552647,0.013152804642166345,-0.6497181373420017,0.010080645161290322,-0.2129458646621223,0.0007616858647139001,19.0
10688,10,31.0,18.0,0.1,502.2,0.042430809102351766,0.02243713733075435,-0.2435928069915606,0.034274193548387094,-0.07435505941339551,0.0044739022369511185,31.0
10688,28,45.6,60.0,0.1,2462.4,0.3076460089897703,0.0337330754352031,1.1778458492349833,0.11895161290322581,0.5775904564218678,0.021936552903760325,45.6
10688,34,14.0,14.0,0.0,196.0,-0.2663814099446424,0.009284332688588007,-0.3789679171083743,0.02620967741935484,-0.1761945232174755,0.0017460868945488237,14.0
10689,1,18.0,35.0,0.25,472.5,-0.19371971134534965,0.012379110251450677,0.33175141100489763,0.06854838709677419,-0.08423302177453586,0.004209316620787343,18.0
10690,56,38.0,20.0,0.25,570.0,0.16958878165111407,0.027852998065764023,-0.17590525193315373,0.038306451612903226,-0.05180536755867106,0.005077905764759334,38.0
10690,77,13.0,30.0,0.0,390.0,-0.28454683459446556,0.00851063829787234,0.16253252335888052,0.05846774193548387,-0.11167180611103683,0.0034743565758879654,13.0
10691,1,18.0,30.0,0.0,540.0,-0.19371971134534965,0.012379110251450677,0.16253252335888052,0.05846774193548387,-0.06178310731739869,0.004810647566614106,18.0
10691,29,123.79,40.0,0.0,4951.6,1.7280005623594452,0.09422823984526113,0.5009702986509148,0.07862903225806452,1.4054767833360284,0.044111856464530384,123.79
10691,43,46.0,40.0,0.0,1840.0,0.3149121788496995,0.03404255319148936,0.5009702986509148,0.07862903225806452,0.3705856155607986,0.016391836152907322,46.0
10691,44,19.45,24.0,0.0,466.79999999999995,-0.16737984560310604,0.013500967117988394,-0.040530141816340036,0.046370967741935484,-0.08612879232869412,0.004158537563139749,19.45
10691,62,49.3,48.0,0.0,2366.3999999999996,0.374858080194116,0.03659574468085106,0.7717205188845422,0.09475806451612903,0.5456616891939393,0.021081326669695588,49.3
10692,63,43.9,20.0,0.0,878.0,0.27676478708507085,0.03241779497098646,-0.17590525193315373,0.038306451612903226,0.050632760630932604,0.007821756599050343,43.9
10693,9,97.0,6.0,0.0,582.0,1.241348835990682,0.0735009671179884,-0.6497181373420017,0.010080645161290322,-0.047814271655180006,0.005184809044017425,97.0
10693,54,7.45,60.0,0.15,379.95,-0.38536494140098426,0.004216634429400387,1.1778458492349833,0.11895161290322581,-0.11501434893021059,0.003384825079509314,7.45
10693,69,36.0,30.0,0.15,918.0,0.13325793235146768,0.02630560928433269,0.16253252335888052,0.05846774193548387,0.06393641364256944,0.00817810086324398,36.0
10693,73,15.0,15.0,0.15,191.25,-0.2482159852948192,0.010058027079303675,-0.3451241395791709,0.028225806451612902,-0.1777743320126074,0.0017037710131758291,15.0
10694,7,30.0,90.0,0.0,2700.0,0.024265384452528578,0.021663442940038684,2.193159175111086,0.17943548387096775,0.6566141553109907,0.02405323783307053,30.0
10694,59,55.0,25.0,0.0,1375.0,0.4784010006981082,0.04100580270793037,-0.006686364287136612,0.04838709677419355,0.21593064930052033,0.012249334081656288,55.0
10694,70,15.0,50.0,0.0,750.0,-0.2482159852948192,0.010058027079303675,0.839408073942949,0.09879032258064516,0.008061070993694715,0.006681454953630703,15.0
10695,8,40.0,10.0,0.0,400.0,0.20591963095076043,0.029400386847195356,-0.514343027225188,0.018145161290322582,-0.10834589285812762,0.0035634426419363747,40.0
10695,12,38.0,4.0,0.0,152.0,0.16958878165111407,0.027852998065764023,-0.7174056924004085,0.006048387096774193,-0.19082854153027604,0.0013541082039358224,38.0
10695,24,4.5,20.0,0.0,90.0,-0.43895294411796265,0.0019342359767891683,-0.17590525193315373,0.038306451612903226,-0.21144920369831313,0.0008017745944356843,4.5
10696,17,39.0,20.0,0.0,780.0,0.18775420630093725,0.02862669245647969,-0.17590525193315373,0.038306451612903226,0.018038810752422346,0.006948713151775931,39.0
10696,46,12.0,18.0,0.0,216.0,-0.30271225924428874,0.007736943907156673,-0.2435928069915606,0.034274193548387094,-0.1695426967116571,0.0019242590266456423,12.0
10697,35,18.0,9.0,0.25,121.5,-0.19371971134534965,0.012379110251450677,-0.5481868047543914,0.016129032258064516,-0.20097257695164913,0.0010823957024881739,18.0
10697,58,13.25,30.0,0.25,298.125,-0.2800054784320098,0.008704061895551257,0.16253252335888052,0.05846774193548387,-0.1422286341221402,0.0026558783440682045,13.25
10697,70,15.0,299.0,0.25,3363.75,-0.2482159852948192,0.010058027079303675,9.266508678714603,0.6008064516129032,0.8773716474728394,0.029966325467033702,15.0
10698,11,21.0,15.0,0.0,315.0,-0.13922343739588008,0.014700193423597678,-0.3451241395791709,0.028225806451612902,-0.1366161555078559,0.002806211080524895,21.0
10698,17,39.0,8.0,0.05,296.4,0.18775420630093725,0.02862669245647969,-0.5820305822835948,0.014112903225806451,-0.14280235415826706,0.0026405109976748533,39.0
10698,29,123.79,12.0,0.05,1411.206,1.7280005623594452,0.09422823984526113,-0.44665547216678114,0.02217741935483871,0.2279724508240034,0.012571879092391158,123.79
10698,65,21.05,65.0,0.05,1299.8374999999999,-0.13831516616338893,0.014738878143133462,1.3470647368810003,0.12903225806451613,0.19093225381334145,0.01157974093771993,21.05
10698,70,15.0,8.0,0.05,114.0,-0.2482159852948192,0.010058027079303675,-0.5820305822835948,0.014112903225806451,-0.20346701189133104,0.0010155811529518669,15.0
10699,47,9.5,12.0,0.0,114.0,-0.34812582086884675,0.005802707930367505,-0.44665547216678114,0.02217741935483871,-0.20346701189133104,0.0010155811529518669,9.5
10700,34,14.0,12.0,0.2,134.4,-0.2663814099446424,0.009284332688588007,-0.44665547216678114,0.02217741935483871,-0.19668214885539625,0.0011973167276906219,14.0
10700,68,12.5,40.0,0.2,400.0,-0.29362954691937715,0.008123791102514507,0.5009702986509148,0.07862903225806452,-0.10834589285812762,0.0035634426419363747,12.5
10700,71,21.5,60.0,0.2,1032.0,-0.1301407250709685,0.015087040618955513,1.1778458492349833,0.11895161290322581,0.10185182472573444,0.009193682016195847,21.5
10701,59,55.0,42.0,0.15,1963.5,0.4784010006981082,0.04100580270793037,0.5686578537093216,0.08266129032258064,0.4116606442342273,0.01749204906860518,55.0
10701,71,21.5,20.0,0.15,365.5,-0.1301407250709685,0.015087040618955513,-0.17590525193315373,0.038306451612903226,-0.1198202935806644,0.0032560957140693623,21.5
10701,76,18.0,35.0,0.15,535.5,-0.19371971134534965,0.012379110251450677,0.33175141100489763,0.06854838709677419,-0.06327976828120783,0.004770558836892321,18.0
10702,3,10.0,6.0,0.0,60.0,-0.33904310854393516,0.006189555125725338,-0.6497181373420017,0.010080645161290322,-0.22142694345704075,0.0005345163962904563,10.0
10702,76,18.0,15.0,0.0,270.0,-0.19371971134534965,0.012379110251450677,-0.3451241395791709,0.028225806451612902,-0.15158276514594735,0.002405323783307053,18.0
10703,2,19.0,5.0,0.0,95.0,-0.17555428669552647,0.013152804642166345,-0.6835619148712051,0.008064516129032258,-0.20978624707185853,0.000846317627459889,19.0
10703,59,55.0,35.0,0.0,1925.0,0.4784010006981082,0.04100580270793037,0.33175141100489763,0.06854838709677419,0.39885587821052687,0.017149067714318803,55.0
10703,73,15.0,35.0,0.0,525.0,-0.2482159852948192,0.010058027079303675,0.33175141100489763,0.06854838709677419,-0.0667719771967625,0.0046770184675414914,15.0
10704,4,22.0,6.0,0.0,132.0,-0.1210580127460569,0.015473887814313346,-0.6497181373420017,0.010080645161290322,-0.19748036803609445,0.0011759360718390038,22.0
10704,24,4.5,35.0,0.0,157.5,-0.43895294411796265,0.0019342359767891683,0.33175141100489763,0.06854838709677419,-0.18899928924117596,0.0014031055402624476,4.5
10704,48,12.75,20.0,0.0,255.0,-0.2890881907569214,0.008317214700193424,-0.17590525193315373,0.038306451612903226,-0.15657163502531116,0.002271694684234439,12.75
10705,31,12.5,20.0,0.0,250.0,-0.29362954691937715,0.008123791102514507,-0.17590525193315373,0.038306451612903226,-0.1582345916517658,0.0022271516512102343,12.5
10705,32,32.0,4.0,0.0,128.0,0.060596233752174954,0.02321083172147002,-0.7174056924004085,0.006048387096774193,-0.19881073333725813,0.0011403016454196399,32.0
10706,16,17.45,20.0,0.0,349.0,-0.2037106949027524,0.01195357833655706,-0.17590525193315373,0.038306451612903226,-0.1253080504479646,0.003109103705089487,17.45
10706,43,46.0,24.0,0.0,1104.0,0.3149121788496995,0.03404255319148936,-0.040530141816340036,0.046370967741935484,0.12579840014668076,0.009835101691744395,46.0
10706,59,55.0,8.0,0.0,440.0,0.4784010006981082,0.04100580270793037,-0.5820305822835948,0.014112903225806451,-0.0950422398464908,0.003919786906130012,55.0
10707,55,24.0,21.0,0.0,504.0,-0.08472716344641053,0.01702127659574468,-0.1420614744039503,0.04032258064516129,-0.07375639502787185,0.0044899377288398325,24.0
10707,57,19.5,40.0,0.0,780.0,-0.16647157437061486,0.013539651837524178,0.5009702986509148,0.07862903225806452,0.018038810752422346,0.006948713151775931,19.5
10707,70,15.0,28.0,0.15,357.0,-0.2482159852948192,0.010058027079303675,0.09484496830047366,0.05443548387096774,-0.12264731984563723,0.0031803725579282144,15.0
10708,5,21.35,4.0,0.0,85.4,-0.13286553876844195,0.014970986460348163,-0.7174056924004085,0.006048387096774193,-0.21297912379465136,0.000760795004053416,21.35
10708,36,19.0,5.0,0.0,95.0,-0.17555428669552647,0.013152804642166345,-0.6835619148712051,0.008064516129032258,-0.20978624707185853,0.000846317627459889,19.0
10709,8,40.0,40.0,0.0,1600.0,0.20591963095076043,0.029400386847195356,0.5009702986509148,0.07862903225806452,0.2907636974909775,0.014253770567745499,40.0
10709,51,53.0,28.0,0.0,1484.0,0.44207015139846184,0.039458413926499035,0.09484496830047366,0.05443548387096774,0.25218310375723074,0.01322037220158395,53.0
10709,60,34.0,10.0,0.0,340.0,0.09692708305182132,0.024758220502901353,-0.514343027225188,0.018145161290322582,-0.1283013723755829,0.0030289262456459185,34.0
10710,19,9.2,5.0,0.0,46.0,-0.35357544826379367,0.0055705996131528044,-0.6835619148712051,0.008064516129032258,-0.22608322201111367,0.0004097959038226831,9.2
10710,47,9.5,5.0,0.0,47.5,-0.34812582086884675,0.005802707930367505,-0.6835619148712051,0.008064516129032258,-0.22558433502317726,0.0004231588137299445,9.5
10711,19,9.2,12.0,0.0,110.39999999999999,-0.35357544826379367,0.0055705996131528044,-0.44665547216678114,0.02217741935483871,-0.20466434066237835,0.0009835101691744394,9.2
10711,41,9.65,42.0,0.0,405.3,-0.3454010071713733,0.005918762088974855,0.5686578537093216,0.08266129032258064,-0.10658315883408574,0.003610658256942032,9.65
10711,53,352.0,120.0,0.0,42240.0,5.873532121695595,0.27079303675048355,3.2084725009871886,0.2399193548387097,13.807275157314006,0.3762995429884812,251.915000000003
10712,53,32.8,3.0,0.05,93.47999999999999,0.07512857347203344,0.02382978723404255,-0.751249469929612,0.004032258064516129,-0.2102917858863007,0.0008327765454205307,32.8
10712,56,38.0,30.0,0.0,1140.0,0.16958878165111407,0.027852998065764023,0.16253252335888052,0.05846774193548387,0.1377716878571539,0.010155811529518667,38.0
10713,10,31.0,18.0,0.0,558.0,0.042430809102351766,0.02243713733075435,-0.2435928069915606,0.034274193548387094,-0.05579646346216211,0.004971002485501243,31.0
10713,26,31.23,30.0,0.0,936.9,0.046608856771811105,0.022615087040618955,0.16253252335888052,0.05846774193548387,0.07022238969056784,0.008346473528075474,31.23
10713,45,9.5,110.0,0.0,1045.0,-0.34812582086884675,0.005802707930367505,2.8700347256951546,0.21975806451612903,0.10617551195451641,0.009309493902058779,9.5
10713,46,12.0,24.0,0.0,288.0,-0.30271225924428874,0.007736943907156673,-0.040530141816340036,0.046370967741935484,-0.14559612129071078,0.00256567870219419,12.0
10714,2,19.0,30.0,0.25,427.5,-0.17555428669552647,0.013152804642166345,0.16253252335888052,0.05846774193548387,-0.0991996314126273,0.0038084293235695005,19.0
10714,17,39.0,27.0,0.25,789.75,0.18775420630093725,0.02862669245647969,0.06100119077127024,0.05241935483870968,0.021281576174008825,0.00703557206617313,39.0
10714,47,9.5,50.0,0.25,356.25,-0.34812582086884675,0.005802707930367505,0.839408073942949,0.09879032258064516,-0.12289676333960542,0.003173691102974584,9.5
10714,56,38.0,18.0,0.25,513.0,0.16958878165111407,0.027852998065764023,-0.2435928069915606,0.034274193548387094,-0.07076307310025355,0.004570115188283401,38.0
10714,58,13.25,12.0,0.25,119.25,-0.2800054784320098,0.008704061895551257,-0.44665547216678114,0.02217741935483871,-0.2017209074335537,0.0010623513376272818,13.25
10715,10,31.0,21.0,0.0,651.0,0.042430809102351766,0.02243713733075435,-0.1420614744039503,0.04032258064516129,-0.02486547021010646,0.00579950289975145,31.0
10715,71,21.5,30.0,0.0,645.0,-0.1301407250709685,0.015087040618955513,0.16253252335888052,0.05846774193548387,-0.026861018161851987,0.005746051260122404,21.5
10716,21,10.0,5.0,0.0,50.0,-0.33904310854393516,0.006189555125725338,-0.6835619148712051,0.008064516129032258,-0.22475285670994996,0.00044543033024204684,10.0
10716,51,53.0,7.0,0.0,371.0,0.44207015139846184,0.039458413926499035,-0.6158743598127983,0.012096774193548387,-0.11799104129156433,0.0033050930503959876,53.0
10716,61,28.5,10.0,0.0,285.0,-0.002982752522206199,0.020502901353965184,-0.514343027225188,0.018145161290322582,-0.14659389526658353,0.002538952882379667,28.5
10717,21,10.0,32.0,0.05,304.0,-0.33904310854393516,0.006189555125725338,0.23022007841728737,0.0625,-0.14027466008605605,0.0027082164078716447,10.0
10717,54,7.45,15.0,0.0,111.75,-0.38536494140098426,0.004216634429400387,-0.3451241395791709,0.028225806451612902,-0.2042153423732356,0.0009955367880909746,7.45
10717,69,36.0,25.0,0.05,855.0,0.13325793235146768,0.02630560928433269,-0.006686364287136612,0.04838709677419355,0.04298316014924142,0.007616858647139001,36.0
10718,12,38.0,36.0,0.0,1368.0,0.16958878165111407,0.027852998065764023,0.36559518853410106,0.07056451612903226,0.21360251002348388,0.012186973835422402,38.0
10718,16,17.45,20.0,0.0,349.0,-0.2037106949027524,0.01195357833655706,-0.17590525193315373,0.038306451612903226,-0.1253080504479646,0.003109103705089487,17.45
10718,36,19.0,40.0,0.0,760.0,-0.17555428669552647,0.013152804642166345,0.5009702986509148,0.07862903225806452,0.011386984246603926,0.006770541019679112,19.0
10718,62,49.3,20.0,0.0,986.0,0.374858080194116,0.03659574468085106,-0.17590525193315373,0.038306451612903226,0.08655262376235207,0.008783886112373164,49.3
10719,18,62.5,12.0,0.25,562.5,0.6146416855717821,0.04680851063829787,-0.44665547216678114,0.02217741935483871,-0.05429980249835297,0.0050110912152230265,62.5
10719,30,25.89,3.0,0.25,58.2525,-0.0503945108582447,0.01848355899419729,-0.751249469929612,0.004032258064516129,-0.22200814679798664,0.0005189486062484967,25.89
10719,54,7.45,40.0,0.25,223.5,-0.38536494140098426,0.004216634429400387,0.5009702986509148,0.07862903225806452,-0.16704826177197518,0.0019910735761819493,7.45
10720,35,18.0,21.0,0.0,378.0,-0.19371971134534965,0.012379110251450677,-0.1420614744039503,0.04032258064516129,-0.11566290201452789,0.003367453296629874,18.0
10720,71,21.5,8.0,0.0,172.0,-0.1301407250709685,0.015087040618955513,-0.5820305822835948,0.014112903225806451,-0.18417671502445762,0.0015322803360326412,21.5
10721,44,19.45,50.0,0.05,923.875,-0.16737984560310604,0.013500967117988394,0.839408073942949,0.09879032258064516,0.0658903876786536,0.008230438927047421,19.45
10722,2,19.0,3.0,0.0,57.0,-0.17555428669552647,0.013152804642166345,-0.751249469929612,0.004032258064516129,-0.22242471743291353,0.0005077905764759334,19.0
10722,31,12.5,50.0,0.0,625.0,-0.29362954691937715,0.008123791102514507,0.839408073942949,0.09879032258064516,-0.033512844667670405,0.005567879128025585,12.5
10722,68,12.5,45.0,0.0,562.5,-0.29362954691937715,0.008123791102514507,0.6701891862969319,0.08870967741935484,-0.05429980249835297,0.0050110912152230265,12.5
10722,75,7.75,42.0,0.0,325.5,-0.3799153140060373,0.004448742746615087,0.5686578537093216,0.08266129032258064,-0.13312394659230123,0.002899751449875725,7.75
10723,26,31.23,15.0,0.0,468.45,0.046608856771811105,0.022615087040618955,-0.3451241395791709,0.028225806451612902,-0.08558001664196409,0.004173236764037737,31.23
10724,10,31.0,16.0,0.0,496.0,0.042430809102351766,0.02243713733075435,-0.31128036204996745,0.03024193548387097,-0.07641712563019921,0.004418668876001105,31.0
10724,61,28.5,5.0,0.0,142.5,-0.002982752522206199,0.020502901353965184,-0.6835619148712051,0.008064516129032258,-0.1939881591205398,0.0012694764411898334,28.5
10725,41,9.65,12.0,0.0,115.80000000000001,-0.3454010071713733,0.005918762088974855,-0.44665547216678114,0.02217741935483871,-0.20286834750580737,0.0010316166448405806,9.65
10725,52,7.0,4.0,0.0,28.0,-0.3935393824934047,0.0038684719535783366,-0.7174056924004085,0.006048387096774193,-0.23206986586635023,0.00024944098493554623,7.0
10725,55,24.0,6.0,0.0,144.0,-0.08472716344641053,0.01702127659574468,-0.6497181373420017,0.010080645161290322,-0.1934892721326034,0.001282839351097095,24.0
10726,4,22.0,25.0,0.0,550.0,-0.1210580127460569,0.015473887814313346,-0.006686364287136612,0.04838709677419355,-0.05845719406448948,0.004899733632662515,22.0
10726,11,21.0,5.0,0.0,105.0,-0.13922343739588008,0.014700193423597678,-0.6835619148712051,0.008064516129032258,-0.20646033381894932,0.0009354036935082983,21.0
10727,17,39.0,20.0,0.05,741.0,0.18775420630093725,0.02862669245647969,-0.17590525193315373,0.038306451612903226,0.005067749066076427,0.006601277494187134,39.0
10727,56,38.0,10.0,0.05,361.0,0.16958878165111407,0.027852998065764023,-0.514343027225188,0.018145161290322582,-0.12131695454447354,0.0032160069843475783,38.0
10727,59,55.0,10.0,0.05,522.5,0.4784010006981082,0.04100580270793037,-0.514343027225188,0.018145161290322582,-0.06760345550998981,0.004654746951029389,55.0
10728,30,1294.5,15.0,0.0,19417.5,22.994444854153944,1.0,-0.3451241395791709,0.028225806451612902,6.216709635861962,0.1729828687494989,251.915000000003
10728,40,18.4,6.0,0.0,110.39999999999999,-0.1864535414854204,0.012688588007736944,-0.6497181373420017,0.010080645161290322,-0.20466434066237835,0.0009835101691744394,18.4
10728,55,24.0,12.0,0.0,288.0,-0.08472716344641053,0.01702127659574468,-0.44665547216678114,0.02217741935483871,-0.14559612129071078,0.00256567870219419,24.0
10728,60,34.0,15.0,0.0,510.0,0.09692708305182132,0.024758220502901353,-0.3451241395791709,0.028225806451612902,-0.07176084707612632,0.004543389368468878,34.0
10729,1,18.0,50.0,0.0,900.0,-0.19371971134534965,0.012379110251450677,0.839408073942949,0.09879032258064516,0.057949769787332864,0.008017745944356842,18.0
10729,21,10.0,30.0,0.0,300.0,-0.33904310854393516,0.006189555125725338,0.16253252335888052,0.05846774193548387,-0.14160502538721972,0.0026725819814522813,10.0
10729,50,16.25,40.0,0.0,650.0,-0.22550920448254022,0.011025145067698259,0.5009702986509148,0.07862903225806452,-0.025198061535397383,0.005790594293146609,16.25
10730,16,17.45,15.0,0.05,248.6625,-0.2037106949027524,0.01195357833655706,-0.3451241395791709,0.028225806451612902,-0.1586794325493424,0.0022152363898762595,17.45
10730,31,12.5,3.0,0.05,35.625,-0.29362954691937715,0.008123791102514507,-0.751249469929612,0.004032258064516129,-0.22953385701100695,0.00031736911029745836,12.5
10730,65,21.05,10.0,0.05,199.975,-0.13831516616338893,0.014738878143133462,-0.514343027225188,0.018145161290322582,-0.1748724726994441,0.0017814986058030662,21.05
10731,21,10.0,40.0,0.05,380.0,-0.33904310854393516,0.006189555125725338,0.5009702986509148,0.07862903225806452,-0.11499771936394605,0.003385270509839556,10.0
10731,51,53.0,30.0,0.05,1510.5,0.44207015139846184,0.039458413926499035,0.16253252335888052,0.05846774193548387,0.26099677387744014,0.013456450276612235,53.0
10732,76,18.0,20.0,0.0,360.0,-0.19371971134534965,0.012379110251450677,-0.17590525193315373,0.038306451612903226,-0.12164954586976447,0.003207098377742737,18.0
10733,14,23.25,16.0,0.0,372.0,-0.09835123193377793,0.01644100580270793,-0.31128036204996745,0.03024193548387097,-0.11765844996627342,0.0033140016570008283,23.25
10733,28,45.6,20.0,0.0,912.0,0.3076460089897703,0.0337330754352031,-0.17590525193315373,0.038306451612903226,0.06194086569082392,0.008124649223614935,45.6
10733,52,7.0,25.0,0.0,175.0,-0.3935393824934047,0.0038684719535783366,-0.006686364287136612,0.04838709677419355,-0.18317894104858484,0.0015590061558471639,7.0
10734,6,25.0,30.0,0.0,750.0,-0.06656173879658735,0.017794970986460348,0.16253252335888052,0.05846774193548387,0.008061070993694715,0.006681454953630703,25.0
10734,30,25.89,15.0,0.0,388.35,-0.0503945108582447,0.01848355899419729,-0.3451241395791709,0.028225806451612902,-0.11222058179776685,0.003459657374989978,25.89
10734,76,18.0,20.0,0.0,360.0,-0.19371971134534965,0.012379110251450677,-0.17590525193315373,0.038306451612903226,-0.12164954586976447,0.003207098377742737,18.0
10735,61,28.5,20.0,0.1,513.0,-0.002982752522206199,0.020502901353965184,-0.17590525193315373,0.038306451612903226,-0.07076307310025355,0.004570115188283401,28.5
10735,77,13.0,2.0,0.1,23.400000000000002,-0.28454683459446556,0.00851063829787234,-0.7850932474588154,0.0020161290322580645,-0.2335997859626885,0.00020846139455327794,13.0
10736,65,21.05,40.0,0.0,842.0,-0.13831516616338893,0.014738878143133462,0.5009702986509148,0.07862903225806452,0.038659472920459445,0.007501046761276069,21.05
10736,75,7.75,20.0,0.0,155.0,-0.3799153140060373,0.004448742746615087,-0.17590525193315373,0.038306451612903226,-0.18983076755440326,0.0013808340237503453,7.75
10737,13,6.0,4.0,0.0,24.0,-0.4117048071432279,0.003094777562862669,-0.7174056924004085,0.006048387096774193,-0.2334002311675139,0.00021380655851618247,6.0
10737,41,9.65,12.0,0.0,115.80000000000001,-0.3454010071713733,0.005918762088974855,-0.44665547216678114,0.02217741935483871,-0.20286834750580737,0.0010316166448405806,9.65
10738,16,17.45,3.0,0.0,52.349999999999994,-0.2037106949027524,0.01195357833655706,-0.751249469929612,0.004032258064516129,-0.2239712670955163,0.000466365555763423,17.45
10739,36,19.0,6.0,0.0,114.0,-0.17555428669552647,0.013152804642166345,-0.6497181373420017,0.010080645161290322,-0.20346701189133104,0.0010155811529518669,19.0
10739,52,7.0,18.0,0.0,126.0,-0.3935393824934047,0.0038684719535783366,-0.2435928069915606,0.034274193548387094,-0.19947591598783998,0.0011224844322099581,7.0
10740,28,45.6,5.0,0.2,182.4,0.3076460089897703,0.0337330754352031,-0.6835619148712051,0.008064516129032258,-0.18071776524143204,0.0016249298447229869,45.6
10740,35,18.0,20.0,0.2,288.0,-0.19371971134534965,0.012379110251450677,-0.17590525193315373,0.038306451612903226,-0.14559612129071078,0.00256567870219419,18.0
10740,45,9.5,40.0,0.2,304.0,-0.34812582086884675,0.005802707930367505,0.5009702986509148,0.07862903225806452,-0.14027466008605605,0.0027082164078716447,9.5
10740,56,38.0,14.0,0.2,425.6,0.16958878165111407,0.027852998065764023,-0.3789679171083743,0.02620967741935484,-0.09983155493068005,0.0037915029710203028,38.0
10741,2,19.0,15.0,0.2,228.0,-0.17555428669552647,0.013152804642166345,-0.3451241395791709,0.028225806451612902,-0.16555160080816603,0.0020311623059037338,19.0
10742,3,10.0,20.0,0.0,200.0,-0.33904310854393516,0.006189555125725338,-0.17590525193315373,0.038306451612903226,-0.17486415791631182,0.0017817213209681874,10.0
10742,60,34.0,50.0,0.0,1700.0,0.09692708305182132,0.024758220502901353,0.839408073942949,0.09879032258064516,0.32402283002006965,0.015144631228229592,34.0
10742,72,34.8,35.0,0.0,1218.0,0.11145942277167982,0.025377176015473887,0.33175141100489763,0.06854838709677419,0.16371381122984574,0.010850682844696261,34.8
10743,46,12.0,28.0,0.05,319.2,-0.30271225924428874,0.007736943907156673,0.09484496830047366,0.05443548387096774,-0.13521927194163405,0.002843627228265227,12.0
10744,40,18.4,50.0,0.2,736.0,-0.1864535414854204,0.012688588007736944,0.839408073942949,0.09879032258064516,0.003404792439621822,0.00655673446116293,18.4
10745,18,62.5,24.0,0.0,1500.0,0.6146416855717821,0.04680851063829787,-0.040530141816340036,0.046370967741935484,0.25750456496188545,0.013362909907261406,62.5
10745,44,19.45,16.0,0.0,311.2,-0.16737984560310604,0.013500967117988394,-0.31128036204996745,0.03024193548387097,-0.1378800025439614,0.0027723583754264993,19.45
10745,59,55.0,45.0,0.0,2475.0,0.4784010006981082,0.04100580270793037,0.6701891862969319,0.08870967741935484,0.5817811071205334,0.02204880134698132,55.0
10745,72,34.8,7.0,0.0,243.59999999999997,0.11145942277167982,0.025377176015473887,-0.6158743598127983,0.012096774193548387,-0.1603631761336277,0.002170136568939252,34.8
10746,13,6.0,6.0,0.0,36.0,-0.4117048071432279,0.003094777562862669,-0.6497181373420017,0.010080645161290322,-0.22940913526402287,0.00032070983777427375,6.0
10746,42,14.0,28.0,0.0,392.0,-0.2663814099446424,0.009284332688588007,0.09484496830047366,0.05443548387096774,-0.11100662346045499,0.0034921737890976474,14.0
10746,62,49.3,9.0,0.0,443.7,0.374858080194116,0.03659574468085106,-0.5481868047543914,0.016129032258064516,-0.09381165194291438,0.003952748750567924,49.3
10746,69,36.0,40.0,0.0,1440.0,0.13325793235146768,0.02630560928433269,0.5009702986509148,0.07862903225806452,0.23754908544443018,0.012828393510970948,36.0
10747,31,12.5,8.0,0.0,100.0,-0.29362954691937715,0.008123791102514507,-0.5820305822835948,0.014112903225806451,-0.20812329044540392,0.0008908606604840937,12.5
10747,41,9.65,35.0,0.0,337.75,-0.3454010071713733,0.005918762088974855,0.33175141100489763,0.06854838709677419,-0.12904970285748746,0.0030088818807850262,9.65
10747,63,43.9,9.0,0.0,395.09999999999997,0.27676478708507085,0.03241779497098646,-0.5481868047543914,0.016129032258064516,-0.10997559035205315,0.003519790469572654,43.9
10747,69,36.0,30.0,0.0,1080.0,0.13325793235146768,0.02630560928433269,0.16253252335888052,0.05846774193548387,0.11781620833969864,0.009621295133228212,36.0
10748,23,9.0,44.0,0.0,396.0,-0.35720853319375834,0.005415860735009671,0.6363454087677285,0.08669354838709678,-0.10967625815929131,0.003527808215517011,9.0
10748,40,18.4,40.0,0.0,736.0,-0.1864535414854204,0.012688588007736944,0.5009702986509148,0.07862903225806452,0.003404792439621822,0.00655673446116293,18.4
10748,56,38.0,28.0,0.0,1064.0,0.16958878165111407,0.027852998065764023,0.09484496830047366,0.05443548387096774,0.1124947471350439,0.009478757427550756,38.0
10749,56,38.0,15.0,0.0,570.0,0.16958878165111407,0.027852998065764023,-0.3451241395791709,0.028225806451612902,-0.05180536755867106,0.005077905764759334,38.0
10749,59,55.0,6.0,0.0,330.0,0.4784010006981082,0.04100580270793037,-0.6497181373420017,0.010080645161290322,-0.1316272856284921,0.002939840179597509,55.0
10749,76,18.0,10.0,0.0,180.0,-0.19371971134534965,0.012379110251450677,-0.514343027225188,0.018145161290322582,-0.18151598442213024,0.0016035491888713685,18.0
10750,14,23.25,5.0,0.15,98.8125,-0.09835123193377793,0.01644100580270793,-0.6835619148712051,0.008064516129032258,-0.2085182426441869,0.0008802816901408451,23.25
10750,45,9.5,40.0,0.15,323.0,-0.34812582086884675,0.005802707930367505,0.5009702986509148,0.07862903225806452,-0.13395542490552853,0.0028774799333636226,9.5
10750,59,55.0,25.0,0.15,1168.75,0.4784010006981082,0.04100580270793037,-0.006686364287136612,0.04838709677419355,0.14733368845926786,0.010411933969407846,55.0
10751,26,31.23,12.0,0.1,337.284,0.046608856771811105,0.022615087040618955,-0.44665547216678114,0.02217741935483871,-0.12920469041507304,0.0030047304701071704,31.23
10751,30,25.89,30.0,0.0,776.7,-0.0503945108582447,0.01848355899419729,0.16253252335888052,0.05846774193548387,0.01694125937896232,0.006919314749979956,25.89
10751,50,16.25,20.0,0.1,292.5,-0.22550920448254022,0.011025145067698259,-0.17590525193315373,0.038306451612903226,-0.14409946032690163,0.002605767431915974,16.25
10751,73,15.0,15.0,0.0,225.0,-0.2482159852948192,0.010058027079303675,-0.3451241395791709,0.028225806451612902,-0.1665493747840388,0.0020044364860892106,15.0
10752,1,18.0,8.0,0.0,144.0,-0.19371971134534965,0.012379110251450677,-0.5820305822835948,0.014112903225806451,-0.1934892721326034,0.001282839351097095,18.0
10752,69,36.0,3.0,0.0,108.0,0.13325793235146768,0.02630560928433269,-0.751249469929612,0.004032258064516129,-0.20546255984307654,0.0009621295133228211,36.0
10753,45,9.5,4.0,0.0,38.0,-0.34812582086884675,0.005802707930367505,-0.7174056924004085,0.006048387096774193,-0.22874395261344102,0.0003385270509839556,9.5
10753,74,10.0,5.0,0.0,50.0,-0.33904310854393516,0.006189555125725338,-0.6835619148712051,0.008064516129032258,-0.22475285670994996,0.00044543033024204684,10.0
10754,40,18.4,3.0,0.0,55.199999999999996,-0.1864535414854204,0.012688588007736944,-0.751249469929612,0.004032258064516129,-0.22302338181843717,0.0004917550845872197,18.4
10755,47,9.5,30.0,0.25,213.75,-0.34812582086884675,0.005802707930367505,0.16253252335888052,0.05846774193548387,-0.17029102719356165,0.0019042146617847503,9.5
10755,56,38.0,30.0,0.25,855.0,0.16958878165111407,0.027852998065764023,0.16253252335888052,0.05846774193548387,0.04298316014924142,0.007616858647139001,38.0
10755,57,19.5,14.0,0.25,204.75,-0.16647157437061486,0.013539651837524178,-0.3789679171083743,0.02620967741935484,-0.17328434912117996,0.0018240372023411817,19.5
10755,69,36.0,25.0,0.25,675.0,0.13325793235146768,0.02630560928433269,-0.006686364287136612,0.04838709677419355,-0.01688327840312436,0.006013309458267633,36.0
10756,18,62.5,21.0,0.2,1050.0,0.6146416855717821,0.04680851063829787,-0.1420614744039503,0.04032258064516129,0.10783846858097101,0.009354036935082983,62.5
10756,36,19.0,20.0,0.2,304.0,-0.17555428669552647,0.013152804642166345,-0.17590525193315373,0.038306451612903226,-0.14027466008605605,0.0027082164078716447,19.0
10756,68,12.5,6.0,0.2,60.0,-0.29362954691937715,0.008123791102514507,-0.6497181373420017,0.010080645161290322,-0.22142694345704075,0.0005345163962904563,12.5
10756,69,36.0,20.0,0.2,576.0,0.13325793235146768,0.02630560928433269,-0.17590525193315373,0.038306451612903226,-0.049809819606925536,0.00513135740438838,36.0
10757,34,14.0,30.0,0.0,420.0,-0.2663814099446424,0.009284332688588007,0.16253252335888052,0.05846774193548387,-0.10169406635230921,0.0037416147740331933,14.0
10757,59,55.0,7.0,0.0,385.0,0.4784010006981082,0.04100580270793037,-0.6158743598127983,0.012096774193548387,-0.11333476273749145,0.0034298135428637608,55.0
10757,62,49.3,30.0,0.0,1479.0,0.374858080194116,0.03659574468085106,0.16253252335888052,0.05846774193548387,0.25052014713077614,0.013175829168559746,49.3
10757,64,33.25,24.0,0.0,798.0,0.08330301456445394,0.024177949709864602,-0.040530141816340036,0.046370967741935484,0.02402545460765892,0.007109068070663068,33.25
10758,26,31.23,20.0,0.0,624.6,0.046608856771811105,0.022615087040618955,-0.17590525193315373,0.038306451612903226,-0.03364588119778677,0.005564315685383649,31.23
10758,52,7.0,60.0,0.0,420.0,-0.3935393824934047,0.0038684719535783366,1.1778458492349833,0.11895161290322581,-0.10169406635230921,0.0037416147740331933,7.0
10758,70,15.0,40.0,0.0,600.0,-0.2482159852948192,0.010058027079303675,0.5009702986509148,0.07862903225806452,-0.04182762779994343,0.0053451639629045625,15.0
10759,32,32.0,10.0,0.0,320.0,0.060596233752174954,0.02321083172147002,-0.514343027225188,0.018145161290322582,-0.1349531988814013,0.0028507541135491,32.0
10760,25,14.0,12.0,0.25,126.0,-0.2663814099446424,0.009284332688588007,-0.44665547216678114,0.02217741935483871,-0.19947591598783998,0.0011224844322099581,14.0
10760,27,43.9,40.0,0.0,1756.0,0.27676478708507085,0.03241779497098646,0.5009702986509148,0.07862903225806452,0.34264794423636125,0.015643513198100686,43.9
10760,43,46.0,30.0,0.25,1035.0,0.3149121788496995,0.03404255319148936,0.16253252335888052,0.05846774193548387,0.10284959870160719,0.00922040783601037,46.0
10761,25,14.0,35.0,0.25,367.5,-0.2663814099446424,0.009284332688588007,0.33175141100489763,0.06854838709677419,-0.11915511093008256,0.0032739129272790443,14.0
10761,75,7.75,18.0,0.0,139.5,-0.3799153140060373,0.004448742746615087,-0.2435928069915606,0.034274193548387094,-0.19498593309641254,0.0012427506213753107,7.75
10762,39,18.0,16.0,0.0,288.0,-0.19371971134534965,0.012379110251450677,-0.31128036204996745,0.03024193548387097,-0.14559612129071078,0.00256567870219419,18.0
10762,47,9.5,30.0,0.0,285.0,-0.34812582086884675,0.005802707930367505,0.16253252335888052,0.05846774193548387,-0.14659389526658353,0.002538952882379667,9.5
10762,51,53.0,28.0,0.0,1484.0,0.44207015139846184,0.039458413926499035,0.09484496830047366,0.05443548387096774,0.25218310375723074,0.01322037220158395,53.0
10762,56,38.0,60.0,0.0,2280.0,0.16958878165111407,0.027852998065764023,1.1778458492349833,0.11895161290322581,0.5169257986888038,0.020311623059037335,38.0
10763,21,10.0,40.0,0.0,400.0,-0.33904310854393516,0.006189555125725338,0.5009702986509148,0.07862903225806452,-0.10834589285812762,0.0035634426419363747,10.0
10763,22,21.0,6.0,0.0,126.0,-0.13922343739588008,0.014700193423597678,-0.6497181373420017,0.010080645161290322,-0.19947591598783998,0.0011224844322099581,21.0
10763,24,4.5,20.0,0.0,90.0,-0.43895294411796265,0.0019342359767891683,-0.17590525193315373,0.038306451612903226,-0.21144920369831313,0.0008017745944356843,4.5
10764,3,10.0,20.0,0.1,180.0,-0.33904310854393516,0.006189555125725338,-0.17590525193315373,0.038306451612903226,-0.18151598442213024,0.0016035491888713685,10.0
10764,39,18.0,130.0,0.1,2106.0,-0.19371971134534965,0.012379110251450677,3.546910276279223,0.2600806451612903,0.45905490808818356,0.018761525509795013,18.0
10765,65,21.05,80.0,0.1,1515.6000000000001,-0.13831516616338893,0.014738878143133462,1.8547213998190517,0.1592741935483871,0.26269298963642385,0.013501884170296925,21.05
10766,2,19.0,40.0,0.0,760.0,-0.17555428669552647,0.013152804642166345,0.5009702986509148,0.07862903225806452,0.011386984246603926,0.006770541019679112,19.0
10766,7,30.0,35.0,0.0,1050.0,0.024265384452528578,0.021663442940038684,0.33175141100489763,0.06854838709677419,0.10783846858097101,0.009354036935082983,30.0
10766,68,12.5,40.0,0.0,500.0,-0.29362954691937715,0.008123791102514507,0.5009702986509148,0.07862903225806452,-0.07508676032903552,0.004454303302420469,12.5
10767,42,14.0,2.0,0.0,28.0,-0.2663814099446424,0.009284332688588007,-0.7850932474588154,0.0020161290322580645,-0.23206986586635023,0.00024944098493554623,14.0
10768,22,21.0,4.0,0.0,84.0,-0.13922343739588008,0.014700193423597678,-0.7174056924004085,0.006048387096774193,-0.21344475165005866,0.0007483229548066386,21.0
10768,31,12.5,50.0,0.0,625.0,-0.29362954691937715,0.008123791102514507,0.839408073942949,0.09879032258064516,-0.033512844667670405,0.005567879128025585,12.5
10768,60,34.0,15.0,0.0,510.0,0.09692708305182132,0.024758220502901353,-0.3451241395791709,0.028225806451612902,-0.07176084707612632,0.004543389368468878,34.0
10768,71,21.5,12.0,0.0,258.0,-0.1301407250709685,0.015087040618955513,-0.44665547216678114,0.02217741935483871,-0.1555738610494384,0.0022984205040489617,21.5
10769,41,9.65,30.0,0.05,275.025,-0.3454010071713733,0.005918762088974855,0.16253252335888052,0.05846774193548387,-0.14991149373636048,0.0024500895314963785,9.65
10769,52,18.4,15.0,0.05,262.2,-0.1864535414854204,0.012688588007736944,-0.3451241395791709,0.028225806451612902,-0.15417697748321654,0.0023358366517892935,18.4
10769,61,28.5,20.0,0.0,570.0,-0.002982752522206199,0.020502901353965184,-0.17590525193315373,0.038306451612903226,-0.05180536755867106,0.005077905764759334,28.5
10769,62,49.3,15.0,0.0,739.5,0.374858080194116,0.03659574468085106,-0.3451241395791709,0.028225806451612902,0.004568862078140046,0.006587914584279873,49.3
10770,11,21.0,15.0,0.25,236.25,-0.13922343739588008,0.014700193423597678,-0.3451241395791709,0.028225806451612902,-0.16280772237451593,0.0021046583103936714,21.0
10771,71,21.5,16.0,0.0,344.0,-0.1301407250709685,0.015087040618955513,-0.31128036204996745,0.03024193548387097,-0.1269710070744192,0.0030645606720652824,21.5
10772,29,123.79,18.0,0.0,2228.2200000000003,1.7280005623594452,0.09422823984526113,-0.2435928069915606,0.034274193548387094,0.49970421986524,0.019850335409038675,123.79
10772,59,55.0,25.0,0.0,1375.0,0.4784010006981082,0.04100580270793037,-0.006686364287136612,0.04838709677419355,0.21593064930052033,0.012249334081656288,55.0
10773,17,39.0,33.0,0.0,1287.0,0.18775420630093725,0.02862669245647969,0.2640638559464908,0.06451612903225806,0.1866626126749193,0.011465376700430286,39.0
10773,31,12.5,70.0,0.2,700.0,-0.29362954691937715,0.008123791102514507,1.5162836245270175,0.13911290322580644,-0.008568495270851333,0.0062360246233886555,12.5
10773,75,7.75,7.0,0.2,43.400000000000006,-0.3799153140060373,0.004448742746615087,-0.6158743598127983,0.012096774193548387,-0.22694795945687005,0.0003866335266500967,7.75
10774,31,12.5,2.0,0.25,18.75,-0.29362954691937715,0.008123791102514507,-0.7850932474588154,0.0020161290322580645,-0.23514633562529125,0.00016703637384076758,12.5
10774,66,17.0,50.0,0.0,850.0,-0.21188513599517284,0.01160541586073501,0.839408073942949,0.09879032258064516,0.041320203522786814,0.007572315614114796,17.0
10775,10,31.0,6.0,0.0,186.0,0.042430809102351766,0.02243713733075435,-0.6497181373420017,0.010080645161290322,-0.1795204364703847,0.0016570008285004142,31.0
10775,67,14.0,3.0,0.0,42.0,-0.2663814099446424,0.009284332688588007,-0.751249469929612,0.004032258064516129,-0.22741358731227734,0.0003741614774033193,14.0
10776,31,12.5,16.0,0.05,190.0,-0.29362954691937715,0.008123791102514507,-0.31128036204996745,0.03024193548387097,-0.17819007116922103,0.001692635254919778,12.5
10776,42,14.0,12.0,0.05,159.6,-0.2663814099446424,0.009284332688588007,-0.44665547216678114,0.02217741935483871,-0.18830084745806502,0.0014218136141326135,14.0
10776,45,9.5,27.0,0.05,243.67499999999998,-0.34812582086884675,0.005802707930367505,0.06100119077127024,0.05241935483870968,-0.16033823178423087,0.0021708047144346153,9.5
10776,51,18.4,120.0,0.05,2097.6,-0.1864535414854204,0.012688588007736944,3.2084725009871886,0.2399193548387097,0.4562611409557398,0.01868669321431435,18.4
10777,42,14.0,20.0,0.2,224.0,-0.2663814099446424,0.009284332688588007,-0.17590525193315373,0.038306451612903226,-0.16688196610932973,0.00199552787948437,14.0
10778,41,9.65,10.0,0.0,96.5,-0.3454010071713733,0.005918762088974855,-0.514343027225188,0.018145161290322582,-0.20928736008392215,0.0008596805373671504,9.65
10779,16,17.45,20.0,0.0,349.0,-0.2037106949027524,0.01195357833655706,-0.17590525193315373,0.038306451612903226,-0.1253080504479646,0.003109103705089487,17.45
10779,62,49.3,20.0,0.0,986.0,0.374858080194116,0.03659574468085106,-0.17590525193315373,0.038306451612903226,0.08655262376235207,0.008783886112373164,49.3
10780,70,15.0,35.0,0.0,525.0,-0.2482159852948192,0.010058027079303675,0.33175141100489763,0.06854838709677419,-0.0667719771967625,0.0046770184675414914,15.0
10780,77,13.0,15.0,0.0,195.0,-0.28454683459446556,0.00851063829787234,-0.3451241395791709,0.028225806451612902,-0.17652711454276643,0.0017371782879439827,13.0
10781,54,7.45,3.0,0.2,17.880000000000003,-0.38536494140098426,0.004216634429400387,-0.751249469929612,0.004032258064516129,-0.23543569007829435,0.00015928588609455597,7.45
10781,56,38.0,20.0,0.2,608.0,0.16958878165111407,0.027852998065764023,-0.17590525193315373,0.038306451612903226,-0.03916689719761606,0.005416432815743289,38.0
10781,74,10.0,35.0,0.0,350.0,-0.33904310854393516,0.006189555125725338,0.33175141100489763,0.06854838709677419,-0.12497545912267367,0.0031180123116943278,10.0
10782,31,12.5,1.0,0.0,12.5,-0.29362954691937715,0.008123791102514507,-0.8189370249880189,0.0,-0.23722503140835952,0.00011135758256051171,12.5
10783,31,12.5,10.0,0.0,125.0,-0.29362954691937715,0.008123791102514507,-0.514343027225188,0.018145161290322582,-0.1998085073131309,0.0011135758256051172,12.5
10783,38,263.5,5.0,0.0,1317.5,4.265892040186243,0.202321083172147,-0.6835619148712051,0.008064516129032258,0.19680664809629236,0.011737089201877934,251.915000000003
10784,36,19.0,30.0,0.0,570.0,-0.17555428669552647,0.013152804642166345,0.16253252335888052,0.05846774193548387,-0.05180536755867106,0.005077905764759334,19.0
10784,39,18.0,2.0,0.15,30.599999999999998,-0.19371971134534965,0.012379110251450677,-0.7850932474588154,0.0020161290322580645,-0.23120512842059382,0.00027260336210813266,18.0
10784,72,34.8,30.0,0.15,887.4,0.11145942277167982,0.025377176015473887,0.16253252335888052,0.05846774193548387,0.05375911908866725,0.007905497501135847,34.8
10785,10,31.0,10.0,0.0,310.0,0.042430809102351766,0.02243713733075435,-0.514343027225188,0.018145161290322582,-0.13827911213431052,0.0027616680475006906,31.0
10785,75,7.75,10.0,0.0,77.5,-0.3799153140060373,0.004448742746615087,-0.514343027225188,0.018145161290322582,-0.21560659526444964,0.0006904170118751726,7.75
10786,8,40.0,30.0,0.2,960.0,0.20591963095076043,0.029400386847195356,0.16253252335888052,0.05846774193548387,0.07790524930478812,0.0085522623406473,40.0
10786,30,25.89,15.0,0.2,310.68000000000006,-0.0503945108582447,0.01848355899419729,-0.3451241395791709,0.028225806451612902,-0.13805295003311266,0.002767725899991983,25.89
10786,75,7.75,42.0,0.2,260.40000000000003,-0.3799153140060373,0.004448742746615087,0.5686578537093216,0.08266129032258064,-0.15477564186874018,0.0023198011599005804,7.75
10787,2,19.0,15.0,0.05,270.75,-0.17555428669552647,0.013152804642166345,-0.3451241395791709,0.028225806451612902,-0.15133332165197916,0.002412005238260684,19.0
10787,29,123.79,20.0,0.05,2352.01,1.7280005623594452,0.09422823984526113,-0.17590525193315373,0.038306451612903226,0.5408757000230031,0.020953131820651935,123.79
10788,19,9.2,338.0,0.05,2954.12,-0.35357544826379367,0.0055705996131528044,10.586416002353536,0.6794354838709677,0.7411322628939193,0.026317092943492708,9.2
10788,75,7.75,40.0,0.05,294.5,-0.3799153140060373,0.004448742746615087,0.5009702986509148,0.07862903225806452,-0.1434342776763198,0.002623584645125656,7.75
10789,18,62.5,30.0,0.0,1875.0,0.6146416855717821,0.04680851063829787,0.16253252335888052,0.05846774193548387,0.38222631194598083,0.016703637384076757,62.5
10789,35,18.0,15.0,0.0,270.0,-0.19371971134534965,0.012379110251450677,-0.3451241395791709,0.028225806451612902,-0.15158276514594735,0.002405323783307053,18.0
10789,63,43.9,30.0,0.0,1317.0,0.27676478708507085,0.03241779497098646,0.16253252335888052,0.05846774193548387,0.19664035243364691,0.011732634898575513,43.9
10789,68,12.5,18.0,0.0,225.0,-0.29362954691937715,0.008123791102514507,-0.2435928069915606,0.034274193548387094,-0.1665493747840388,0.0020044364860892106,12.5
10790,7,30.0,3.0,0.15,76.5,0.024265384452528578,0.021663442940038684,-0.751249469929612,0.004032258064516129,-0.21593918658974057,0.0006815084052703317,30.0
10790,56,38.0,20.0,0.15,646.0,0.16958878165111407,0.027852998065764023,-0.17590525193315373,0.038306451612903226,-0.026528426836561068,0.005754959866727245,38.0
10791,29,123.79,14.0,0.05,1646.4070000000002,1.7280005623594452,0.09422823984526113,-0.3789679171083743,0.02620967741935484,0.30619826312375337,0.014667192274456354,123.79
10791,41,9.65,20.0,0.05,183.35,-0.3454010071713733,0.005918762088974855,-0.17590525193315373,0.038306451612903226,-0.18040180348240564,0.0016333930209975857,9.65
10792,2,19.0,10.0,0.0,190.0,-0.17555428669552647,0.013152804642166345,-0.514343027225188,0.018145161290322582,-0.17819007116922103,0.001692635254919778,19.0
10792,54,7.45,3.0,0.0,22.35,-0.38536494140098426,0.004216634429400387,-0.751249469929612,0.004032258064516129,-0.23394900685424394,0.00019910735761819495,7.45
10792,68,12.5,15.0,0.0,187.5,-0.29362954691937715,0.008123791102514507,-0.3451241395791709,0.028225806451612902,-0.17902154948244833,0.0016703637384076757,12.5
10793,41,9.65,14.0,0.0,135.1,-0.3454010071713733,0.005918762088974855,-0.3789679171083743,0.02620967741935484,-0.1964493349276926,0.0012035527523140104,9.65
10793,52,7.0,8.0,0.0,56.0,-0.3935393824934047,0.0038684719535783366,-0.5820305822835948,0.014112903225806451,-0.22275730875820446,0.0004988819698710925,7.0
10794,14,23.25,15.0,0.2,279.0,-0.09835123193377793,0.01644100580270793,-0.3451241395791709,0.028225806451612902,-0.14858944321832906,0.0024855012427506215,23.25
10794,54,7.45,6.0,0.2,35.760000000000005,-0.38536494140098426,0.004216634429400387,-0.6497181373420017,0.010080645161290322,-0.2294889571820927,0.00031857177218911194,7.45
10795,16,17.45,65.0,0.0,1134.25,-0.2037106949027524,0.01195357833655706,1.3470647368810003,0.12903225806451613,0.13585928773673112,0.010104587041540833,17.45
10795,17,39.0,35.0,0.25,1023.75,0.18775420630093725,0.02862669245647969,0.33175141100489763,0.06854838709677419,0.09910794629208433,0.00912018601170591,39.0
10796,26,31.23,21.0,0.2,524.6640000000001,0.046608856771811105,0.022615087040618955,-0.1420614744039503,0.04032258064516129,-0.06688372788206022,0.004674025175722266,31.23
10796,44,19.45,10.0,0.0,194.5,-0.16737984560310604,0.013500967117988394,-0.514343027225188,0.018145161290322582,-0.17669341020541188,0.0017327239846415621,19.45
10796,64,33.25,35.0,0.2,931.0,0.08330301456445394,0.024177949709864602,0.33175141100489763,0.06854838709677419,0.06826010087135141,0.008293912749106912,33.25
10796,69,36.0,24.0,0.2,691.2,0.13325793235146768,0.02630560928433269,-0.040530141816340036,0.046370967741935484,-0.011495298933411422,0.006157628885266056,36.0
10797,11,21.0,20.0,0.0,420.0,-0.13922343739588008,0.014700193423597678,-0.17590525193315373,0.038306451612903226,-0.10169406635230921,0.0037416147740331933,21.0
10798,62,49.3,2.0,0.0,98.6,0.374858080194116,0.03659574468085106,-0.7850932474588154,0.0020161290322580645,-0.2085889183008112,0.0008783886112373163,49.3
10798,72,34.8,10.0,0.0,348.0,0.11145942277167982,0.025377176015473887,-0.514343027225188,0.018145161290322582,-0.1256406417732555,0.003100195098484646,34.8
10799,13,6.0,20.0,0.15,102.0,-0.4117048071432279,0.003094777562862669,-0.17590525193315373,0.038306451612903226,-0.20745810779482207,0.0009086778736937755,6.0
10799,24,4.5,20.0,0.15,76.5,-0.43895294411796265,0.0019342359767891683,-0.17590525193315373,0.038306451612903226,-0.21593918658974057,0.0006815084052703317,4.5
10799,59,55.0,25.0,0.0,1375.0,0.4784010006981082,0.04100580270793037,-0.006686364287136612,0.04838709677419355,0.21593064930052033,0.012249334081656288,55.0
10800,11,21.0,50.0,0.1,945.0,-0.13922343739588008,0.014700193423597678,0.839408073942949,0.09879032258064516,0.07291637942542431,0.008418633241574686,21.0
10800,51,53.0,10.0,0.1,477.0,0.44207015139846184,0.039458413926499035,-0.514343027225188,0.018145161290322582,-0.08273636081072672,0.004249405350509127,53.0
10800,54,7.45,7.0,0.1,46.935,-0.38536494140098426,0.004216634429400387,-0.6158743598127983,0.012096774193548387,-0.22577224912196667,0.0004181254509982094,7.45
10801,17,39.0,40.0,0.25,1170.0,0.18775420630093725,0.02862669245647969,0.5009702986509148,0.07862903225806452,0.14774942761588153,0.010423069727663896,39.0
10801,29,123.79,20.0,0.25,1856.8500000000001,1.7280005623594452,0.09422823984526113,-0.17590525193315373,0.038306451612903226,0.37618977939195064,0.016541946174198893,123.79
10802,30,25.89,25.0,0.25,485.4375,-0.0503945108582447,0.01848355899419729,-0.006686364287136612,0.04838709677419355,-0.07993012150358457,0.0043245717187374725,25.89
10802,51,53.0,30.0,0.25,1192.5,0.44207015139846184,0.039458413926499035,0.16253252335888052,0.05846774193548387,0.15523273243492725,0.010623513376272818,53.0
10802,55,24.0,60.0,0.25,1080.0,-0.08472716344641053,0.01702127659574468,1.1778458492349833,0.11895161290322581,0.11781620833969864,0.009621295133228212,24.0
10802,62,49.3,5.0,0.25,184.875,0.374858080194116,0.03659574468085106,-0.6835619148712051,0.008064516129032258,-0.179894601711337,0.0016469786460699683,49.3
10803,19,9.2,24.0,0.05,209.75999999999996,-0.35357544826379367,0.0055705996131528044,-0.040530141816340036,0.046370967741935484,-0.17161806658147244,0.0018686693214314345,9.2
10803,25,14.0,15.0,0.05,199.5,-0.2663814099446424,0.009284332688588007,-0.3451241395791709,0.028225806451612902,-0.17503045357895727,0.001777267017665767,14.0
10803,59,55.0,15.0,0.05,783.75,0.4784010006981082,0.04100580270793037,-0.3451241395791709,0.028225806451612902,0.019286028222263298,0.006982120426544084,55.0
10804,10,31.0,36.0,0.0,1116.0,0.042430809102351766,0.02243713733075435,0.36559518853410106,0.07056451612903226,0.1297894960501718,0.009942004971002486,31.0
10804,28,45.6,24.0,0.0,1094.4,0.3076460089897703,0.0337330754352031,-0.040530141816340036,0.046370967741935484,0.12260552342388793,0.009749579068337922,45.6
10804,49,20.0,4.0,0.15,68.0,-0.15738886204570326,0.013926499032882012,-0.7174056924004085,0.006048387096774193,-0.2187662128547134,0.0006057852491291837,20.0
10805,34,14.0,10.0,0.0,140.0,-0.2663814099446424,0.009284332688588007,-0.514343027225188,0.018145161290322582,-0.1948196374337671,0.001247204924677731,14.0
10805,38,263.5,10.0,0.0,2635.0,4.265892040186243,0.202321083172147,-0.514343027225188,0.018145161290322582,0.6349957191670808,0.023474178403755867,251.915000000003
10806,2,19.0,20.0,0.25,285.0,-0.17555428669552647,0.013152804642166345,-0.17590525193315373,0.038306451612903226,-0.14659389526658353,0.002538952882379667,19.0
10806,65,21.05,2.0,0.0,42.1,-0.13831516616338893,0.014738878143133462,-0.7850932474588154,0.0020161290322580645,-0.22738032817974824,0.00037505233806380347,21.05
10806,74,10.0,15.0,0.25,112.5,-0.33904310854393516,0.006189555125725338,-0.3451241395791709,0.028225806451612902,-0.20396589887926742,0.0010022182430446053,10.0
10807,40,18.4,21.0,0.0,386.4,-0.1864535414854204,0.012688588007736944,-0.1420614744039503,0.04032258064516129,-0.11286913488208417,0.003442285592110538,18.4
10808,56,38.0,20.0,0.15,646.0,0.16958878165111407,0.027852998065764023,-0.17590525193315373,0.038306451612903226,-0.026528426836561068,0.005754959866727245,38.0
10808,76,18.0,50.0,0.15,765.0,-0.19371971134534965,0.012379110251450677,0.839408073942949,0.09879032258064516,0.013049940873058531,0.0068150840527033164,18.0
10809,52,7.0,20.0,0.0,140.0,-0.3935393824934047,0.0038684719535783366,-0.17590525193315373,0.038306451612903226,-0.1948196374337671,0.001247204924677731,7.0
10810,13,6.0,7.0,0.0,42.0,-0.4117048071432279,0.003094777562862669,-0.6158743598127983,0.012096774193548387,-0.22741358731227734,0.0003741614774033193,6.0
10810,70,15.0,5.0,0.0,75.0,-0.2482159852948192,0.010058027079303675,-0.6835619148712051,0.008064516129032258,-0.21643807357767694,0.0006681454953630703,15.0
10811,19,9.2,15.0,0.0,138.0,-0.35357544826379367,0.0055705996131528044,-0.3451241395791709,0.028225806451612902,-0.19548482008434892,0.0012293877114680494,9.2
10811,23,9.0,18.0,0.0,162.0,-0.35720853319375834,0.005415860735009671,-0.2435928069915606,0.034274193548387094,-0.18750262827736683,0.0014431942699842317,9.0
10811,40,18.4,30.0,0.0,552.0,-0.1864535414854204,0.012688588007736944,0.16253252335888052,0.05846774193548387,-0.05779201141390764,0.0049175508458721975,18.4
10812,31,12.5,16.0,0.1,180.0,-0.29362954691937715,0.008123791102514507,-0.31128036204996745,0.03024193548387097,-0.18151598442213024,0.0016035491888713685,12.5
10812,72,34.8,40.0,0.1,1252.8,0.11145942277167982,0.025377176015473887,0.5009702986509148,0.07862903225806452,0.17528798934996978,0.011160702354544725,34.8
10812,77,13.0,20.0,0.0,260.0,-0.28454683459446556,0.00851063829787234,-0.17590525193315373,0.038306451612903226,-0.15490867839885655,0.0023162377172586436,13.0
10813,2,19.0,12.0,0.2,182.4,-0.17555428669552647,0.013152804642166345,-0.44665547216678114,0.02217741935483871,-0.18071776524143204,0.0016249298447229869,19.0
10813,46,12.0,35.0,0.0,420.0,-0.30271225924428874,0.007736943907156673,0.33175141100489763,0.06854838709677419,-0.10169406635230921,0.0037416147740331933,12.0
10814,41,9.65,20.0,0.0,193.0,-0.3454010071713733,0.005918762088974855,-0.17590525193315373,0.038306451612903226,-0.17719229719334828,0.0017193610747343008,9.65
10814,43,46.0,20.0,0.15,782.0,0.3149121788496995,0.03404255319148936,-0.17590525193315373,0.038306451612903226,0.018703993403004188,0.006966530364985612,46.0
10814,48,12.75,8.0,0.15,86.7,-0.2890881907569214,0.008317214700193424,-0.5820305822835948,0.014112903225806451,-0.21254675507177315,0.0007723761926397093,12.75
10814,61,28.5,30.0,0.15,726.75,-0.002982752522206199,0.020502901353965184,0.16253252335888052,0.05846774193548387,0.0003283226806808028,0.0064743298500681504,28.5
10815,33,2.5,16.0,0.0,40.0,-0.475283793417609,0.00038684719535783365,-0.31128036204996745,0.03024193548387097,-0.22807876996285917,0.0003563442641936375,2.5
10816,38,263.5,30.0,0.05,7509.75,4.265892040186243,0.202321083172147,0.16253252335888052,0.05846774193548387,2.2562952821289977,0.06690140845070422,251.915000000003
10816,62,49.3,20.0,0.05,936.6999999999999,0.374858080194116,0.03659574468085106,-0.17590525193315373,0.038306451612903226,0.07015587142550964,0.008344691806754505,49.3
10817,26,31.23,40.0,0.15,1061.82,0.046608856771811105,0.022615087040618955,0.5009702986509148,0.07862903225806452,0.11176969804590968,0.009459336665152203,31.23
10817,38,263.5,30.0,0.0,7905.0,4.265892040186243,0.202321083172147,0.16253252335888052,0.05846774193548387,2.387752003450234,0.07042253521126761,251.915000000003
10817,40,18.4,60.0,0.15,938.4,-0.1864535414854204,0.012688588007736944,1.1778458492349833,0.11895161290322581,0.07072127667850422,0.008359836437982734,18.4
10817,62,49.3,25.0,0.15,1047.625,0.374858080194116,0.03659574468085106,-0.006686364287136612,0.04838709677419355,0.10704856418340507,0.009332878994396486,49.3
10818,32,32.0,20.0,0.0,640.0,0.060596233752174954,0.02321083172147002,-0.17590525193315373,0.038306451612903226,-0.02852397478830659,0.0057015082270982,32.0
10818,41,9.65,340.0,0.0,3281.0,-0.3454010071713733,0.005918762088974855,10.654103557411943,0.6834677419354839,0.8498497153050156,0.029229138270483113,9.65
10819,43,46.0,7.0,0.0,322.0,0.3149121788496995,0.03404255319148936,-0.6158743598127983,0.012096774193548387,-0.13428801623081946,0.002868571326758782,46.0
10819,75,7.75,20.0,0.0,155.0,-0.3799153140060373,0.004448742746615087,-0.17590525193315373,0.038306451612903226,-0.18983076755440326,0.0013808340237503453,7.75
10820,56,38.0,30.0,0.0,1140.0,0.16958878165111407,0.027852998065764023,0.16253252335888052,0.05846774193548387,0.1377716878571539,0.010155811529518667,38.0
10821,35,18.0,20.0,0.0,360.0,-0.19371971134534965,0.012379110251450677,-0.17590525193315373,0.038306451612903226,-0.12164954586976447,0.003207098377742737,18.0
10821,51,53.0,6.0,0.0,318.0,0.44207015139846184,0.039458413926499035,-0.6497181373420017,0.010080645161290322,-0.13561838153198316,0.002832936900339418,53.0
10822,62,49.3,3.0,0.0,147.89999999999998,0.374858080194116,0.03659574468085106,-0.751249469929612,0.004032258064516129,-0.19219216596396882,0.0013175829168559743,49.3
10822,70,15.0,6.0,0.0,90.0,-0.2482159852948192,0.010058027079303675,-0.6497181373420017,0.010080645161290322,-0.21144920369831313,0.0008017745944356843,15.0
10823,11,21.0,20.0,0.1,378.0,-0.13922343739588008,0.014700193423597678,-0.17590525193315373,0.038306451612903226,-0.11566290201452789,0.003367453296629874,21.0
10823,57,19.5,15.0,0.0,292.5,-0.16647157437061486,0.013539651837524178,-0.3451241395791709,0.028225806451612902,-0.14409946032690163,0.002605767431915974,19.5
10823,59,55.0,40.0,0.1,1980.0,0.4784010006981082,0.04100580270793037,0.5009702986509148,0.07862903225806452,0.4171484011015275,0.017639041077585054,55.0
10823,77,13.0,15.0,0.1,175.5,-0.28454683459446556,0.00851063829787234,-0.3451241395791709,0.028225806451612902,-0.1830126453859394,0.0015634604591495845,13.0
10824,41,9.65,12.0,0.0,115.80000000000001,-0.3454010071713733,0.005918762088974855,-0.44665547216678114,0.02217741935483871,-0.20286834750580737,0.0010316166448405806,9.65
10824,70,15.0,9.0,0.0,135.0,-0.2482159852948192,0.010058027079303675,-0.5481868047543914,0.016129032258064516,-0.1964825940602217,0.0012026618916535265,15.0
10825,26,31.23,12.0,0.0,374.76,0.046608856771811105,0.022615087040618955,-0.44665547216678114,0.02217741935483871,-0.11674049790847048,0.0033385894112301895,31.23
10825,53,32.8,20.0,0.0,656.0,0.07512857347203344,0.02382978723404255,-0.17590525193315373,0.038306451612903226,-0.023202513583651857,0.005844045932775654,32.8
10826,31,12.5,35.0,0.0,437.5,-0.29362954691937715,0.008123791102514507,0.33175141100489763,0.06854838709677419,-0.0958737181597181,0.00389751538961791,12.5
10827,10,31.0,15.0,0.0,465.0,0.042430809102351766,0.02243713733075435,-0.3451241395791709,0.028225806451612902,-0.08672745671421776,0.004142502071251036,31.0
10827,39,18.0,21.0,0.0,378.0,-0.19371971134534965,0.012379110251450677,-0.1420614744039503,0.04032258064516129,-0.11566290201452789,0.003367453296629874,18.0
10828,20,81.0,5.0,0.0,405.0,0.950702041593511,0.06112185686653772,-0.6835619148712051,0.008064516129032258,-0.10668293623167302,0.0036079856749605794,81.0
10828,38,263.5,2.0,0.0,527.0,4.265892040186243,0.202321083172147,-0.7850932474588154,0.0020161290322580645,-0.06610679454618067,0.004694835680751174,251.915000000003
10829,2,19.0,10.0,0.0,190.0,-0.17555428669552647,0.013152804642166345,-0.514343027225188,0.018145161290322582,-0.17819007116922103,0.001692635254919778,19.0
10829,8,40.0,20.0,0.0,800.0,0.20591963095076043,0.029400386847195356,-0.17590525193315373,0.038306451612903226,0.024690637258240763,0.007126885283872749,40.0
10829,13,6.0,10.0,0.0,60.0,-0.4117048071432279,0.003094777562862669,-0.514343027225188,0.018145161290322582,-0.22142694345704075,0.0005345163962904563,6.0
10829,60,34.0,21.0,0.0,714.0,0.09692708305182132,0.024758220502901353,-0.1420614744039503,0.04032258064516129,-0.00391221671677844,0.006360745115856429,34.0
10830,6,25.0,6.0,0.0,150.0,-0.06656173879658735,0.017794970986460348,-0.6497181373420017,0.010080645161290322,-0.19149372418085786,0.0013362909907261406,25.0
10830,39,18.0,20.0,0.0,360.0,-0.19371971134534965,0.012379110251450677,-0.17590525193315373,0.038306451612903226,-0.12164954586976447,0.003207098377742737,18.0
10830,60,850.0,30.0,0.0,25500.0,14.919913597307541,0.6560928433268859,0.16253252335888052,0.05846774193548387,8.239696371943989,0.22716946842344388,251.915000000003
10830,68,12.5,24.0,0.0,300.0,-0.29362954691937715,0.008123791102514507,-0.040530141816340036,0.046370967741935484,-0.14160502538721972,0.0026725819814522813,12.5
10831,19,9.2,2.0,0.0,18.4,-0.35357544826379367,0.0055705996131528044,-0.7850932474588154,0.0020161290322580645,-0.2352627425891431,0.00016391836152907324,9.2
10831,35,18.0,8.0,0.0,144.0,-0.19371971134534965,0.012379110251450677,-0.5820305822835948,0.014112903225806451,-0.1934892721326034,0.001282839351097095,18.0
10831,38,263.5,426.0,0.0,112251.0,4.265892040186243,0.202321083172147,13.564668424923438,0.8568548387096774,37.09232643225667,1.0,251.915000000003
10831,43,46.0,9.0,0.0,414.0,0.3149121788496995,0.03404255319148936,-0.5481868047543914,0.016129032258064516,-0.10368961430405474,0.003688163134404148,46.0
10832,13,6.0,3.0,0.2,14.4,-0.4117048071432279,0.003094777562862669,-0.751249469929612,0.004032258064516129,-0.23659310789030677,0.0001282839351097095,6.0
10832,25,14.0,10.0,0.2,112.0,-0.2663814099446424,0.009284332688588007,-0.514343027225188,0.018145161290322582,-0.20413219454191286,0.000997763939742185,14.0
10832,44,19.45,16.0,0.2,248.96,-0.16737984560310604,0.013500967117988394,-0.31128036204996745,0.03024193548387097,-0.15858048663006832,0.0022178867003411996,19.45
10832,64,33.25,3.0,0.0,99.75,0.08330301456445394,0.024177949709864602,-0.751249469929612,0.004032258064516129,-0.20820643827672666,0.0008886335088328835,33.25
10833,7,30.0,20.0,0.1,540.0,0.024265384452528578,0.021663442940038684,-0.17590525193315373,0.038306451612903226,-0.06178310731739869,0.004810647566614106,30.0
10833,31,12.5,9.0,0.1,101.25,-0.29362954691937715,0.008123791102514507,-0.5481868047543914,0.016129032258064516,-0.20770755128879026,0.0009019964187401448,12.5
10833,53,32.8,9.0,0.1,265.68,0.07512857347203344,0.02382978723404255,-0.5481868047543914,0.016129032258064516,-0.15301955967120412,0.00236683860277414,32.8
10834,29,123.79,8.0,0.05,940.804,1.7280005623594452,0.09422823984526113,-0.5820305822835948,0.014112903225806451,0.07152082622450359,0.008381252728260773,123.79
10834,30,25.89,20.0,0.05,491.9099999999999,-0.0503945108582447,0.01848355899419729,-0.17590525193315373,0.038306451612903226,-0.07777742415063911,0.0043822326749873046,25.89
10835,59,55.0,15.0,0.0,825.0,0.4784010006981082,0.04100580270793037,-0.3451241395791709,0.028225806451612902,0.03300542039051379,0.007349600448993773,55.0
10835,77,18.4,2.0,0.2,29.439999999999998,-0.1864535414854204,0.012688588007736944,-0.7850932474588154,0.0020161290322580645,-0.2315909343579313,0.00026226937844651716,18.4
10836,22,21.0,52.0,0.0,1092.0,-0.13922343739588008,0.014700193423597678,0.9070956290013559,0.1028225806451613,0.1218073042431897,0.009728198412486302,21.0
10836,35,18.0,6.0,0.0,108.0,-0.19371971134534965,0.012379110251450677,-0.6497181373420017,0.010080645161290322,-0.20546255984307654,0.0009621295133228211,18.0
10836,57,19.5,24.0,0.0,468.0,-0.16647157437061486,0.013539651837524178,-0.040530141816340036,0.046370967741935484,-0.085729682738345,0.004169227891065558,19.5
10836,60,34.0,60.0,0.0,2040.0,0.09692708305182132,0.024758220502901353,1.1778458492349833,0.11895161290322581,0.43710388061898275,0.01817355747387551,34.0
10836,64,532.0,30.0,0.0,15960.0,9.143308558663769,0.41005802707930367,0.16253252335888052,0.05846774193548387,5.066775128668603,0.14218136141326135,251.915000000003
10837,13,6.0,6.0,0.0,36.0,-0.4117048071432279,0.003094777562862669,-0.6497181373420017,0.010080645161290322,-0.22940913526402287,0.00032070983777427375,6.0
10837,40,18.4,25.0,0.0,459.99999999999994,-0.1864535414854204,0.012688588007736944,-0.006686364287136612,0.04838709677419355,-0.0883904133406724,0.0040979590382268305,18.4
10837,47,9.5,40.0,0.25,285.0,-0.34812582086884675,0.005802707930367505,0.5009702986509148,0.07862903225806452,-0.14659389526658353,0.002538952882379667,9.5
10837,76,18.0,21.0,0.25,283.5,-0.19371971134534965,0.012379110251450677,-0.1420614744039503,0.04032258064516129,-0.1470927822545199,0.0025255899724724055,18.0
10838,1,18.0,4.0,0.25,54.0,-0.19371971134534965,0.012379110251450677,-0.7174056924004085,0.006048387096774193,-0.22342249140878628,0.00048106475666141057,18.0
10838,18,62.5,25.0,0.25,1171.875,0.6146416855717821,0.04680851063829787,-0.006686364287136612,0.04838709677419355,0.148373036350802,0.010439773365047972,62.5
10838,36,19.0,50.0,0.25,712.5,-0.17555428669552647,0.013152804642166345,0.839408073942949,0.09879032258064516,-0.004411103704714821,0.006347382205949168,19.0
10839,58,13.25,30.0,0.1,357.75,-0.2800054784320098,0.008704061895551257,0.16253252335888052,0.05846774193548387,-0.12239787635166904,0.0031870540128818453,13.25
10839,72,34.8,15.0,0.1,469.8,0.11145942277167982,0.025377176015473887,-0.3451241395791709,0.028225806451612902,-0.08513101835282134,0.004185263382954272,34.8
10840,25,14.0,6.0,0.2,67.2,-0.2663814099446424,0.009284332688588007,-0.6497181373420017,0.010080645161290322,-0.2190322859149461,0.0005986583638453109,14.0
10840,39,18.0,10.0,0.2,144.0,-0.19371971134534965,0.012379110251450677,-0.514343027225188,0.018145161290322582,-0.1934892721326034,0.001282839351097095,18.0
10841,10,31.0,16.0,0.0,496.0,0.042430809102351766,0.02243713733075435,-0.31128036204996745,0.03024193548387097,-0.07641712563019921,0.004418668876001105,31.0
10841,56,38.0,30.0,0.0,1140.0,0.16958878165111407,0.027852998065764023,0.16253252335888052,0.05846774193548387,0.1377716878571539,0.010155811529518667,38.0
10841,59,55.0,50.0,0.0,2750.0,0.4784010006981082,0.04100580270793037,0.839408073942949,0.09879032258064516,0.6732437215755367,0.024498668163312576,55.0
10841,77,13.0,15.0,0.0,195.0,-0.28454683459446556,0.00851063829787234,-0.3451241395791709,0.028225806451612902,-0.17652711454276643,0.0017371782879439827,13.0
10842,11,21.0,15.0,0.0,315.0,-0.13922343739588008,0.014700193423597678,-0.3451241395791709,0.028225806451612902,-0.1366161555078559,0.002806211080524895,21.0
10842,43,46.0,5.0,0.0,230.0,0.3149121788496995,0.03404255319148936,-0.6835619148712051,0.008064516129032258,-0.1648864181575842,0.0020489795191134153,46.0
10842,68,12.5,20.0,0.0,250.0,-0.29362954691937715,0.008123791102514507,-0.17590525193315373,0.038306451612903226,-0.1582345916517658,0.0022271516512102343,12.5
10842,70,15.0,12.0,0.0,180.0,-0.2482159852948192,0.010058027079303675,-0.44665547216678114,0.02217741935483871,-0.18151598442213024,0.0016035491888713685,15.0
10843,51,53.0,4.0,0.25,159.0,0.44207015139846184,0.039458413926499035,-0.7174056924004085,0.006048387096774193,-0.18850040225323958,0.001416468450169709,53.0
10844,22,21.0,35.0,0.0,735.0,-0.13922343739588008,0.014700193423597678,0.33175141100489763,0.06854838709677419,0.0030722011143309007,0.0065478258545580885,21.0
10845,23,9.0,70.0,0.1,567.0,-0.35720853319375834,0.005415860735009671,1.5162836245270175,0.13911290322580644,-0.052803141534543824,0.005051179944944811,9.0
10845,35,18.0,20.0,0.1,324.0,-0.19371971134534965,0.012379110251450677,-0.17590525193315373,0.038306451612903226,-0.13362283358023763,0.0028863885399684633,18.0
10845,42,14.0,42.0,0.1,529.2,-0.2663814099446424,0.009284332688588007,0.5686578537093216,0.08266129032258064,-0.06537509363054061,0.004714434615281825,14.0
10845,58,13.25,60.0,0.1,715.5,-0.2800054784320098,0.008704061895551257,1.1778458492349833,0.11895161290322581,-0.0034133297288420584,0.0063741080257636905,13.25
10845,64,33.25,48.0,0.0,1596.0,0.08330301456445394,0.024177949709864602,0.7717205188845422,0.09475806451612903,0.2894333321898139,0.014218136141326136,33.25
10846,4,22.0,21.0,0.0,462.0,-0.1210580127460569,0.015473887814313346,-0.1420614744039503,0.04032258064516129,-0.08772523069009053,0.004115776251436513,22.0
10846,70,15.0,30.0,0.0,450.0,-0.2482159852948192,0.010058027079303675,0.16253252335888052,0.05846774193548387,-0.09171632659358157,0.004008872972178421,15.0
10846,74,10.0,20.0,0.0,200.0,-0.33904310854393516,0.006189555125725338,-0.17590525193315373,0.038306451612903226,-0.17486415791631182,0.0017817213209681874,10.0
10847,1,18.0,80.0,0.2,1152.0,-0.19371971134534965,0.012379110251450677,1.8547213998190517,0.1592741935483871,0.14176278376064494,0.01026271480877676,18.0
10847,19,9.2,12.0,0.0,110.39999999999999,-0.35357544826379367,0.0055705996131528044,-0.44665547216678114,0.02217741935483871,-0.20466434066237835,0.0009835101691744394,9.2
10847,37,26.0,60.0,0.2,1248.0,-0.04839631414676416,0.018568665377176014,1.1778458492349833,0.11895161290322581,0.17369155098857336,0.01111794104284149,26.0
10847,45,9.5,36.0,0.2,273.6,-0.34812582086884675,0.005802707930367505,0.36559518853410106,0.07056451612903226,-0.15038543637490004,0.0024373947670844804,9.5
10847,60,34.0,45.0,0.2,1224.0,0.09692708305182132,0.024758220502901353,0.6701891862969319,0.08870967741935484,0.16570935918159127,0.010904134484325307,34.0
10847,71,21.5,55.0,0.2,946.0,-0.1301407250709685,0.015087040618955513,1.0086269615889663,0.10887096774193548,0.07324897075071522,0.008427541848179527,21.5
10848,5,21.35,30.0,0.0,640.5,-0.13286553876844195,0.014970986460348163,0.16253252335888052,0.05846774193548387,-0.02835767912566113,0.00570596253040062,21.35
10848,9,97.0,3.0,0.0,291.0,1.241348835990682,0.0735009671179884,-0.751249469929612,0.004032258064516129,-0.144598347314838,0.0025924045220087127,97.0
10849,3,10.0,49.0,0.0,490.0,-0.33904310854393516,0.006189555125725338,0.8055642964137456,0.0967741935483871,-0.07841267358194474,0.004365217236372059,10.0
10849,26,31.23,18.0,0.15,477.81899999999996,0.046608856771811105,0.022615087040618955,-0.2435928069915606,0.034274193548387094,-0.08246396851531346,0.004256701499318491,31.23
10850,25,14.0,20.0,0.15,238.0,-0.2663814099446424,0.009284332688588007,-0.17590525193315373,0.038306451612903226,-0.16222568755525682,0.002120248371952143,14.0
10850,33,2.5,4.0,0.15,8.5,-0.475283793417609,0.00038684719535783365,-0.7174056924004085,0.006048387096774193,-0.2385553967095232,7.572315614114796e-05,2.5
10850,70,15.0,30.0,0.15,382.5,-0.2482159852948192,0.010058027079303675,0.16253252335888052,0.05846774193548387,-0.11416624105071875,0.0034075420263516582,15.0
10851,2,19.0,5.0,0.05,90.25,-0.17555428669552647,0.013152804642166345,-0.6835619148712051,0.008064516129032258,-0.2113660558669904,0.0008040017460868946,19.0
10851,25,14.0,10.0,0.05,133.0,-0.2663814099446424,0.009284332688588007,-0.514343027225188,0.018145161290322582,-0.19714777671080352,0.0011848446784438445,14.0
10851,57,19.5,10.0,0.05,185.25,-0.16647157437061486,0.013539651837524178,-0.514343027225188,0.018145161290322582,-0.1797698799643529,0.0016503193735467835,19.5
10851,59,55.0,42.0,0.05,2194.5,0.4784010006981082,0.04100580270793037,0.5686578537093216,0.08266129032258064,0.48848924037643005,0.019549937194323436,55.0
10852,2,19.0,15.0,0.0,285.0,-0.17555428669552647,0.013152804642166345,-0.3451241395791709,0.028225806451612902,-0.14659389526658353,0.002538952882379667,19.0
10852,17,39.0,6.0,0.0,234.0,0.18775420630093725,0.02862669245647969,-0.6497181373420017,0.010080645161290322,-0.1635560528564205,0.002084613945532779,39.0
10852,62,49.3,50.0,0.0,2465.0,0.374858080194116,0.03659574468085106,0.839408073942949,0.09879032258064516,0.5784551938676242,0.02195971528093291,49.3
10853,18,62.5,10.0,0.0,625.0,0.6146416855717821,0.04680851063829787,-0.514343027225188,0.018145161290322582,-0.033512844667670405,0.005567879128025585,62.5
10854,10,31.0,100.0,0.15,2635.0,0.042430809102351766,0.02243713733075435,2.53159695040312,0.19959677419354838,0.6349957191670808,0.023474178403755867,31.0
10854,13,6.0,65.0,0.15,331.5,-0.4117048071432279,0.003094777562862669,1.3470647368810003,0.12903225806451613,-0.13112839864055573,0.0029532030895047705,6.0
10855,16,17.45,50.0,0.0,872.5,-0.2037106949027524,0.01195357833655706,0.839408073942949,0.09879032258064516,0.04880350834183254,0.0077727592627237175,17.45
10855,31,12.5,14.0,0.0,175.0,-0.29362954691937715,0.008123791102514507,-0.3789679171083743,0.02620967741935484,-0.18317894104858484,0.0015590061558471639,12.5
10855,56,38.0,24.0,0.0,912.0,0.16958878165111407,0.027852998065764023,-0.040530141816340036,0.046370967741935484,0.06194086569082392,0.008124649223614935,38.0
10855,65,21.05,15.0,0.15,268.3875,-0.13831516616338893,0.014738878143133462,-0.3451241395791709,0.028225806451612902,-0.15211906865797897,0.002390958655156747,21.05
10856,2,19.0,20.0,0.0,380.0,-0.17555428669552647,0.013152804642166345,-0.17590525193315373,0.038306451612903226,-0.11499771936394605,0.003385270509839556,19.0
10856,42,14.0,20.0,0.0,280.0,-0.2663814099446424,0.009284332688588007,-0.17590525193315373,0.038306451612903226,-0.14825685189303814,0.002494409849355462,14.0
10857,3,10.0,30.0,0.0,300.0,-0.33904310854393516,0.006189555125725338,0.16253252335888052,0.05846774193548387,-0.14160502538721972,0.0026725819814522813,10.0
10857,26,31.23,35.0,0.25,819.7874999999999,0.046608856771811105,0.022615087040618955,0.33175141100489763,0.06854838709677419,0.031271788107434834,0.007303164337066038,31.23
10857,29,123.79,10.0,0.25,928.4250000000001,1.7280005623594452,0.09422823984526113,-0.514343027225188,0.018145161290322582,0.06740367820872731,0.008270973087099447,123.79
10858,7,30.0,5.0,0.0,150.0,0.024265384452528578,0.021663442940038684,-0.6835619148712051,0.008064516129032258,-0.19149372418085786,0.0013362909907261406,30.0
10858,27,43.9,10.0,0.0,439.0,0.27676478708507085,0.03241779497098646,-0.514343027225188,0.018145161290322582,-0.09537483117178171,0.003910878299525172,43.9
10858,70,15.0,4.0,0.0,60.0,-0.2482159852948192,0.010058027079303675,-0.7174056924004085,0.006048387096774193,-0.22142694345704075,0.0005345163962904563,15.0
10859,24,4.5,40.0,0.25,135.0,-0.43895294411796265,0.0019342359767891683,0.5009702986509148,0.07862903225806452,-0.1964825940602217,0.0012026618916535265,4.5
10859,54,7.45,35.0,0.25,195.5625,-0.38536494140098426,0.004216634429400387,0.33175141100489763,0.06854838709677419,-0.17634003192229028,0.0017421893791592057,7.45
10859,64,33.25,30.0,0.25,748.125,0.08330301456445394,0.024177949709864602,0.16253252335888052,0.05846774193548387,0.007437462258774239,0.006664751316246626,33.25
10860,51,53.0,3.0,0.0,159.0,0.44207015139846184,0.039458413926499035,-0.751249469929612,0.004032258064516129,-0.18850040225323958,0.001416468450169709,53.0
10860,76,18.0,20.0,0.0,360.0,-0.19371971134534965,0.012379110251450677,-0.17590525193315373,0.038306451612903226,-0.12164954586976447,0.003207098377742737,18.0
10861,17,39.0,42.0,0.0,1638.0,0.18775420630093725,0.02862669245647969,0.5686578537093216,0.08266129032258064,0.30340216785203256,0.014592297618729454,39.0
10861,18,62.5,20.0,0.0,1250.0,0.6146416855717821,0.04680851063829787,-0.17590525193315373,0.038306451612903226,0.17435673363915521,0.01113575825605117,62.5
10861,21,10.0,40.0,0.0,400.0,-0.33904310854393516,0.006189555125725338,0.5009702986509148,0.07862903225806452,-0.10834589285812762,0.0035634426419363747,10.0
10861,33,2.5,35.0,0.0,87.5,-0.475283793417609,0.00038684719535783365,0.33175141100489763,0.06854838709677419,-0.21228068201154043,0.0007795030779235819,2.5
10861,62,49.3,3.0,0.0,147.89999999999998,0.374858080194116,0.03659574468085106,-0.751249469929612,0.004032258064516129,-0.19219216596396882,0.0013175829168559743,49.3
10862,11,21.0,25.0,0.0,525.0,-0.13922343739588008,0.014700193423597678,-0.006686364287136612,0.04838709677419355,-0.0667719771967625,0.0046770184675414914,21.0
10862,52,7.0,8.0,0.0,56.0,-0.3935393824934047,0.0038684719535783366,-0.5820305822835948,0.014112903225806451,-0.22275730875820446,0.0004988819698710925,7.0
10863,1,18.0,20.0,0.15,306.0,-0.19371971134534965,0.012379110251450677,-0.17590525193315373,0.038306451612903226,-0.1396094774354742,0.0027260336210813267,18.0
10863,58,13.25,12.0,0.15,135.15,-0.2800054784320098,0.008704061895551257,-0.44665547216678114,0.02217741935483871,-0.19643270536142807,0.0012039981826442528,13.25
10864,35,18.0,4.0,0.0,72.0,-0.19371971134534965,0.012379110251450677,-0.7174056924004085,0.006048387096774193,-0.21743584755354972,0.0006414196755485475,18.0
10864,67,14.0,15.0,0.0,210.0,-0.2663814099446424,0.009284332688588007,-0.3451241395791709,0.028225806451612902,-0.17153824466340262,0.0018708073870165967,14.0
10865,38,263.5,60.0,0.05,15019.5,4.265892040186243,0.202321083172147,1.1778458492349833,0.11895161290322581,4.753972987232492,0.13380281690140844,251.915000000003
10866,2,19.0,21.0,0.25,299.25,-0.17555428669552647,0.013152804642166345,-0.1420614744039503,0.04032258064516129,-0.1418544688811879,0.0026659005264986504,19.0
10866,24,4.5,6.0,0.25,20.25,-0.43895294411796265,0.0019342359767891683,-0.6497181373420017,0.010080645161290322,-0.23464744863735487,0.00018039928374802896,4.5
10866,30,25.89,40.0,0.25,776.6999999999999,-0.0503945108582447,0.01848355899419729,0.5009702986509148,0.07862903225806452,0.016941259378962282,0.006919314749979955,25.89
10867,53,32.8,3.0,0.0,98.39999999999999,0.07512857347203344,0.02382978723404255,-0.751249469929612,0.004032258064516129,-0.2086554365658694,0.0008766068899163481,32.8
10868,26,31.23,20.0,0.0,624.6,0.046608856771811105,0.022615087040618955,-0.17590525193315373,0.038306451612903226,-0.03364588119778677,0.005564315685383649,31.23
10868,35,18.0,30.0,0.0,540.0,-0.19371971134534965,0.012379110251450677,0.16253252335888052,0.05846774193548387,-0.06178310731739869,0.004810647566614106,18.0
10868,49,20.0,42.0,0.1,756.0,-0.15738886204570326,0.013926499032882012,0.5686578537093216,0.08266129032258064,0.010056618945440242,0.006734906593259748,20.0
10869,1,18.0,40.0,0.0,720.0,-0.19371971134534965,0.012379110251450677,0.5009702986509148,0.07862903225806452,-0.0019166687650329138,0.006414196755485474,18.0
10869,11,21.0,10.0,0.0,210.0,-0.13922343739588008,0.014700193423597678,-0.514343027225188,0.018145161290322582,-0.17153824466340262,0.0018708073870165967,21.0
10869,23,9.0,50.0,0.0,450.0,-0.35720853319375834,0.005415860735009671,0.839408073942949,0.09879032258064516,-0.09171632659358157,0.004008872972178421,9.0
10869,68,12.5,20.0,0.0,250.0,-0.29362954691937715,0.008123791102514507,-0.17590525193315373,0.038306451612903226,-0.1582345916517658,0.0022271516512102343,12.5
10870,35,18.0,3.0,0.0,54.0,-0.19371971134534965,0.012379110251450677,-0.751249469929612,0.004032258064516129,-0.22342249140878628,0.00048106475666141057,18.0
10870,51,53.0,2.0,0.0,106.0,0.44207015139846184,0.039458413926499035,-0.7850932474588154,0.0020161290322580645,-0.2061277424936584,0.0009443123001131393,53.0
10871,6,25.0,50.0,0.05,1187.5,-0.06656173879658735,0.017794970986460348,0.839408073942949,0.09879032258064516,0.15356977580847264,0.010578970343248612,25.0
10871,16,17.45,12.0,0.05,198.92999999999998,-0.2037106949027524,0.01195357833655706,-0.44665547216678114,0.02217741935483871,-0.17522003063437314,0.0017721891119010073,17.45
10871,17,39.0,16.0,0.05,592.8,0.18775420630093725,0.02862669245647969,-0.31128036204996745,0.03024193548387097,-0.04422228534203808,0.005281021995349707,39.0
10872,55,24.0,10.0,0.05,228.0,-0.08472716344641053,0.01702127659574468,-0.514343027225188,0.018145161290322582,-0.16555160080816603,0.0020311623059037338,24.0
10872,62,49.3,20.0,0.05,936.6999999999999,0.374858080194116,0.03659574468085106,-0.17590525193315373,0.038306451612903226,0.07015587142550964,0.008344691806754505,49.3
10872,64,33.25,15.0,0.05,473.8125,0.08330301456445394,0.024177949709864602,-0.3451241395791709,0.028225806451612902,-0.08379649566009152,0.004221009166956197,33.25
10872,65,21.05,21.0,0.05,419.9475,-0.13831516616338893,0.014738878143133462,-0.1420614744039503,0.04032258064516129,-0.10171152739688698,0.0037411470721864393,21.05
10873,21,10.0,20.0,0.0,200.0,-0.33904310854393516,0.006189555125725338,-0.17590525193315373,0.038306451612903226,-0.17486415791631182,0.0017817213209681874,10.0
10873,28,45.6,3.0,0.0,136.8,0.3076460089897703,0.0337330754352031,-0.751249469929612,0.004032258064516129,-0.19588392967469803,0.0012186973835422402,45.6
10874,10,18.4,10.0,0.0,184.0,-0.1864535414854204,0.012688588007736944,-0.514343027225188,0.018145161290322582,-0.18018561912096656,0.0016391836152907324,18.4
10875,19,9.2,25.0,0.0,229.99999999999997,-0.35357544826379367,0.0055705996131528044,-0.006686364287136612,0.04838709677419355,-0.1648864181575842,0.0020489795191134153,9.2
10875,47,9.5,21.0,0.1,179.55,-0.34812582086884675,0.005802707930367505,-0.1420614744039503,0.04032258064516129,-0.18166565051851116,0.0015995403158991903,9.5
10875,49,20.0,15.0,0.0,300.0,-0.15738886204570326,0.013926499032882012,-0.3451241395791709,0.028225806451612902,-0.14160502538721972,0.0026725819814522813,20.0
10876,46,12.0,21.0,0.0,252.0,-0.30271225924428874,0.007736943907156673,-0.1420614744039503,0.04032258064516129,-0.15756940900118394,0.0022449688644199163,12.0
10876,64,33.25,20.0,0.0,665.0,0.08330301456445394,0.024177949709864602,-0.17590525193315373,0.038306451612903226,-0.02020919165603357,0.005924223392219223,33.25
10877,16,17.45,30.0,0.25,392.625,-0.2037106949027524,0.01195357833655706,0.16253252335888052,0.05846774193548387,-0.11079875388214817,0.0034977416682256727,17.45
10877,18,62.5,25.0,0.0,1562.5,0.6146416855717821,0.04680851063829787,-0.006686364287136612,0.04838709677419355,0.278291522792568,0.013919697820063965,62.5
10878,20,81.0,20.0,0.05,1539.0,0.950702041593511,0.06112185686653772,-0.17590525193315373,0.038306451612903226,0.2704756266482314,0.013710345564850202,81.0
10879,40,18.4,12.0,0.0,220.79999999999998,-0.1864535414854204,0.012688588007736944,-0.44665547216678114,0.02217741935483871,-0.1679462583502607,0.0019670203383488787,18.4
10879,65,21.05,10.0,0.0,210.5,-0.13831516616338893,0.014738878143133462,-0.514343027225188,0.018145161290322582,-0.17137194900075714,0.0018752616903190173,21.05
10879,76,18.0,10.0,0.0,180.0,-0.19371971134534965,0.012379110251450677,-0.514343027225188,0.018145161290322582,-0.18151598442213024,0.0016035491888713685,18.0
10880,23,9.0,30.0,0.2,216.0,-0.35720853319375834,0.005415860735009671,0.16253252335888052,0.05846774193548387,-0.1695426967116571,0.0019242590266456423,9.0
10880,61,28.5,30.0,0.2,684.0,-0.002982752522206199,0.020502901353965184,0.16253252335888052,0.05846774193548387,-0.013889956475506069,0.006093486917711201,28.5
10880,70,15.0,50.0,0.2,600.0,-0.2482159852948192,0.010058027079303675,0.839408073942949,0.09879032258064516,-0.04182762779994343,0.0053451639629045625,15.0
10881,73,15.0,10.0,0.0,150.0,-0.2482159852948192,0.010058027079303675,-0.514343027225188,0.018145161290322582,-0.19149372418085786,0.0013362909907261406,15.0
10882,42,14.0,25.0,0.0,350.0,-0.2663814099446424,0.009284332688588007,-0.006686364287136612,0.04838709677419355,-0.12497545912267367,0.0031180123116943278,14.0
10882,49,20.0,20.0,0.0,400.0,-0.15738886204570326,0.013926499032882012,-0.17590525193315373,0.038306451612903226,-0.10834589285812762,0.0035634426419363747,20.0
10882,54,7.45,32.0,0.15,202.64,-0.38536494140098426,0.004216634429400387,0.23022007841728737,0.0625,-0.1739861168175438,0.0018052400424049674,7.45
10883,24,4.5,8.0,0.0,36.0,-0.43895294411796265,0.0019342359767891683,-0.5820305822835948,0.014112903225806451,-0.22940913526402287,0.00032070983777427375,4.5
10884,21,10.0,40.0,0.05,380.0,-0.33904310854393516,0.006189555125725338,0.5009702986509148,0.07862903225806452,-0.11499771936394605,0.003385270509839556,10.0
10884,56,38.0,21.0,0.05,758.0999999999999,0.16958878165111407,0.027852998065764023,-0.1420614744039503,0.04032258064516129,0.010755060728551145,0.006753614667129914,38.0
10884,65,21.05,12.0,0.05,239.97,-0.13831516616338893,0.014738878143133462,-0.44665547216678114,0.02217741935483871,-0.16157048264443372,0.0021377983269636794,21.05
10885,2,19.0,20.0,0.0,380.0,-0.17555428669552647,0.013152804642166345,-0.17590525193315373,0.038306451612903226,-0.11499771936394605,0.003385270509839556,19.0
10885,24,4.5,12.0,0.0,54.0,-0.43895294411796265,0.0019342359767891683,-0.44665547216678114,0.02217741935483871,-0.22342249140878628,0.00048106475666141057,4.5
10885,70,15.0,30.0,0.0,450.0,-0.2482159852948192,0.010058027079303675,0.16253252335888052,0.05846774193548387,-0.09171632659358157,0.004008872972178421,15.0
10885,77,13.0,25.0,0.0,325.0,-0.28454683459446556,0.00851063829787234,-0.006686364287136612,0.04838709677419355,-0.1332902422549467,0.0028952971465733045,13.0
10886,10,31.0,70.0,0.0,2170.0,0.042430809102351766,0.02243713733075435,1.5162836245270175,0.13911290322580644,0.4803407529068025,0.01933167633250483,31.0
10886,31,12.5,35.0,0.0,437.5,-0.29362954691937715,0.008123791102514507,0.33175141100489763,0.06854838709677419,-0.0958737181597181,0.00389751538961791,12.5
10886,77,13.0,40.0,0.0,520.0,-0.28454683459446556,0.00851063829787234,0.5009702986509148,0.07862903225806452,-0.06843493382321711,0.004632475434517287,13.0
10887,25,14.0,5.0,0.0,70.0,-0.2663814099446424,0.009284332688588007,-0.6835619148712051,0.008064516129032258,-0.21810103020413155,0.0006236024623388656,14.0
10888,2,19.0,20.0,0.0,380.0,-0.17555428669552647,0.013152804642166345,-0.17590525193315373,0.038306451612903226,-0.11499771936394605,0.003385270509839556,19.0
10888,68,12.5,18.0,0.0,225.0,-0.29362954691937715,0.008123791102514507,-0.2435928069915606,0.034274193548387094,-0.1665493747840388,0.0020044364860892106,12.5
10889,11,21.0,40.0,0.0,840.0,-0.13922343739588008,0.014700193423597678,0.5009702986509148,0.07862903225806452,0.037994290269877606,0.007483229548066387,21.0
10889,38,263.5,40.0,0.0,10540.0,4.265892040186243,0.202321083172147,0.5009702986509148,0.07862903225806452,3.2641301455918112,0.09389671361502347,251.915000000003
10890,17,39.0,15.0,0.0,585.0,0.18775420630093725,0.02862669245647969,-0.3451241395791709,0.028225806451612902,-0.04681649767930725,0.005211534863831948,39.0
10890,34,14.0,10.0,0.0,140.0,-0.2663814099446424,0.009284332688588007,-0.514343027225188,0.018145161290322582,-0.1948196374337671,0.001247204924677731,14.0
10890,41,9.65,14.0,0.0,135.1,-0.3454010071713733,0.005918762088974855,-0.3789679171083743,0.02620967741935484,-0.1964493349276926,0.0012035527523140104,9.65
10891,30,25.89,15.0,0.05,368.9325,-0.0503945108582447,0.01848355899419729,-0.3451241395791709,0.028225806451612902,-0.11867867385660331,0.003286674506240479,25.89
10892,59,55.0,40.0,0.05,2090.0,0.4784010006981082,0.04100580270793037,0.5009702986509148,0.07862903225806452,0.45373344688352885,0.018618987804117557,55.0
10893,8,40.0,30.0,0.0,1200.0,0.20591963095076043,0.029400386847195356,0.16253252335888052,0.05846774193548387,0.15772716737460915,0.010690327925809125,40.0
10893,24,4.5,10.0,0.0,45.0,-0.43895294411796265,0.0019342359767891683,-0.514343027225188,0.018145161290322582,-0.22641581333640456,0.00040088729721784213,4.5
10893,29,123.79,24.0,0.0,2970.96,1.7280005623594452,0.09422823984526113,-0.040530141816340036,0.046370967741935484,0.7467331008118185,0.02646711387871823,123.79
10893,30,25.89,35.0,0.0,906.15,-0.0503945108582447,0.01848355899419729,0.33175141100489763,0.06854838709677419,0.05999520643787202,0.008072533874976615,25.89
10893,36,19.0,20.0,0.0,380.0,-0.17555428669552647,0.013152804642166345,-0.17590525193315373,0.038306451612903226,-0.11499771936394605,0.003385270509839556,19.0
10894,13,6.0,28.0,0.05,159.6,-0.4117048071432279,0.003094777562862669,0.09484496830047366,0.05443548387096774,-0.18830084745806502,0.0014218136141326135,6.0
10894,69,36.0,50.0,0.05,1710.0,0.13325793235146768,0.02630560928433269,0.839408073942949,0.09879032258064516,0.32734874327297886,0.015233717294278002,36.0
10894,75,7.75,120.0,0.05,883.5,-0.3799153140060373,0.004448742746615087,3.2084725009871886,0.2399193548387097,0.052462012920032663,0.007870753935376968,7.75
10895,24,4.5,20.0,0.0,90.0,-0.43895294411796265,0.0019342359767891683,-0.17590525193315373,0.038306451612903226,-0.21144920369831313,0.0008017745944356843,4.5
10895,39,18.0,45.0,0.0,810.0,-0.19371971134534965,0.012379110251450677,0.6701891862969319,0.08870967741935484,0.028016550511149974,0.007215971349921159,18.0
10895,40,18.4,91.0,0.0,1674.3999999999999,-0.1864535414854204,0.012688588007736944,2.2270029526402895,0.1814516129032258,0.31550849209262205,0.014916570899145663,18.4
10895,60,34.0,100.0,0.0,3400.0,0.09692708305182132,0.024758220502901353,2.53159695040312,0.19959677419354838,0.8894280830146353,0.030289262456459184,34.0
10896,45,9.5,15.0,0.0,142.5,-0.34812582086884675,0.005802707930367505,-0.3451241395791709,0.028225806451612902,-0.1939881591205398,0.0012694764411898334,9.5
10896,56,38.0,16.0,0.0,608.0,0.16958878165111407,0.027852998065764023,-0.31128036204996745,0.03024193548387097,-0.03916689719761606,0.005416432815743289,38.0
10897,29,123.79,80.0,0.0,9903.2,1.7280005623594452,0.09422823984526113,1.8547213998190517,0.1592741935483871,3.052335989646553,0.08822371292906077,123.79
10897,30,25.89,36.0,0.0,932.04,-0.0503945108582447,0.01848355899419729,0.36559518853410106,0.07056451612903226,0.06860599584965396,0.008303177699975947,25.89
10898,13,6.0,5.0,0.0,30.0,-0.4117048071432279,0.003094777562862669,-0.6835619148712051,0.008064516129032258,-0.2314046832157684,0.0002672581981452281,6.0
10899,39,18.0,8.0,0.15,122.39999999999999,-0.19371971134534965,0.012379110251450677,-0.5820305822835948,0.014112903225806451,-0.2006732447588873,0.0010904134484325306,18.0
10900,70,15.0,3.0,0.25,33.75,-0.2482159852948192,0.010058027079303675,-0.751249469929612,0.004032258064516129,-0.23015746574592744,0.0003006654729133816,15.0
10901,41,9.65,30.0,0.0,289.5,-0.3454010071713733,0.005918762088974855,0.16253252335888052,0.05846774193548387,-0.1450972343027744,0.0025790416121014514,9.65
10901,71,21.5,30.0,0.0,645.0,-0.1301407250709685,0.015087040618955513,0.16253252335888052,0.05846774193548387,-0.026861018161851987,0.005746051260122404,21.5
10902,55,24.0,30.0,0.15,612.0,-0.08472716344641053,0.01702127659574468,0.16253252335888052,0.05846774193548387,-0.03783653189645238,0.005452067242162653,24.0
10902,62,49.3,6.0,0.15,251.42999999999995,0.374858080194116,0.03659574468085106,-0.6497181373420017,0.010080645161290322,-0.15775898605659977,0.002239890958655156,49.3
10903,13,6.0,40.0,0.0,240.0,-0.4117048071432279,0.003094777562862669,0.5009702986509148,0.07862903225806452,-0.161560504904675,0.002138065585161825,6.0
10903,65,21.05,21.0,0.0,442.05,-0.13831516616338893,0.014738878143133462,-0.1420614744039503,0.04032258064516129,-0.0943604276296444,0.003938049549669936,21.05
10903,68,12.5,20.0,0.0,250.0,-0.29362954691937715,0.008123791102514507,-0.17590525193315373,0.038306451612903226,-0.1582345916517658,0.0022271516512102343,12.5
10904,58,13.25,15.0,0.0,198.75,-0.2800054784320098,0.008704061895551257,-0.3451241395791709,0.028225806451612902,-0.17527989707292546,0.0017705855627121363,13.25
10904,62,49.3,35.0,0.0,1725.5,0.374858080194116,0.03659574468085106,0.33175141100489763,0.06854838709677419,0.33250390881498815,0.015371800696653037,49.3
10905,1,18.0,20.0,0.05,342.0,-0.19371971134534965,0.012379110251450677,-0.17590525193315373,0.038306451612903226,-0.12763618972500104,0.0030467434588556004,18.0
10906,61,28.5,15.0,0.0,427.5,-0.002982752522206199,0.020502901353965184,-0.3451241395791709,0.028225806451612902,-0.0991996314126273,0.0038084293235695005,28.5
10907,75,7.75,14.0,0.0,108.5,-0.3799153140060373,0.004448742746615087,-0.3789679171083743,0.02620967741935484,-0.2052962641804311,0.0009665838166252416,7.75
10908,7,30.0,20.0,0.05,570.0,0.024265384452528578,0.021663442940038684,-0.17590525193315373,0.038306451612903226,-0.05180536755867106,0.005077905764759334,30.0
10908,52,7.0,14.0,0.05,93.1,-0.3935393824934047,0.0038684719535783366,-0.3789679171083743,0.02620967741935484,-0.21041817058991127,0.0008293912749106912,7.0
10909,7,30.0,12.0,0.0,360.0,0.024265384452528578,0.021663442940038684,-0.44665547216678114,0.02217741935483871,-0.12164954586976447,0.003207098377742737,30.0
10909,16,17.45,15.0,0.0,261.75,-0.2037106949027524,0.01195357833655706,-0.3451241395791709,0.028225806451612902,-0.15432664357959747,0.0023318277788171153,17.45
10909,41,9.65,5.0,0.0,48.25,-0.3454010071713733,0.005918762088974855,-0.6835619148712051,0.008064516129032258,-0.22533489152920907,0.0004298402686835752,9.65
10910,19,9.2,12.0,0.0,110.39999999999999,-0.35357544826379367,0.0055705996131528044,-0.44665547216678114,0.02217741935483871,-0.20466434066237835,0.0009835101691744394,9.2
10910,49,20.0,10.0,0.0,200.0,-0.15738886204570326,0.013926499032882012,-0.514343027225188,0.018145161290322582,-0.17486415791631182,0.0017817213209681874,20.0
10910,61,28.5,5.0,0.0,142.5,-0.002982752522206199,0.020502901353965184,-0.6835619148712051,0.008064516129032258,-0.1939881591205398,0.0012694764411898334,28.5
10911,1,18.0,10.0,0.0,180.0,-0.19371971134534965,0.012379110251450677,-0.514343027225188,0.018145161290322582,-0.18151598442213024,0.0016035491888713685,18.0
10911,17,39.0,12.0,0.0,468.0,0.18775420630093725,0.02862669245647969,-0.44665547216678114,0.02217741935483871,-0.085729682738345,0.004169227891065558,39.0
10911,67,14.0,15.0,0.0,210.0,-0.2663814099446424,0.009284332688588007,-0.3451241395791709,0.028225806451612902,-0.17153824466340262,0.0018708073870165967,14.0
10912,11,21.0,40.0,0.25,630.0,-0.13922343739588008,0.014700193423597678,0.5009702986509148,0.07862903225806452,-0.0318498880412158,0.00561242216104979,21.0
10912,29,123.79,60.0,0.25,5570.55,1.7280005623594452,0.09422823984526113,1.1778458492349833,0.11895161290322581,1.6113341841248439,0.04962583852259668,123.79
10913,4,22.0,30.0,0.25,495.0,-0.1210580127460569,0.015473887814313346,0.16253252335888052,0.05846774193548387,-0.07674971695549014,0.0044097602693962635,22.0
10913,33,2.5,40.0,0.25,75.0,-0.475283793417609,0.00038684719535783365,0.5009702986509148,0.07862903225806452,-0.21643807357767694,0.0006681454953630703,2.5
10913,58,13.25,15.0,0.0,198.75,-0.2800054784320098,0.008704061895551257,-0.3451241395791709,0.028225806451612902,-0.17527989707292546,0.0017705855627121363,13.25
10914,71,21.5,25.0,0.0,537.5,-0.1301407250709685,0.015087040618955513,-0.006686364287136612,0.04838709677419355,-0.062614585630626,0.004788376050102004,21.5
10915,17,39.0,10.0,0.0,390.0,0.18775420630093725,0.02862669245647969,-0.514343027225188,0.018145161290322582,-0.11167180611103683,0.0034743565758879654,39.0
10915,33,2.5,30.0,0.0,75.0,-0.475283793417609,0.00038684719535783365,0.16253252335888052,0.05846774193548387,-0.21643807357767694,0.0006681454953630703,2.5
10915,54,7.45,10.0,0.0,74.5,-0.38536494140098426,0.004216634429400387,-0.514343027225188,0.018145161290322582,-0.21660436924032242,0.0006636911920606498,7.45
10916,16,17.45,6.0,0.0,104.69999999999999,-0.2037106949027524,0.01195357833655706,-0.6497181373420017,0.010080645161290322,-0.20656011121653658,0.000932731111526846,17.45
10916,32,32.0,6.0,0.0,192.0,0.060596233752174954,0.02321083172147002,-0.6497181373420017,0.010080645161290322,-0.17752488851863918,0.0017104524681294598,32.0
10917,30,25.89,1.0,0.0,25.89,-0.0503945108582447,0.01848355899419729,-0.8189370249880189,0.0,-0.23277163356271408,0.00023064382499933186,25.89
10917,60,34.0,10.0,0.0,340.0,0.09692708305182132,0.024758220502901353,-0.514343027225188,0.018145161290322582,-0.1283013723755829,0.0030289262456459185,34.0
10918,1,18.0,60.0,0.25,810.0,-0.19371971134534965,0.012379110251450677,1.1778458492349833,0.11895161290322581,0.028016550511149974,0.007215971349921159,18.0
10918,60,34.0,25.0,0.25,637.5,0.09692708305182132,0.024758220502901353,-0.006686364287136612,0.04838709677419355,-0.029355453101533896,0.005679236710586098,34.0
10919,16,17.45,24.0,0.0,418.79999999999995,-0.2037106949027524,0.01195357833655706,-0.040530141816340036,0.046370967741935484,-0.10209317594265833,0.003730924446107384,17.45
10919,25,14.0,24.0,0.0,336.0,-0.2663814099446424,0.009284332688588007,-0.040530141816340036,0.046370967741935484,-0.12963173767674657,0.0029932918192265546,14.0
10919,40,18.4,20.0,0.0,368.0,-0.1864535414854204,0.012688588007736944,-0.17590525193315373,0.038306451612903226,-0.1189888152674371,0.003278367230581465,18.4
10920,50,16.25,24.0,0.0,390.0,-0.22550920448254022,0.011025145067698259,-0.040530141816340036,0.046370967741935484,-0.11167180611103683,0.0034743565758879654,16.25
10921,35,18.0,10.0,0.0,180.0,-0.19371971134534965,0.012379110251450677,-0.514343027225188,0.018145161290322582,-0.18151598442213024,0.0016035491888713685,18.0
10921,63,43.9,40.0,0.0,1756.0,0.27676478708507085,0.03241779497098646,0.5009702986509148,0.07862903225806452,0.34264794423636125,0.015643513198100686,43.9
10922,17,39.0,15.0,0.0,585.0,0.18775420630093725,0.02862669245647969,-0.3451241395791709,0.028225806451612902,-0.04681649767930725,0.005211534863831948,39.0
10922,24,4.5,35.0,0.0,157.5,-0.43895294411796265,0.0019342359767891683,0.33175141100489763,0.06854838709677419,-0.18899928924117596,0.0014031055402624476,4.5
10923,42,14.0,10.0,0.2,112.0,-0.2663814099446424,0.009284332688588007,-0.514343027225188,0.018145161290322582,-0.20413219454191286,0.000997763939742185,14.0
10923,43,46.0,10.0,0.2,368.0,0.3149121788496995,0.03404255319148936,-0.514343027225188,0.018145161290322582,-0.1189888152674371,0.003278367230581465,46.0
10923,67,14.0,24.0,0.2,268.8,-0.2663814099446424,0.009284332688588007,-0.040530141816340036,0.046370967741935484,-0.15198187473629646,0.0023946334553812437,14.0
10924,10,31.0,20.0,0.1,558.0,0.042430809102351766,0.02243713733075435,-0.17590525193315373,0.038306451612903226,-0.05579646346216211,0.004971002485501243,31.0
10924,28,45.6,30.0,0.1,1231.2,0.3076460089897703,0.0337330754352031,0.16253252335888052,0.05846774193548387,0.1681040167236859,0.010968276451880163,45.6
10924,75,7.75,6.0,0.0,46.5,-0.3799153140060373,0.004448742746615087,-0.6497181373420017,0.010080645161290322,-0.2259169263484682,0.00041425020712510354,7.75
10925,36,19.0,25.0,0.15,403.75,-0.17555428669552647,0.013152804642166345,-0.006686364287136612,0.04838709677419355,-0.10709867538828667,0.0035968499167045283,19.0
10925,52,7.0,12.0,0.15,71.39999999999999,-0.3935393824934047,0.0038684719535783366,-0.44665547216678114,0.02217741935483871,-0.21763540234872428,0.0006360745115856428,7.0
10926,11,21.0,2.0,0.0,42.0,-0.13922343739588008,0.014700193423597678,-0.7850932474588154,0.0020161290322580645,-0.22741358731227734,0.0003741614774033193,21.0
10926,13,6.0,10.0,0.0,60.0,-0.4117048071432279,0.003094777562862669,-0.514343027225188,0.018145161290322582,-0.22142694345704075,0.0005345163962904563,6.0
10926,19,9.2,7.0,0.0,64.39999999999999,-0.35357544826379367,0.0055705996131528044,-0.6158743598127983,0.012096774193548387,-0.2199635416257607,0.0005737142653517562,9.2
10926,72,34.8,10.0,0.0,348.0,0.11145942277167982,0.025377176015473887,-0.514343027225188,0.018145161290322582,-0.1256406417732555,0.003100195098484646,34.8
10927,20,81.0,5.0,0.0,405.0,0.950702041593511,0.06112185686653772,-0.6835619148712051,0.008064516129032258,-0.10668293623167302,0.0036079856749605794,81.0
10927,52,7.0,5.0,0.0,35.0,-0.3935393824934047,0.0038684719535783366,-0.6835619148712051,0.008064516129032258,-0.2297417265893138,0.0003118012311694328,7.0
10927,76,18.0,20.0,0.0,360.0,-0.19371971134534965,0.012379110251450677,-0.17590525193315373,0.038306451612903226,-0.12164954586976447,0.003207098377742737,18.0
10928,47,9.5,5.0,0.0,47.5,-0.34812582086884675,0.005802707930367505,-0.6835619148712051,0.008064516129032258,-0.22558433502317726,0.0004231588137299445,9.5
10928,76,18.0,5.0,0.0,90.0,-0.19371971134534965,0.012379110251450677,-0.6835619148712051,0.008064516129032258,-0.21144920369831313,0.0008017745944356843,18.0
10929,21,10.0,60.0,0.0,600.0,-0.33904310854393516,0.006189555125725338,1.1778458492349833,0.11895161290322581,-0.04182762779994343,0.0053451639629045625,10.0
10929,75,7.75,49.0,0.0,379.75,-0.3799153140060373,0.004448742746615087,0.8055642964137456,0.0967741935483871,-0.11508086719526878,0.003383043358188346,7.75
10929,77,13.0,433.0,0.0,5629.0,-0.28454683459446556,0.00851063829787234,13.801574867627862,0.8709677419354839,1.630774147088098,0.050146546578649635,13.0
10930,21,10.0,20.0,0.0,200.0,-0.33904310854393516,0.006189555125725338,-0.17590525193315373,0.038306451612903226,-0.17486415791631182,0.0017817213209681874,10.0
10930,27,43.9,25.0,0.0,1097.5,0.27676478708507085,0.03241779497098646,-0.006686364287136612,0.04838709677419355,0.12363655653228976,0.009777195748812929,43.9
10930,55,24.0,25.0,0.2,480.0,-0.08472716344641053,0.01702127659574468,-0.006686364287136612,0.04838709677419355,-0.08173858683485395,0.00427613117032365,24.0
10930,58,13.25,30.0,0.2,318.0,-0.2800054784320098,0.008704061895551257,0.16253252335888052,0.05846774193548387,-0.13561838153198316,0.002832936900339418,13.25
10931,13,6.0,42.0,0.15,214.2,-0.4117048071432279,0.003094777562862669,0.5686578537093216,0.08266129032258064,-0.17014136109718075,0.0019082235347569285,6.0
10931,57,19.5,30.0,0.0,585.0,-0.16647157437061486,0.013539651837524178,0.16253252335888052,0.05846774193548387,-0.04681649767930725,0.005211534863831948,19.5
10932,16,17.45,30.0,0.1,471.15000000000003,-0.2037106949027524,0.01195357833655706,0.16253252335888052,0.05846774193548387,-0.08468202006367859,0.0041972900018708076,17.45
10932,62,49.3,14.0,0.1,621.18,0.374858080194116,0.03659574468085106,-0.3789679171083743,0.02620967741935484,-0.03478334353028174,0.005533848250795093,49.3
10932,72,34.8,16.0,0.0,556.8,0.11145942277167982,0.025377176015473887,-0.31128036204996745,0.03024193548387097,-0.05619557305251123,0.004960312157575433,34.8
10932,75,7.75,20.0,0.1,139.5,-0.3799153140060373,0.004448742746615087,-0.17590525193315373,0.038306451612903226,-0.19498593309641254,0.0012427506213753107,7.75
10933,53,32.8,2.0,0.0,65.6,0.07512857347203344,0.02382978723404255,-0.7850932474588154,0.0020161290322580645,-0.2195644320354116,0.0005844045932775654,32.8
10933,61,28.5,30.0,0.0,855.0,-0.002982752522206199,0.020502901353965184,0.16253252335888052,0.05846774193548387,0.04298316014924142,0.007616858647139001,28.5
10934,6,25.0,20.0,0.0,500.0,-0.06656173879658735,0.017794970986460348,-0.17590525193315373,0.038306451612903226,-0.07508676032903552,0.004454303302420469,25.0
10935,1,18.0,21.0,0.0,378.0,-0.19371971134534965,0.012379110251450677,-0.1420614744039503,0.04032258064516129,-0.11566290201452789,0.003367453296629874,18.0
10935,18,62.5,4.0,0.25,187.5,0.6146416855717821,0.04680851063829787,-0.7174056924004085,0.006048387096774193,-0.17902154948244833,0.0016703637384076757,62.5
10935,23,9.0,8.0,0.25,54.0,-0.35720853319375834,0.005415860735009671,-0.5820305822835948,0.014112903225806451,-0.22342249140878628,0.00048106475666141057,9.0
10936,36,19.0,30.0,1.0,0.0,-0.17555428669552647,0.013152804642166345,0.16253252335888052,0.05846774193548387,-0.24138242297449602,0.0,19.0
10937,28,45.6,8.0,0.0,364.8,0.3076460089897703,0.0337330754352031,-0.5820305822835948,0.014112903225806451,-0.12005310750836805,0.0032498596894459737,45.6
10937,34,14.0,20.0,0.0,280.0,-0.2663814099446424,0.009284332688588007,-0.17590525193315373,0.038306451612903226,-0.14825685189303814,0.002494409849355462,14.0
10938,13,6.0,20.0,0.25,90.0,-0.4117048071432279,0.003094777562862669,-0.17590525193315373,0.038306451612903226,-0.21144920369831313,0.0008017745944356843,6.0
10938,43,46.0,24.0,0.25,828.0,0.3149121788496995,0.03404255319148936,-0.040530141816340036,0.046370967741935484,0.034003194366386554,0.007376326268808296,46.0
10938,60,34.0,49.0,0.25,1249.5,0.09692708305182132,0.024758220502901353,0.8055642964137456,0.0967741935483871,0.17419043797650974,0.01113130395274875,34.0
10938,71,21.5,35.0,0.25,564.375,-0.1301407250709685,0.015087040618955513,0.33175141100489763,0.06854838709677419,-0.053676193763432495,0.005027794852607103,21.5
10939,2,19.0,10.0,0.15,161.5,-0.17555428669552647,0.013152804642166345,-0.514343027225188,0.018145161290322582,-0.18766892394001228,0.0014387399666818113,19.0
10939,67,14.0,40.0,0.15,476.0,-0.2663814099446424,0.009284332688588007,0.5009702986509148,0.07862903225806452,-0.08306895213601763,0.004240496743904286,14.0
10940,7,30.0,8.0,0.0,240.0,0.024265384452528578,0.021663442940038684,-0.5820305822835948,0.014112903225806451,-0.161560504904675,0.002138065585161825,30.0
10940,13,6.0,20.0,0.0,120.0,-0.4117048071432279,0.003094777562862669,-0.17590525193315373,0.038306451612903226,-0.2014714639395855,0.0010690327925809125,6.0
10941,31,12.5,44.0,0.25,412.5,-0.29362954691937715,0.008123791102514507,0.6363454087677285,0.08669354838709678,-0.10418850129199111,0.0036748002244968866,12.5
10941,62,49.3,30.0,0.25,1109.25,0.374858080194116,0.03659574468085106,0.16253252335888052,0.05846774193548387,0.12754450460445807,0.009881871876419809,49.3
10941,68,12.5,80.0,0.25,750.0,-0.29362954691937715,0.008123791102514507,1.8547213998190517,0.1592741935483871,0.008061070993694715,0.006681454953630703,12.5
10941,72,34.8,50.0,0.0,1739.9999999999998,0.11145942277167982,0.025377176015473887,0.839408073942949,0.09879032258064516,0.3373264830317064,0.015500975492423227,34.8
10942,49,20.0,28.0,0.0,560.0,-0.15738886204570326,0.013926499032882012,0.09484496830047366,0.05443548387096774,-0.05513128081158027,0.004988819698710924,20.0
10943,13,6.0,15.0,0.0,90.0,-0.4117048071432279,0.003094777562862669,-0.3451241395791709,0.028225806451612902,-0.21144920369831313,0.0008017745944356843,6.0
10943,22,21.0,21.0,0.0,441.0,-0.13922343739588008,0.014700193423597678,-0.1420614744039503,0.04032258064516129,-0.09470964852119987,0.003928695512734853,21.0
10943,46,12.0,15.0,0.0,180.0,-0.30271225924428874,0.007736943907156673,-0.3451241395791709,0.028225806451612902,-0.18151598442213024,0.0016035491888713685,12.0
10944,11,21.0,5.0,0.25,78.75,-0.13922343739588008,0.014700193423597678,-0.6835619148712051,0.008064516129032258,-0.215190856107836,0.0007015527701312238,21.0
10944,44,19.45,18.0,0.25,262.575,-0.16737984560310604,0.013500967117988394,-0.2435928069915606,0.034274193548387094,-0.15405225573623244,0.002339177379266109,19.45
10944,56,38.0,18.0,0.0,684.0,0.16958878165111407,0.027852998065764023,-0.2435928069915606,0.034274193548387094,-0.013889956475506069,0.006093486917711201,38.0
10945,13,6.0,20.0,0.0,120.0,-0.4117048071432279,0.003094777562862669,-0.17590525193315373,0.038306451612903226,-0.2014714639395855,0.0010690327925809125,6.0
10945,31,12.5,10.0,0.0,125.0,-0.29362954691937715,0.008123791102514507,-0.514343027225188,0.018145161290322582,-0.1998085073131309,0.0011135758256051172,12.5
10946,10,31.0,25.0,0.0,775.0,0.042430809102351766,0.02243713733075435,-0.006686364287136612,0.04838709677419355,0.01637585412596774,0.006904170118751726,31.0
10946,24,4.5,25.0,0.0,112.5,-0.43895294411796265,0.0019342359767891683,-0.006686364287136612,0.04838709677419355,-0.20396589887926742,0.0010022182430446053,4.5
10946,77,13.0,40.0,0.0,520.0,-0.28454683459446556,0.00851063829787234,0.5009702986509148,0.07862903225806452,-0.06843493382321711,0.004632475434517287,13.0
10947,59,55.0,4.0,0.0,220.0,0.4784010006981082,0.04100580270793037,-0.7174056924004085,0.006048387096774193,-0.1682123314104934,0.001959893453065006,55.0
10948,50,16.25,9.0,0.0,146.25,-0.22550920448254022,0.011025145067698259,-0.5481868047543914,0.016129032258064516,-0.19274094165069883,0.001302883715957987,16.25
10948,51,53.0,40.0,0.0,2120.0,0.44207015139846184,0.039458413926499035,0.5009702986509148,0.07862903225806452,0.46371118664225647,0.018886246002262786,53.0
10948,55,24.0,4.0,0.0,96.0,-0.08472716344641053,0.01702127659574468,-0.7174056924004085,0.006048387096774193,-0.2094536557465676,0.0008552262340647299,24.0
10949,6,25.0,12.0,0.0,300.0,-0.06656173879658735,0.017794970986460348,-0.44665547216678114,0.02217741935483871,-0.14160502538721972,0.0026725819814522813,25.0
10949,10,31.0,30.0,0.0,930.0,0.042430809102351766,0.02243713733075435,0.16253252335888052,0.05846774193548387,0.06792750954606049,0.008285004142502071,31.0
10949,17,39.0,6.0,0.0,234.0,0.18775420630093725,0.02862669245647969,-0.6497181373420017,0.010080645161290322,-0.1635560528564205,0.002084613945532779,39.0
10949,62,49.3,60.0,0.0,2958.0,0.374858080194116,0.03659574468085106,1.1778458492349833,0.11895161290322581,0.7424227172360481,0.026351658337119492,49.3
10950,4,22.0,5.0,0.0,110.0,-0.1210580127460569,0.015473887814313346,-0.6835619148712051,0.008064516129032258,-0.20479737719249472,0.000979946726532503,22.0
10951,33,2.5,15.0,0.05,35.625,-0.475283793417609,0.00038684719535783365,-0.3451241395791709,0.028225806451612902,-0.22953385701100695,0.00031736911029745836,2.5
10951,41,9.65,6.0,0.05,55.005,-0.3454010071713733,0.005918762088974855,-0.6497181373420017,0.010080645161290322,-0.22308823712686893,0.0004900179062992758,9.65
10951,75,7.75,50.0,0.05,368.125,-0.3799153140060373,0.004448742746615087,0.839408073942949,0.09879032258064516,-0.11894724135177573,0.00327948080640707,7.75
10952,6,25.0,16.0,0.05,380.0,-0.06656173879658735,0.017794970986460348,-0.31128036204996745,0.03024193548387097,-0.11499771936394605,0.003385270509839556,25.0
10952,28,45.6,2.0,0.0,91.2,0.3076460089897703,0.0337330754352031,-0.7850932474588154,0.0020161290322580645,-0.21105009410796402,0.0008124649223614934,45.6
10953,20,81.0,50.0,0.05,3847.5,0.950702041593511,0.06112185686653772,0.839408073942949,0.09879032258064516,1.0382627010823224,0.034275863912125504,81.0
10953,31,12.5,50.0,0.05,593.75,-0.29362954691937715,0.008123791102514507,0.839408073942949,0.09879032258064516,-0.043906323583011685,0.005289485171624306,12.5
10954,16,17.45,28.0,0.15,415.30999999999995,-0.2037106949027524,0.01195357833655706,0.09484496830047366,0.05443548387096774,-0.10325391966792365,0.003699833409056489,17.45
10954,31,12.5,25.0,0.15,265.625,-0.29362954691937715,0.008123791102514507,-0.006686364287136612,0.04838709677419355,-0.15303785219409513,0.002366348629410874,12.5
10954,45,9.5,30.0,0.0,285.0,-0.34812582086884675,0.005802707930367505,0.16253252335888052,0.05846774193548387,-0.14659389526658353,0.002538952882379667,9.5
10954,60,34.0,24.0,0.15,693.6,0.09692708305182132,0.024758220502901353,-0.040530141816340036,0.046370967741935484,-0.01069707975271322,0.006179009541117674,34.0
10955,75,7.75,12.0,0.2,74.4,-0.3799153140060373,0.004448742746615087,-0.44665547216678114,0.02217741935483871,-0.2166376283728515,0.0006628003314001657,7.75
10956,21,10.0,12.0,0.0,120.0,-0.33904310854393516,0.006189555125725338,-0.44665547216678114,0.02217741935483871,-0.2014714639395855,0.0010690327925809125,10.0
10956,47,9.5,14.0,0.0,133.0,-0.34812582086884675,0.005802707930367505,-0.3789679171083743,0.02620967741935484,-0.19714777671080352,0.0011848446784438445,9.5
10956,51,53.0,8.0,0.0,424.0,0.44207015139846184,0.039458413926499035,-0.5820305822835948,0.014112903225806451,-0.10036370105114552,0.003777249200452557,53.0
10957,30,25.89,30.0,0.0,776.7,-0.0503945108582447,0.01848355899419729,0.16253252335888052,0.05846774193548387,0.01694125937896232,0.006919314749979956,25.89
10957,35,18.0,40.0,0.0,720.0,-0.19371971134534965,0.012379110251450677,0.5009702986509148,0.07862903225806452,-0.0019166687650329138,0.006414196755485474,18.0
10957,64,33.25,8.0,0.0,266.0,0.08330301456445394,0.024177949709864602,-0.5820305822835948,0.014112903225806451,-0.15291313044711105,0.002369689356887689,33.25
10958,5,21.35,20.0,0.0,427.0,-0.13286553876844195,0.014970986460348163,-0.17590525193315373,0.038306451612903226,-0.09936592707527277,0.00380397502026708,21.35
10958,7,30.0,6.0,0.0,180.0,0.024265384452528578,0.021663442940038684,-0.6497181373420017,0.010080645161290322,-0.18151598442213024,0.0016035491888713685,30.0
10958,72,34.8,5.0,0.0,174.0,0.11145942277167982,0.025377176015473887,-0.6835619148712051,0.008064516129032258,-0.18351153237387577,0.001550097549242323,34.8
10959,75,7.75,20.0,0.15,131.75,-0.3799153140060373,0.004448742746615087,-0.17590525193315373,0.038306451612903226,-0.1975635158674172,0.0011737089201877935,7.75
10960,24,4.5,10.0,0.25,33.75,-0.43895294411796265,0.0019342359767891683,-0.514343027225188,0.018145161290322582,-0.23015746574592744,0.0003006654729133816,4.5
10960,41,9.65,24.0,0.0,231.60000000000002,-0.3454010071713733,0.005918762088974855,-0.040530141816340036,0.046370967741935484,-0.16435427203711872,0.0020632332896811613,9.65
10961,52,7.0,6.0,0.05,39.9,-0.3935393824934047,0.0038684719535783366,-0.6497181373420017,0.010080645161290322,-0.22811202909538827,0.0003554534035331534,7.0
10961,76,18.0,60.0,0.0,1080.0,-0.19371971134534965,0.012379110251450677,1.1778458492349833,0.11895161290322581,0.11781620833969864,0.009621295133228212,18.0
10962,7,30.0,45.0,0.0,1350.0,0.024265384452528578,0.021663442940038684,0.6701891862969319,0.08870967741935484,0.20761586616824731,0.012026618916535265,30.0
10962,13,6.0,77.0,0.0,462.0,-0.4117048071432279,0.003094777562862669,1.7531900672314416,0.1532258064516129,-0.08772523069009053,0.004115776251436513,6.0
10962,53,32.8,20.0,0.0,656.0,0.07512857347203344,0.02382978723404255,-0.17590525193315373,0.038306451612903226,-0.023202513583651857,0.005844045932775654,32.8
10962,69,36.0,9.0,0.0,324.0,0.13325793235146768,0.02630560928433269,-0.5481868047543914,0.016129032258064516,-0.13362283358023763,0.0028863885399684633,36.0
10962,76,18.0,44.0,0.0,792.0,-0.19371971134534965,0.012379110251450677,0.6363454087677285,0.08669354838709678,0.0220299066559134,0.007055616431034022,18.0
10963,60,34.0,2.0,0.15,57.8,0.09692708305182132,0.024758220502901353,-0.7850932474588154,0.0020161290322580645,-0.2221586443726808,0.0005149174617598061,34.0
10964,18,62.5,6.0,0.0,375.0,0.6146416855717821,0.04680851063829787,-0.6497181373420017,0.010080645161290322,-0.11666067599040066,0.0033407274768153515,62.5
10964,38,263.5,5.0,0.0,1317.5,4.265892040186243,0.202321083172147,-0.6835619148712051,0.008064516129032258,0.19680664809629236,0.011737089201877934,251.915000000003
10964,69,36.0,10.0,0.0,360.0,0.13325793235146768,0.02630560928433269,-0.514343027225188,0.018145161290322582,-0.12164954586976447,0.003207098377742737,36.0
10965,51,53.0,16.0,0.0,848.0,0.44207015139846184,0.039458413926499035,-0.31128036204996745,0.03024193548387097,0.040655020872204975,0.007554498400905114,53.0
10966,37,26.0,8.0,0.0,208.0,-0.04839631414676416,0.018568665377176014,-0.5820305822835948,0.014112903225806451,-0.17220342731398447,0.001852990173806915,26.0
10966,56,38.0,12.0,0.15,387.59999999999997,0.16958878165111407,0.027852998065764023,-0.44665547216678114,0.02217741935483871,-0.11247002529173505,0.0034529759200363466,38.0
10966,62,49.3,12.0,0.15,502.8599999999999,0.374858080194116,0.03659574468085106,-0.44665547216678114,0.02217741935483871,-0.07413554913870353,0.004479781917310312,49.3
10967,19,9.2,12.0,0.0,110.39999999999999,-0.35357544826379367,0.0055705996131528044,-0.44665547216678114,0.02217741935483871,-0.20466434066237835,0.0009835101691744394,9.2
10967,49,20.0,40.0,0.0,800.0,-0.15738886204570326,0.013926499032882012,0.5009702986509148,0.07862903225806452,0.024690637258240763,0.007126885283872749,20.0
10968,12,38.0,30.0,0.0,1140.0,0.16958878165111407,0.027852998065764023,0.16253252335888052,0.05846774193548387,0.1377716878571539,0.010155811529518667,38.0
10968,24,4.5,30.0,0.0,135.0,-0.43895294411796265,0.0019342359767891683,0.16253252335888052,0.05846774193548387,-0.1964825940602217,0.0012026618916535265,4.5
10968,64,33.25,4.0,0.0,133.0,0.08330301456445394,0.024177949709864602,-0.7174056924004085,0.006048387096774193,-0.19714777671080352,0.0011848446784438445,33.25
10969,46,12.0,9.0,0.0,108.0,-0.30271225924428874,0.007736943907156673,-0.5481868047543914,0.016129032258064516,-0.20546255984307654,0.0009621295133228211,12.0
10970,52,7.0,40.0,0.2,224.0,-0.3935393824934047,0.0038684719535783366,0.5009702986509148,0.07862903225806452,-0.16688196610932973,0.00199552787948437,7.0
10971,29,123.79,14.0,0.0,1733.0600000000002,1.7280005623594452,0.09422823984526113,-0.3789679171083743,0.02620967741935484,0.3350182992341876,0.015439149762585636,123.79
10972,17,39.0,6.0,0.0,234.0,0.18775420630093725,0.02862669245647969,-0.6497181373420017,0.010080645161290322,-0.1635560528564205,0.002084613945532779,39.0
10972,33,2.5,7.0,0.0,17.5,-0.475283793417609,0.00038684719535783365,-0.6158743598127983,0.012096774193548387,-0.2355620747819049,0.0001559006155847164,2.5
10973,26,31.23,5.0,0.0,156.15,0.046608856771811105,0.022615087040618955,-0.6835619148712051,0.008064516129032258,-0.18944828753031873,0.0013910789213459123,31.23
10973,41,9.65,6.0,0.0,57.900000000000006,-0.3454010071713733,0.005918762088974855,-0.6497181373420017,0.010080645161290322,-0.2221253852401517,0.0005158083224202903,9.65
10973,75,7.75,10.0,0.0,77.5,-0.3799153140060373,0.004448742746615087,-0.514343027225188,0.018145161290322582,-0.21560659526444964,0.0006904170118751726,7.75
10974,63,43.9,10.0,0.0,439.0,0.27676478708507085,0.03241779497098646,-0.514343027225188,0.018145161290322582,-0.09537483117178171,0.003910878299525172,43.9
10975,8,40.0,16.0,0.0,640.0,0.20591963095076043,0.029400386847195356,-0.31128036204996745,0.03024193548387097,-0.02852397478830659,0.0057015082270982,40.0
10975,75,7.75,10.0,0.0,77.5,-0.3799153140060373,0.004448742746615087,-0.514343027225188,0.018145161290322582,-0.21560659526444964,0.0006904170118751726,7.75
10976,28,45.6,20.0,0.0,912.0,0.3076460089897703,0.0337330754352031,-0.17590525193315373,0.038306451612903226,0.06194086569082392,0.008124649223614935,45.6
10977,39,18.0,30.0,0.0,540.0,-0.19371971134534965,0.012379110251450677,0.16253252335888052,0.05846774193548387,-0.06178310731739869,0.004810647566614106,18.0
10977,47,9.5,30.0,0.0,285.0,-0.34812582086884675,0.005802707930367505,0.16253252335888052,0.05846774193548387,-0.14659389526658353,0.002538952882379667,9.5
10977,51,53.0,10.0,0.0,530.0,0.44207015139846184,0.039458413926499035,-0.514343027225188,0.018145161290322582,-0.0651090205703079,0.0047215615005656965,53.0
10977,63,43.9,20.0,0.0,878.0,0.27676478708507085,0.03241779497098646,-0.17590525193315373,0.038306451612903226,0.050632760630932604,0.007821756599050343,43.9
10978,8,40.0,20.0,0.15,680.0,0.20591963095076043,0.029400386847195356,-0.17590525193315373,0.038306451612903226,-0.015220321776669753,0.006057852491291837,40.0
10978,21,10.0,40.0,0.15,340.0,-0.33904310854393516,0.006189555125725338,0.5009702986509148,0.07862903225806452,-0.1283013723755829,0.0030289262456459185,10.0
10978,40,18.4,10.0,0.0,184.0,-0.1864535414854204,0.012688588007736944,-0.514343027225188,0.018145161290322582,-0.18018561912096656,0.0016391836152907324,18.4
10978,44,19.45,6.0,0.15,99.195,-0.16737984560310604,0.013500967117988394,-0.6497181373420017,0.010080645161290322,-0.20839102646226312,0.0008836892321671967,19.45
10979,7,30.0,18.0,0.0,540.0,0.024265384452528578,0.021663442940038684,-0.2435928069915606,0.034274193548387094,-0.06178310731739869,0.004810647566614106,30.0
10979,12,38.0,20.0,0.0,760.0,0.16958878165111407,0.027852998065764023,-0.17590525193315373,0.038306451612903226,0.011386984246603926,0.006770541019679112,38.0
10979,24,4.5,80.0,0.0,360.0,-0.43895294411796265,0.0019342359767891683,1.8547213998190517,0.1592741935483871,-0.12164954586976447,0.003207098377742737,4.5
10979,27,43.9,30.0,0.0,1317.0,0.27676478708507085,0.03241779497098646,0.16253252335888052,0.05846774193548387,0.19664035243364691,0.011732634898575513,43.9
10979,31,12.5,24.0,0.0,300.0,-0.29362954691937715,0.008123791102514507,-0.040530141816340036,0.046370967741935484,-0.14160502538721972,0.0026725819814522813,12.5
10979,63,43.9,35.0,0.0,1536.5,0.27676478708507085,0.03241779497098646,0.33175141100489763,0.06854838709677419,0.26964414833500405,0.013688074048338099,43.9
10980,75,7.75,40.0,0.2,248.0,-0.3799153140060373,0.004448742746615087,0.5009702986509148,0.07862903225806452,-0.1588997743023476,0.0022093344380005524,7.75
10981,38,263.5,60.0,0.0,15810.0,4.265892040186243,0.202321083172147,1.1778458492349833,0.11895161290322581,5.016886429874965,0.14084507042253522,251.915000000003
10982,7,30.0,20.0,0.0,600.0,0.024265384452528578,0.021663442940038684,-0.17590525193315373,0.038306451612903226,-0.04182762779994343,0.0053451639629045625,30.0
10982,43,46.0,9.0,0.0,414.0,0.3149121788496995,0.03404255319148936,-0.5481868047543914,0.016129032258064516,-0.10368961430405474,0.003688163134404148,46.0
10983,13,6.0,84.0,0.15,428.4,-0.4117048071432279,0.003094777562862669,1.9900965099358654,0.16733870967741934,-0.09890029921986548,0.003816447069513857,6.0
10983,57,19.5,15.0,0.0,292.5,-0.16647157437061486,0.013539651837524178,-0.3451241395791709,0.028225806451612902,-0.14409946032690163,0.002605767431915974,19.5
10984,16,17.45,55.0,0.0,959.75,-0.2037106949027524,0.01195357833655706,1.0086269615889663,0.10887096774193548,0.0778221014734654,0.008550035188996089,17.45
10984,24,4.5,20.0,0.0,90.0,-0.43895294411796265,0.0019342359767891683,-0.17590525193315373,0.038306451612903226,-0.21144920369831313,0.0008017745944356843,4.5
10984,36,18.4,40.0,0.0,736.0,-0.1864535414854204,0.012688588007736944,0.5009702986509148,0.07862903225806452,0.003404792439621822,0.00655673446116293,18.4
10985,16,17.45,36.0,0.1,565.38,-0.2037106949027524,0.01195357833655706,0.36559518853410106,0.07056451612903226,-0.05334193948151512,0.005036748002244969,17.45
10985,18,62.5,8.0,0.1,450.0,0.6146416855717821,0.04680851063829787,-0.5820305822835948,0.014112903225806451,-0.09171632659358157,0.004008872972178421,62.5
10985,32,32.0,35.0,0.1,1008.0,0.060596233752174954,0.02321083172147002,0.33175141100489763,0.06854838709677419,0.09386963291875233,0.008979875457679665,32.0
10986,11,21.0,30.0,0.0,630.0,-0.13922343739588008,0.014700193423597678,0.16253252335888052,0.05846774193548387,-0.0318498880412158,0.00561242216104979,21.0
10986,20,81.0,15.0,0.0,1215.0,0.950702041593511,0.06112185686653772,-0.3451241395791709,0.028225806451612902,0.16271603725397296,0.010823957024881738,81.0
10986,76,18.0,10.0,0.0,180.0,-0.19371971134534965,0.012379110251450677,-0.514343027225188,0.018145161290322582,-0.18151598442213024,0.0016035491888713685,18.0
10986,77,13.0,15.0,0.0,195.0,-0.28454683459446556,0.00851063829787234,-0.3451241395791709,0.028225806451612902,-0.17652711454276643,0.0017371782879439827,13.0
10987,7,30.0,60.0,0.0,1800.0,0.024265384452528578,0.021663442940038684,1.1778458492349833,0.11895161290322581,0.3572819625491617,0.016035491888713685,30.0
10987,43,46.0,6.0,0.0,276.0,0.3149121788496995,0.03404255319148936,-0.6497181373420017,0.010080645161290322,-0.14958721719420182,0.0024587754229360988,46.0
10987,72,34.8,20.0,0.0,696.0,0.11145942277167982,0.025377176015473887,-0.17590525193315373,0.038306451612903226,-0.009898860572015018,0.006200390196969292,34.8
10988,7,30.0,60.0,0.0,1800.0,0.024265384452528578,0.021663442940038684,1.1778458492349833,0.11895161290322581,0.3572819625491617,0.016035491888713685,30.0
10988,62,49.3,40.0,0.1,1774.8,0.374858080194116,0.03659574468085106,0.5009702986509148,0.07862903225806452,0.34890066115183055,0.015810995002271695,49.3
10989,6,1000.0,40.0,0.0,40000.0,17.64472729478102,0.772147001934236,0.5009702986509148,0.07862903225806452,13.062270588662344,0.35634426419363746,251.915000000003
10989,11,21.0,15.0,0.0,315.0,-0.13922343739588008,0.014700193423597678,-0.3451241395791709,0.028225806451612902,-0.1366161555078559,0.002806211080524895,21.0
10989,41,9.65,4.0,0.0,38.6,-0.3454010071713733,0.005918762088974855,-0.7174056924004085,0.006048387096774193,-0.22854439781826646,0.0003438722149468602,9.65
10990,21,10.0,65.0,0.0,650.0,-0.33904310854393516,0.006189555125725338,1.3470647368810003,0.12903225806451613,-0.025198061535397383,0.005790594293146609,10.0
10990,34,14.0,60.0,0.15,714.0,-0.2663814099446424,0.009284332688588007,1.1778458492349833,0.11895161290322581,-0.00391221671677844,0.006360745115856429,14.0
10990,55,24.0,65.0,0.15,1326.0,-0.08472716344641053,0.01702127659574468,1.3470647368810003,0.12903225806451613,0.1996336743612652,0.011812812358019082,24.0
10990,61,28.5,66.0,0.15,1598.85,-0.002982752522206199,0.020502901353965184,1.3809085144102038,0.1310483870967742,0.29038121746689294,0.01424352567014993,28.5
10991,2,19.0,50.0,0.0,950.0,-0.17555428669552647,0.013152804642166345,0.839408073942949,0.09879032258064516,0.07457933605187891,0.00846317627459889,19.0
10991,70,15.0,20.0,0.2,240.0,-0.2482159852948192,0.010058027079303675,-0.17590525193315373,0.038306451612903226,-0.161560504904675,0.002138065585161825,15.0
10991,76,18.0,90.0,0.2,1296.0,-0.19371971134534965,0.012379110251450677,2.193159175111086,0.17943548387096775,0.18965593460253757,0.011545554159873853,18.0
10992,72,34.8,2.0,0.0,69.6,0.11145942277167982,0.025377176015473887,-0.7850932474588154,0.0020161290322580645,-0.21823406673424792,0.0006200390196969292,34.8
10993,29,123.79,50.0,0.25,4642.125,1.7280005623594452,0.09422823984526113,0.839408073942949,0.09879032258064516,1.3025480829416205,0.04135486543549723,123.79
10993,41,9.65,35.0,0.25,253.3125,-0.3454010071713733,0.005918762088974855,0.33175141100489763,0.06854838709677419,-0.1571328828867396,0.0022566614105887697,9.65
10994,59,55.0,18.0,0.05,940.5,0.4784010006981082,0.04100580270793037,-0.2435928069915606,0.034274193548387094,0.07141971846161516,0.0083785445118529,55.0
10995,51,53.0,20.0,0.0,1060.0,0.44207015139846184,0.039458413926499035,-0.17590525193315373,0.038306451612903226,0.11116438183388022,0.009443123001131393,53.0
10995,60,34.0,4.0,0.0,136.0,0.09692708305182132,0.024758220502901353,-0.7174056924004085,0.006048387096774193,-0.19615000273493077,0.0012115704982583674,34.0
10996,42,14.0,40.0,0.0,560.0,-0.2663814099446424,0.009284332688588007,0.5009702986509148,0.07862903225806452,-0.05513128081158027,0.004988819698710924,14.0
10997,32,32.0,50.0,0.0,1600.0,0.060596233752174954,0.02321083172147002,0.839408073942949,0.09879032258064516,0.2907636974909775,0.014253770567745499,32.0
10997,46,12.0,20.0,0.25,180.0,-0.30271225924428874,0.007736943907156673,-0.17590525193315373,0.038306451612903226,-0.18151598442213024,0.0016035491888713685,12.0
10997,52,7.0,20.0,0.25,105.0,-0.3935393824934047,0.0038684719535783366,-0.17590525193315373,0.038306451612903226,-0.20646033381894932,0.0009354036935082983,7.0
10998,24,4.5,12.0,0.0,54.0,-0.43895294411796265,0.0019342359767891683,-0.44665547216678114,0.02217741935483871,-0.22342249140878628,0.00048106475666141057,4.5
10998,61,28.5,7.0,0.0,199.5,-0.002982752522206199,0.020502901353965184,-0.6158743598127983,0.012096774193548387,-0.17503045357895727,0.001777267017665767,28.5
10998,74,10.0,20.0,0.0,200.0,-0.33904310854393516,0.006189555125725338,-0.17590525193315373,0.038306451612903226,-0.17486415791631182,0.0017817213209681874,10.0
10998,75,7.75,30.0,0.0,232.5,-0.3799153140060373,0.004448742746615087,0.16253252335888052,0.05846774193548387,-0.1640549398443569,0.002071251035625518,7.75
10999,41,9.65,20.0,0.05,183.35,-0.3454010071713733,0.005918762088974855,-0.17590525193315373,0.038306451612903226,-0.18040180348240564,0.0016333930209975857,9.65
10999,51,53.0,15.0,0.05,755.25,0.44207015139846184,0.039458413926499035,-0.3451241395791709,0.028225806451612902,0.00980717545147205,0.006728225138306117,53.0
10999,77,13.0,21.0,0.05,259.34999999999997,-0.28454683459446556,0.00851063829787234,-0.1420614744039503,0.04032258064516129,-0.15512486276029566,0.0023104471229654965,13.0
11000,4,22.0,25.0,0.25,412.5,-0.1210580127460569,0.015473887814313346,-0.006686364287136612,0.04838709677419355,-0.10418850129199111,0.0036748002244968866,22.0
11000,24,4.5,30.0,0.25,101.25,-0.43895294411796265,0.0019342359767891683,0.16253252335888052,0.05846774193548387,-0.20770755128879026,0.0009019964187401448,4.5
11000,77,13.0,30.0,0.0,390.0,-0.28454683459446556,0.00851063829787234,0.16253252335888052,0.05846774193548387,-0.11167180611103683,0.0034743565758879654,13.0
11001,7,30.0,60.0,0.0,1800.0,0.024265384452528578,0.021663442940038684,1.1778458492349833,0.11895161290322581,0.3572819625491617,0.016035491888713685,30.0
11001,22,21.0,25.0,0.0,525.0,-0.13922343739588008,0.014700193423597678,-0.006686364287136612,0.04838709677419355,-0.0667719771967625,0.0046770184675414914,21.0
11001,46,12.0,25.0,0.0,300.0,-0.30271225924428874,0.007736943907156673,-0.006686364287136612,0.04838709677419355,-0.14160502538721972,0.0026725819814522813,12.0
11001,55,24.0,6.0,0.0,144.0,-0.08472716344641053,0.01702127659574468,-0.6497181373420017,0.010080645161290322,-0.1934892721326034,0.001282839351097095,24.0
11002,13,6.0,56.0,0.0,336.0,-0.4117048071432279,0.003094777562862669,1.0424707391181696,0.11088709677419355,-0.12963173767674657,0.0029932918192265546,6.0
11002,35,18.0,15.0,0.15,229.5,-0.19371971134534965,0.012379110251450677,-0.3451241395791709,0.028225806451612902,-0.16505271382022965,0.002044525215810995,18.0
11002,42,14.0,24.0,0.15,285.59999999999997,-0.2663814099446424,0.009284332688588007,-0.040530141816340036,0.046370967741935484,-0.146394340471409,0.0025442980463425712,14.0
11002,55,24.0,40.0,0.0,960.0,-0.08472716344641053,0.01702127659574468,0.5009702986509148,0.07862903225806452,0.07790524930478812,0.0085522623406473,24.0
11003,1,18.0,4.0,0.0,72.0,-0.19371971134534965,0.012379110251450677,-0.7174056924004085,0.006048387096774193,-0.21743584755354972,0.0006414196755485475,18.0
11003,40,18.4,10.0,0.0,184.0,-0.1864535414854204,0.012688588007736944,-0.514343027225188,0.018145161290322582,-0.18018561912096656,0.0016391836152907324,18.4
11003,52,7.0,10.0,0.0,70.0,-0.3935393824934047,0.0038684719535783366,-0.514343027225188,0.018145161290322582,-0.21810103020413155,0.0006236024623388656,7.0
11004,26,31.23,6.0,0.0,187.38,0.046608856771811105,0.022615087040618955,-0.6497181373420017,0.010080645161290322,-0.17906146044148324,0.0016692947056150948,31.23
11004,76,18.0,6.0,0.0,108.0,-0.19371971134534965,0.012379110251450677,-0.6497181373420017,0.010080645161290322,-0.20546255984307654,0.0009621295133228211,18.0
11005,1,18.0,2.0,0.0,36.0,-0.19371971134534965,0.012379110251450677,-0.7850932474588154,0.0020161290322580645,-0.22940913526402287,0.00032070983777427375,18.0
11005,59,55.0,10.0,0.0,550.0,0.4784010006981082,0.04100580270793037,-0.514343027225188,0.018145161290322582,-0.05845719406448948,0.004899733632662515,55.0
11006,1,18.0,8.0,0.0,144.0,-0.19371971134534965,0.012379110251450677,-0.5820305822835948,0.014112903225806451,-0.1934892721326034,0.001282839351097095,18.0
11006,29,123.79,2.0,0.25,185.685,1.7280005623594452,0.09422823984526113,-0.7850932474588154,0.0020161290322580645,-0.17962520273785137,0.0016541946174198894,123.79
11007,8,40.0,30.0,0.0,1200.0,0.20591963095076043,0.029400386847195356,0.16253252335888052,0.05846774193548387,0.15772716737460915,0.010690327925809125,40.0
11007,29,123.79,10.0,0.0,1237.9,1.7280005623594452,0.09422823984526113,-0.514343027225188,0.018145161290322582,0.1703323786031351,0.011027964116132596,123.79
11007,42,14.0,14.0,0.0,196.0,-0.2663814099446424,0.009284332688588007,-0.3789679171083743,0.02620967741935484,-0.1761945232174755,0.0017460868945488237,14.0
11008,28,45.6,70.0,0.05,3032.3999999999996,0.3076460089897703,0.0337330754352031,1.5162836245270175,0.13911290322580644,0.7671675118376926,0.027014458668519654,45.6
11008,34,14.0,90.0,0.05,1197.0,-0.2663814099446424,0.009284332688588007,2.193159175111086,0.17943548387096775,0.1567293933987364,0.010663602105994601,14.0
11008,71,21.5,21.0,0.0,451.5,-0.1301407250709685,0.015087040618955513,-0.1420614744039503,0.04032258064516129,-0.0912174396056452,0.004022235882085683,21.5
11009,24,4.5,12.0,0.0,54.0,-0.43895294411796265,0.0019342359767891683,-0.44665547216678114,0.02217741935483871,-0.22342249140878628,0.00048106475666141057,4.5
11009,36,19.0,18.0,0.25,256.5,-0.17555428669552647,0.013152804642166345,-0.2435928069915606,0.034274193548387094,-0.15607274803737478,0.0022850575941417003,19.0
11009,60,34.0,9.0,0.0,306.0,0.09692708305182132,0.024758220502901353,-0.5481868047543914,0.016129032258064516,-0.1396094774354742,0.0027260336210813267,34.0
11010,7,30.0,20.0,0.0,600.0,0.024265384452528578,0.021663442940038684,-0.17590525193315373,0.038306451612903226,-0.04182762779994343,0.0053451639629045625,30.0
11010,24,4.5,10.0,0.0,45.0,-0.43895294411796265,0.0019342359767891683,-0.514343027225188,0.018145161290322582,-0.22641581333640456,0.00040088729721784213,4.5
11011,58,13.25,40.0,0.05,503.5,-0.2800054784320098,0.008704061895551257,0.5009702986509148,0.07862903225806452,-0.07392269069051731,0.004485483425537412,13.25
11011,71,21.5,20.0,0.0,430.0,-0.1301407250709685,0.015087040618955513,-0.17590525193315373,0.038306451612903226,-0.0983681530994,0.0038307008400816026,21.5
11012,19,9.2,50.0,0.05,436.99999999999994,-0.35357544826379367,0.0055705996131528044,0.839408073942949,0.09879032258064516,-0.09604001382236357,0.003893061086315489,9.2
11012,60,34.0,36.0,0.05,1162.8,0.09692708305182132,0.024758220502901353,0.36559518853410106,0.07056451612903226,0.1453547700737869,0.01035892776010904,34.0
11012,71,21.5,60.0,0.05,1225.5,-0.1301407250709685,0.015087040618955513,1.1778458492349833,0.11895161290322581,0.16620824616952765,0.010917497394232568,21.5
11013,23,9.0,10.0,0.0,90.0,-0.35720853319375834,0.005415860735009671,-0.514343027225188,0.018145161290322582,-0.21144920369831313,0.0008017745944356843,9.0
11013,42,14.0,4.0,0.0,56.0,-0.2663814099446424,0.009284332688588007,-0.7174056924004085,0.006048387096774193,-0.22275730875820446,0.0004988819698710925,14.0
11013,45,9.5,20.0,0.0,190.0,-0.34812582086884675,0.005802707930367505,-0.17590525193315373,0.038306451612903226,-0.17819007116922103,0.001692635254919778,9.5
11013,68,12.5,2.0,0.0,25.0,-0.29362954691937715,0.008123791102514507,-0.7850932474588154,0.0020161290322580645,-0.233067639842223,0.00022271516512102342,12.5
11015,30,25.89,15.0,0.0,388.35,-0.0503945108582447,0.01848355899419729,-0.3451241395791709,0.028225806451612902,-0.11222058179776685,0.003459657374989978,25.89
11015,77,13.0,18.0,0.0,234.0,-0.28454683459446556,0.00851063829787234,-0.2435928069915606,0.034274193548387094,-0.1635560528564205,0.002084613945532779,13.0
11016,31,12.5,15.0,0.0,187.5,-0.29362954691937715,0.008123791102514507,-0.3451241395791709,0.028225806451612902,-0.17902154948244833,0.0016703637384076757,12.5
11016,36,19.0,16.0,0.0,304.0,-0.17555428669552647,0.013152804642166345,-0.31128036204996745,0.03024193548387097,-0.14027466008605605,0.0027082164078716447,19.0
11017,3,10.0,25.0,0.0,250.0,-0.33904310854393516,0.006189555125725338,-0.006686364287136612,0.04838709677419355,-0.1582345916517658,0.0022271516512102343,10.0
11017,59,55.0,110.0,0.0,6050.0,0.4784010006981082,0.04100580270793037,2.8700347256951546,0.21975806451612903,1.7707950950355758,0.05389706995928767,55.0
11017,70,15.0,30.0,0.0,450.0,-0.2482159852948192,0.010058027079303675,0.16253252335888052,0.05846774193548387,-0.09171632659358157,0.004008872972178421,15.0
11018,12,38.0,20.0,0.0,760.0,0.16958878165111407,0.027852998065764023,-0.17590525193315373,0.038306451612903226,0.011386984246603926,0.006770541019679112,38.0
11018,18,62.5,10.0,0.0,625.0,0.6146416855717821,0.04680851063829787,-0.514343027225188,0.018145161290322582,-0.033512844667670405,0.005567879128025585,62.5
11018,56,38.0,5.0,0.0,190.0,0.16958878165111407,0.027852998065764023,-0.6835619148712051,0.008064516129032258,-0.17819007116922103,0.001692635254919778,38.0
11019,46,12.0,3.0,0.0,36.0,-0.30271225924428874,0.007736943907156673,-0.751249469929612,0.004032258064516129,-0.22940913526402287,0.00032070983777427375,12.0
11019,49,20.0,2.0,0.0,40.0,-0.15738886204570326,0.013926499032882012,-0.7850932474588154,0.0020161290322580645,-0.22807876996285917,0.0003563442641936375,20.0
11020,10,31.0,24.0,0.15,632.4,0.042430809102351766,0.02243713733075435,-0.040530141816340036,0.046370967741935484,-0.0310516688605176,0.005633802816901408,31.0
11021,2,19.0,11.0,0.25,156.75,-0.17555428669552647,0.013152804642166345,-0.48049924969598456,0.020161290322580645,-0.18924873273514414,0.001396424085308817,19.0
11021,20,81.0,15.0,0.0,1215.0,0.950702041593511,0.06112185686653772,-0.3451241395791709,0.028225806451612902,0.16271603725397296,0.010823957024881738,81.0
11021,26,31.23,63.0,0.0,1967.49,0.046608856771811105,0.022615087040618955,1.2793771818225934,0.125,0.4129876836221381,0.017527594408958496,31.23
11021,51,53.0,44.0,0.25,1749.0,0.44207015139846184,0.039458413926499035,0.6363454087677285,0.08669354838709678,0.3403198049593248,0.015581152951866798,53.0
11021,72,34.8,35.0,0.0,1218.0,0.11145942277167982,0.025377176015473887,0.33175141100489763,0.06854838709677419,0.16371381122984574,0.010850682844696261,34.8
11022,19,9.2,35.0,0.0,322.0,-0.35357544826379367,0.0055705996131528044,0.33175141100489763,0.06854838709677419,-0.13428801623081946,0.002868571326758782,9.2
11022,69,36.0,30.0,0.0,1080.0,0.13325793235146768,0.02630560928433269,0.16253252335888052,0.05846774193548387,0.11781620833969864,0.009621295133228212,36.0
11023,7,30.0,4.0,0.0,120.0,0.024265384452528578,0.021663442940038684,-0.7174056924004085,0.006048387096774193,-0.2014714639395855,0.0010690327925809125,30.0
11023,43,46.0,30.0,0.0,1380.0,0.3149121788496995,0.03404255319148936,0.16253252335888052,0.05846774193548387,0.21759360592697494,0.012293877114680492,46.0
11024,26,31.23,12.0,0.0,374.76,0.046608856771811105,0.022615087040618955,-0.44665547216678114,0.02217741935483871,-0.11674049790847048,0.0033385894112301895,31.23
11024,33,2.5,30.0,0.0,75.0,-0.475283793417609,0.00038684719535783365,0.16253252335888052,0.05846774193548387,-0.21643807357767694,0.0006681454953630703,2.5
11024,65,21.05,21.0,0.0,442.05,-0.13831516616338893,0.014738878143133462,-0.1420614744039503,0.04032258064516129,-0.0943604276296444,0.003938049549669936,21.05
11024,71,21.5,50.0,0.0,1075.0,-0.1301407250709685,0.015087040618955513,0.839408073942949,0.09879032258064516,0.11615325171324403,0.009576752100204007,21.5
11025,1,18.0,10.0,0.1,162.0,-0.19371971134534965,0.012379110251450677,-0.514343027225188,0.018145161290322582,-0.18750262827736683,0.0014431942699842317,18.0
11025,13,6.0,20.0,0.1,108.0,-0.4117048071432279,0.003094777562862669,-0.17590525193315373,0.038306451612903226,-0.20546255984307654,0.0009621295133228211,6.0
11026,18,62.5,8.0,0.0,500.0,0.6146416855717821,0.04680851063829787,-0.5820305822835948,0.014112903225806451,-0.07508676032903552,0.004454303302420469,62.5
11026,51,53.0,10.0,0.0,530.0,0.44207015139846184,0.039458413926499035,-0.514343027225188,0.018145161290322582,-0.0651090205703079,0.0047215615005656965,53.0
11027,24,4.5,30.0,0.25,101.25,-0.43895294411796265,0.0019342359767891683,0.16253252335888052,0.05846774193548387,-0.20770755128879026,0.0009019964187401448,4.5
11027,62,49.3,21.0,0.25,776.4749999999999,0.374858080194116,0.03659574468085106,-0.1420614744039503,0.04032258064516129,0.01686642633077182,0.006917310313493866,49.3
11028,55,24.0,35.0,0.0,840.0,-0.08472716344641053,0.01702127659574468,0.33175141100489763,0.06854838709677419,0.037994290269877606,0.007483229548066387,24.0
11028,59,55.0,24.0,0.0,1320.0,0.4784010006981082,0.04100580270793037,-0.040530141816340036,0.046370967741935484,0.19763812640951967,0.011759360718390037,55.0
11029,56,38.0,20.0,0.0,760.0,0.16958878165111407,0.027852998065764023,-0.17590525193315373,0.038306451612903226,0.011386984246603926,0.006770541019679112,38.0
11029,63,43.9,12.0,0.0,526.8,0.27676478708507085,0.03241779497098646,-0.44665547216678114,0.02217741935483871,-0.06617331281123887,0.004693053959430205,43.9
11030,2,19.0,100.0,0.25,1425.0,-0.17555428669552647,0.013152804642166345,2.53159695040312,0.19959677419354838,0.23256021556506637,0.012694764411898336,19.0
11030,5,21.35,70.0,0.0,1494.5,-0.13286553876844195,0.014970986460348163,1.5162836245270175,0.13911290322580644,0.25567531267278537,0.01331391257093478,21.35
11030,29,123.79,60.0,0.25,5570.55,1.7280005623594452,0.09422823984526113,1.1778458492349833,0.11895161290322581,1.6113341841248439,0.04962583852259668,123.79
11030,59,55.0,100.0,0.25,4125.0,0.4784010006981082,0.04100580270793037,2.53159695040312,0.19959677419354838,1.130556793850553,0.036748002244968866,55.0
11031,1,18.0,45.0,0.0,810.0,-0.19371971134534965,0.012379110251450677,0.6701891862969319,0.08870967741935484,0.028016550511149974,0.007215971349921159,18.0
11031,13,6.0,80.0,0.0,480.0,-0.4117048071432279,0.003094777562862669,1.8547213998190517,0.1592741935483871,-0.08173858683485395,0.00427613117032365,6.0
11031,24,4.5,21.0,0.0,94.5,-0.43895294411796265,0.0019342359767891683,-0.1420614744039503,0.04032258064516129,-0.20995254273450398,0.0008418633241574685,4.5
11031,64,33.25,20.0,0.0,665.0,0.08330301456445394,0.024177949709864602,-0.17590525193315373,0.038306451612903226,-0.02020919165603357,0.005924223392219223,33.25
11031,71,21.5,16.0,0.0,344.0,-0.1301407250709685,0.015087040618955513,-0.31128036204996745,0.03024193548387097,-0.1269710070744192,0.0030645606720652824,21.5
11032,36,19.0,35.0,0.0,665.0,-0.17555428669552647,0.013152804642166345,0.33175141100489763,0.06854838709677419,-0.02020919165603357,0.005924223392219223,19.0
11032,38,263.5,25.0,0.0,6587.5,4.265892040186243,0.202321083172147,-0.006686364287136612,0.04838709677419355,1.949562932379446,0.05868544600938967,251.915000000003
11032,59,55.0,30.0,0.0,1650.0,0.4784010006981082,0.04100580270793037,0.16253252335888052,0.05846774193548387,0.3073932637555236,0.014699200897987546,55.0
11033,53,32.8,70.0,0.1,2066.4,0.07512857347203344,0.02382978723404255,1.5162836245270175,0.13911290322580644,0.44588429160666315,0.018408744688243314,32.8
11033,69,36.0,36.0,0.1,1166.4,0.13325793235146768,0.02630560928433269,0.36559518853410106,0.07056451612903226,0.14655209884483425,0.01039099874388647,36.0
11034,21,10.0,15.0,0.1,135.0,-0.33904310854393516,0.006189555125725338,-0.3451241395791709,0.028225806451612902,-0.1964825940602217,0.0012026618916535265,10.0
11034,44,19.45,12.0,0.0,233.39999999999998,-0.16737984560310604,0.013500967117988394,-0.44665547216678114,0.02217741935483871,-0.16375560765159508,0.0020792687815698744,19.45
11034,61,28.5,6.0,0.0,171.0,-0.002982752522206199,0.020502901353965184,-0.6497181373420017,0.010080645161290322,-0.18450930634974852,0.0015233717294278002,28.5
11035,1,18.0,10.0,0.0,180.0,-0.19371971134534965,0.012379110251450677,-0.514343027225188,0.018145161290322582,-0.18151598442213024,0.0016035491888713685,18.0
11035,35,18.0,60.0,0.0,1080.0,-0.19371971134534965,0.012379110251450677,1.1778458492349833,0.11895161290322581,0.11781620833969864,0.009621295133228212,18.0
11035,42,14.0,30.0,0.0,420.0,-0.2663814099446424,0.009284332688588007,0.16253252335888052,0.05846774193548387,-0.10169406635230921,0.0037416147740331933,14.0
11035,54,7.45,10.0,0.0,74.5,-0.38536494140098426,0.004216634429400387,-0.514343027225188,0.018145161290322582,-0.21660436924032242,0.0006636911920606498,7.45
11036,13,6.0,7.0,0.0,42.0,-0.4117048071432279,0.003094777562862669,-0.6158743598127983,0.012096774193548387,-0.22741358731227734,0.0003741614774033193,6.0
11036,59,55.0,30.0,0.0,1650.0,0.4784010006981082,0.04100580270793037,0.16253252335888052,0.05846774193548387,0.3073932637555236,0.014699200897987546,55.0
11037,70,15.0,4.0,0.0,60.0,-0.2482159852948192,0.010058027079303675,-0.7174056924004085,0.006048387096774193,-0.22142694345704075,0.0005345163962904563,15.0
11038,40,18.4,5.0,0.2,73.60000000000001,-0.1864535414854204,0.012688588007736944,-0.6835619148712051,0.008064516129032258,-0.21690370143308424,0.0006556734461162931,18.4
11038,52,7.0,2.0,0.0,14.0,-0.3935393824934047,0.0038684719535783366,-0.7850932474588154,0.0020161290322580645,-0.23672614442042314,0.00012472049246777312,7.0
11038,71,21.5,30.0,0.0,645.0,-0.1301407250709685,0.015087040618955513,0.16253252335888052,0.05846774193548387,-0.026861018161851987,0.005746051260122404,21.5
11039,28,45.6,20.0,0.0,912.0,0.3076460089897703,0.0337330754352031,-0.17590525193315373,0.038306451612903226,0.06194086569082392,0.008124649223614935,45.6
11039,35,18.0,24.0,0.0,432.0,-0.19371971134534965,0.012379110251450677,-0.040530141816340036,0.046370967741935484,-0.09770297044881815,0.0038485180532912846,18.0
11039,49,20.0,60.0,0.0,1200.0,-0.15738886204570326,0.013926499032882012,1.1778458492349833,0.11895161290322581,0.15772716737460915,0.010690327925809125,20.0
11039,57,19.5,28.0,0.0,546.0,-0.16647157437061486,0.013539651837524178,0.09484496830047366,0.05443548387096774,-0.059787559365653165,0.004864099206243151,19.5
11040,21,10.0,20.0,0.0,200.0,-0.33904310854393516,0.006189555125725338,-0.17590525193315373,0.038306451612903226,-0.17486415791631182,0.0017817213209681874,10.0
11041,2,19.0,30.0,0.2,456.0,-0.17555428669552647,0.013152804642166345,0.16253252335888052,0.05846774193548387,-0.08972077864183606,0.0040623246118074675,19.0
11041,63,43.9,30.0,0.0,1317.0,0.27676478708507085,0.03241779497098646,0.16253252335888052,0.05846774193548387,0.19664035243364691,0.011732634898575513,43.9
11042,44,19.45,15.0,0.0,291.75,-0.16737984560310604,0.013500967117988394,-0.3451241395791709,0.028225806451612902,-0.14434890382086982,0.002599085976962343,19.45
11042,61,28.5,4.0,0.0,114.0,-0.002982752522206199,0.020502901353965184,-0.7174056924004085,0.006048387096774193,-0.20346701189133104,0.0010155811529518669,28.5
11043,11,21.0,10.0,0.0,210.0,-0.13922343739588008,0.014700193423597678,-0.514343027225188,0.018145161290322582,-0.17153824466340262,0.0018708073870165967,21.0
11044,62,49.3,12.0,0.0,591.5999999999999,0.374858080194116,0.03659574468085106,-0.44665547216678114,0.02217741935483871,-0.0446213949323872,0.005270331667423897,49.3
11045,33,2.5,15.0,0.0,37.5,-0.475283793417609,0.00038684719535783365,-0.3451241395791709,0.028225806451612902,-0.22891024827608647,0.00033407274768153516,2.5
11045,51,53.0,24.0,0.0,1272.0,0.44207015139846184,0.039458413926499035,-0.040530141816340036,0.046370967741935484,0.18167374279555545,0.011331747601357672,53.0
11046,12,38.0,20.0,0.05,722.0,0.16958878165111407,0.027852998065764023,-0.17590525193315373,0.038306451612903226,-0.0012514861144510719,0.0064320139686951565,38.0
11046,32,32.0,15.0,0.05,456.0,0.060596233752174954,0.02321083172147002,-0.3451241395791709,0.028225806451612902,-0.08972077864183606,0.0040623246118074675,32.0
11046,35,18.0,18.0,0.05,307.8,-0.19371971134534965,0.012379110251450677,-0.2435928069915606,0.034274193548387094,-0.13901081304995053,0.0027420691129700406,18.0
11047,1,18.0,25.0,0.25,337.5,-0.19371971134534965,0.012379110251450677,-0.006686364287136612,0.04838709677419355,-0.1291328506888102,0.0030066547291338164,18.0
11047,5,21.35,30.0,0.25,480.375,-0.13286553876844195,0.014970986460348163,0.16253252335888052,0.05846774193548387,-0.08161386508786986,0.004279471897800465,21.35
11048,68,12.5,42.0,0.0,525.0,-0.29362954691937715,0.008123791102514507,0.5686578537093216,0.08266129032258064,-0.0667719771967625,0.0046770184675414914,12.5
11049,2,19.0,10.0,0.2,152.0,-0.17555428669552647,0.013152804642166345,-0.514343027225188,0.018145161290322582,-0.19082854153027604,0.0013541082039358224,19.0
11049,12,38.0,4.0,0.2,121.60000000000001,0.16958878165111407,0.027852998065764023,-0.7174056924004085,0.006048387096774193,-0.20093931781912003,0.001083286563148658,38.0
11050,76,18.0,50.0,0.1,810.0,-0.19371971134534965,0.012379110251450677,0.839408073942949,0.09879032258064516,0.028016550511149974,0.007215971349921159,18.0
11051,24,4.5,10.0,0.2,36.0,-0.43895294411796265,0.0019342359767891683,-0.514343027225188,0.018145161290322582,-0.22940913526402287,0.00032070983777427375,4.5
11052,43,46.0,30.0,0.2,1104.0,0.3149121788496995,0.03404255319148936,0.16253252335888052,0.05846774193548387,0.12579840014668076,0.009835101691744395,46.0
11052,61,28.5,10.0,0.2,228.0,-0.002982752522206199,0.020502901353965184,-0.514343027225188,0.018145161290322582,-0.16555160080816603,0.0020311623059037338,28.5
11053,18,62.5,35.0,0.2,1750.0,0.6146416855717821,0.04680851063829787,0.33175141100489763,0.06854838709677419,0.3406523962846157,0.01559006155847164,62.5
11053,32,32.0,20.0,0.0,640.0,0.060596233752174954,0.02321083172147002,-0.17590525193315373,0.038306451612903226,-0.02852397478830659,0.0057015082270982,32.0
11053,64,33.25,25.0,0.2,665.0,0.08330301456445394,0.024177949709864602,-0.006686364287136612,0.04838709677419355,-0.02020919165603357,0.005924223392219223,33.25
11054,33,2.5,10.0,0.0,25.0,-0.475283793417609,0.00038684719535783365,-0.514343027225188,0.018145161290322582,-0.233067639842223,0.00022271516512102342,2.5
11054,67,14.0,20.0,0.0,280.0,-0.2663814099446424,0.009284332688588007,-0.17590525193315373,0.038306451612903226,-0.14825685189303814,0.002494409849355462,14.0
11055,24,4.5,15.0,0.0,67.5,-0.43895294411796265,0.0019342359767891683,-0.3451241395791709,0.028225806451612902,-0.21893250851735885,0.0006013309458267632,4.5
11055,25,14.0,15.0,0.0,210.0,-0.2663814099446424,0.009284332688588007,-0.3451241395791709,0.028225806451612902,-0.17153824466340262,0.0018708073870165967,14.0
11055,51,53.0,20.0,0.0,1060.0,0.44207015139846184,0.039458413926499035,-0.17590525193315373,0.038306451612903226,0.11116438183388022,0.009443123001131393,53.0
11055,57,19.5,20.0,0.0,390.0,-0.16647157437061486,0.013539651837524178,-0.17590525193315373,0.038306451612903226,-0.11167180611103683,0.0034743565758879654,19.5
11056,7,30.0,40.0,0.0,1200.0,0.024265384452528578,0.021663442940038684,0.5009702986509148,0.07862903225806452,0.15772716737460915,0.010690327925809125,30.0
11056,55,24.0,35.0,0.0,840.0,-0.08472716344641053,0.01702127659574468,0.33175141100489763,0.06854838709677419,0.037994290269877606,0.007483229548066387,24.0
11056,60,34.0,50.0,0.0,1700.0,0.09692708305182132,0.024758220502901353,0.839408073942949,0.09879032258064516,0.32402283002006965,0.015144631228229592,34.0
11057,70,15.0,3.0,0.0,45.0,-0.2482159852948192,0.010058027079303675,-0.751249469929612,0.004032258064516129,-0.22641581333640456,0.00040088729721784213,15.0
11058,21,10.0,3.0,0.0,30.0,-0.33904310854393516,0.006189555125725338,-0.751249469929612,0.004032258064516129,-0.2314046832157684,0.0002672581981452281,10.0
11058,60,34.0,21.0,0.0,714.0,0.09692708305182132,0.024758220502901353,-0.1420614744039503,0.04032258064516129,-0.00391221671677844,0.006360745115856429,34.0
11058,61,28.5,4.0,0.0,114.0,-0.002982752522206199,0.020502901353965184,-0.7174056924004085,0.006048387096774193,-0.20346701189133104,0.0010155811529518669,28.5
11059,13,6.0,30.0,0.0,180.0,-0.4117048071432279,0.003094777562862669,0.16253252335888052,0.05846774193548387,-0.18151598442213024,0.0016035491888713685,6.0
11059,17,39.0,12.0,0.0,468.0,0.18775420630093725,0.02862669245647969,-0.44665547216678114,0.02217741935483871,-0.085729682738345,0.004169227891065558,39.0
11059,60,34.0,35.0,0.0,1190.0,0.09692708305182132,0.024758220502901353,0.33175141100489763,0.06854838709677419,0.15440125412169994,0.010601241859760715,34.0
11060,60,34.0,4.0,0.0,136.0,0.09692708305182132,0.024758220502901353,-0.7174056924004085,0.006048387096774193,-0.19615000273493077,0.0012115704982583674,34.0
11060,77,13.0,10.0,0.0,130.0,-0.28454683459446556,0.00851063829787234,-0.514343027225188,0.018145161290322582,-0.1981455506866763,0.0011581188586293218,13.0
11061,60,34.0,15.0,0.0,510.0,0.09692708305182132,0.024758220502901353,-0.3451241395791709,0.028225806451612902,-0.07176084707612632,0.004543389368468878,34.0
11062,53,32.8,10.0,0.2,262.40000000000003,0.07512857347203344,0.02382978723404255,-0.514343027225188,0.018145161290322582,-0.15411045921815833,0.002337618373110262,32.8
11062,70,15.0,12.0,0.2,144.0,-0.2482159852948192,0.010058027079303675,-0.44665547216678114,0.02217741935483871,-0.1934892721326034,0.001282839351097095,15.0
11063,34,14.0,30.0,0.0,420.0,-0.2663814099446424,0.009284332688588007,0.16253252335888052,0.05846774193548387,-0.10169406635230921,0.0037416147740331933,14.0
11063,40,18.4,40.0,0.1,662.4,-0.1864535414854204,0.012688588007736944,0.5009702986509148,0.07862903225806452,-0.02107392910178997,0.005901061015046637,18.4
11063,41,9.65,30.0,0.1,260.55,-0.3454010071713733,0.005918762088974855,0.16253252335888052,0.05846774193548387,-0.15472575316994655,0.002321137450891306,9.65
11064,17,39.0,77.0,0.1,2702.7000000000003,0.18775420630093725,0.02862669245647969,1.7531900672314416,0.1532258064516129,0.6575121518892763,0.024077291070903603,39.0
11064,41,9.65,12.0,0.0,115.80000000000001,-0.3454010071713733,0.005918762088974855,-0.44665547216678114,0.02217741935483871,-0.20286834750580737,0.0010316166448405806,9.65
11064,53,32.8,25.0,0.1,737.9999999999999,0.07512857347203344,0.02382978723404255,-0.006686364287136612,0.04838709677419355,0.004069975090203626,0.00657455167437261,32.8
11064,55,24.0,4.0,0.1,86.4,-0.08472716344641053,0.01702127659574468,-0.7174056924004085,0.006048387096774193,-0.21264653246936047,0.000769703610658257,24.0
11064,68,12.5,55.0,0.0,687.5,-0.29362954691937715,0.008123791102514507,1.0086269615889663,0.10887096774193548,-0.012725886836987846,0.006124667040828144,12.5
11065,30,25.89,4.0,0.25,77.67,-0.0503945108582447,0.01848355899419729,-0.7174056924004085,0.006048387096774193,-0.2155500547391502,0.0006919314749979956,25.89
11065,54,7.45,20.0,0.25,111.75,-0.38536494140098426,0.004216634429400387,-0.17590525193315373,0.038306451612903226,-0.2042153423732356,0.0009955367880909746,7.45
11066,16,17.45,3.0,0.0,52.349999999999994,-0.2037106949027524,0.01195357833655706,-0.751249469929612,0.004032258064516129,-0.2239712670955163,0.000466365555763423,17.45
11066,19,9.2,42.0,0.0,386.4,-0.35357544826379367,0.0055705996131528044,0.5686578537093216,0.08266129032258064,-0.11286913488208417,0.003442285592110538,9.2
11066,34,14.0,35.0,0.0,490.0,-0.2663814099446424,0.009284332688588007,0.33175141100489763,0.06854838709677419,-0.07841267358194474,0.004365217236372059,14.0
11067,41,9.65,9.0,0.0,86.85000000000001,-0.3454010071713733,0.005918762088974855,-0.5481868047543914,0.016129032258064516,-0.21249686637297951,0.0007737124836304355,9.65
11068,28,45.6,8.0,0.15,310.08,0.3076460089897703,0.0337330754352031,-0.5820305822835948,0.014112903225806451,-0.13825250482828724,0.0027623807360290776,45.6
11068,43,46.0,36.0,0.15,1407.6,0.3149121788496995,0.03404255319148936,0.36559518853410106,0.07056451612903226,0.22677312650500434,0.012539754656974102,46.0
11068,77,13.0,28.0,0.15,309.4,-0.28454683459446556,0.00851063829787234,0.09484496830047366,0.05443548387096774,-0.13847866692948507,0.0027563228835377858,13.0
11069,39,18.0,20.0,0.0,360.0,-0.19371971134534965,0.012379110251450677,-0.17590525193315373,0.038306451612903226,-0.12164954586976447,0.003207098377742737,18.0
11070,1,18.0,40.0,0.15,612.0,-0.19371971134534965,0.012379110251450677,0.5009702986509148,0.07862903225806452,-0.03783653189645238,0.005452067242162653,18.0
11070,2,19.0,20.0,0.15,323.0,-0.17555428669552647,0.013152804642166345,-0.17590525193315373,0.038306451612903226,-0.13395542490552853,0.0028774799333636226,19.0
11070,16,17.45,30.0,0.15,444.97499999999997,-0.2037106949027524,0.01195357833655706,0.16253252335888052,0.05846774193548387,-0.09338759800316847,0.003964107223989095,17.45
11070,31,12.5,20.0,0.0,250.0,-0.29362954691937715,0.008123791102514507,-0.17590525193315373,0.038306451612903226,-0.1582345916517658,0.0022271516512102343,12.5
11071,7,30.0,15.0,0.05,427.5,0.024265384452528578,0.021663442940038684,-0.3451241395791709,0.028225806451612902,-0.0991996314126273,0.0038084293235695005,30.0
11071,13,6.0,10.0,0.05,57.0,-0.4117048071432279,0.003094777562862669,-0.514343027225188,0.018145161290322582,-0.22242471743291353,0.0005077905764759334,6.0
11072,2,19.0,8.0,0.0,152.0,-0.17555428669552647,0.013152804642166345,-0.5820305822835948,0.014112903225806451,-0.19082854153027604,0.0013541082039358224,19.0
11072,41,9.65,40.0,0.0,386.0,-0.3454010071713733,0.005918762088974855,0.5009702986509148,0.07862903225806452,-0.11300217141220052,0.0034387221494686015,9.65
11072,50,16.25,22.0,0.0,357.5,-0.22550920448254022,0.011025145067698259,-0.10821769687474689,0.04233870967741935,-0.12248102418299177,0.003184826861230635,16.25
11072,64,33.25,130.0,0.0,4322.5,0.08330301456445394,0.024177949709864602,3.546910276279223,0.2600806451612903,1.1962435805955098,0.03850745204942495,33.25
11073,11,21.0,10.0,0.0,210.0,-0.13922343739588008,0.014700193423597678,-0.514343027225188,0.018145161290322582,-0.17153824466340262,0.0018708073870165967,21.0
11073,24,4.5,20.0,0.0,90.0,-0.43895294411796265,0.0019342359767891683,-0.17590525193315373,0.038306451612903226,-0.21144920369831313,0.0008017745944356843,4.5
11074,16,17.45,14.0,0.05,232.08499999999998,-0.2037106949027524,0.01195357833655706,-0.3789679171083743,0.02620967741935484,-0.16419296524435262,0.002067553963884509,17.45
11075,2,19.0,10.0,0.15,161.5,-0.17555428669552647,0.013152804642166345,-0.514343027225188,0.018145161290322582,-0.18766892394001228,0.0014387399666818113,19.0
11075,46,12.0,30.0,0.15,306.0,-0.30271225924428874,0.007736943907156673,0.16253252335888052,0.05846774193548387,-0.1396094774354742,0.0027260336210813267,12.0
11075,76,18.0,2.0,0.15,30.599999999999998,-0.19371971134534965,0.012379110251450677,-0.7850932474588154,0.0020161290322580645,-0.23120512842059382,0.00027260336210813266,18.0
11076,6,25.0,20.0,0.25,375.0,-0.06656173879658735,0.017794970986460348,-0.17590525193315373,0.038306451612903226,-0.11666067599040066,0.0033407274768153515,25.0
11076,14,23.25,20.0,0.25,348.75,-0.09835123193377793,0.01644100580270793,-0.17590525193315373,0.038306451612903226,-0.12539119827928732,0.0031068765534382767,23.25
11076,19,9.2,10.0,0.25,69.0,-0.35357544826379367,0.0055705996131528044,-0.514343027225188,0.018145161290322582,-0.21843362152942247,0.0006146938557340247,9.2
11077,2,19.0,24.0,0.2,364.8,-0.17555428669552647,0.013152804642166345,-0.040530141816340036,0.046370967741935484,-0.12005310750836805,0.0032498596894459737,19.0
11077,3,10.0,20.0,0.0,200.0,-0.33904310854393516,0.006189555125725338,-0.17590525193315373,0.038306451612903226,-0.17486415791631182,0.0017817213209681874,10.0
11077,4,22.0,1.0,0.0,22.0,-0.1210580127460569,0.015473887814313346,-0.8189370249880189,0.0,-0.23406541381809576,0.0001959893453065006,22.0
11077,6,25.0,1.0,0.02,24.5,-0.06656173879658735,0.017794970986460348,-0.8189370249880189,0.0,-0.23323393550486846,0.00021826086181860296,25.0
11077,7,30.0,1.0,0.05,28.5,0.024265384452528578,0.021663442940038684,-0.8189370249880189,0.0,-0.23190357020370478,0.0002538952882379667,30.0
11077,8,40.0,2.0,0.1,72.0,0.20591963095076043,0.029400386847195356,-0.7850932474588154,0.0020161290322580645,-0.21743584755354972,0.0006414196755485475,40.0
11077,10,31.0,1.0,0.0,31.0,0.042430809102351766,0.02243713733075435,-0.8189370249880189,0.0,-0.23107209189047748,0.00027616680475006904,31.0
11077,12,38.0,2.0,0.05,72.2,0.16958878165111407,0.027852998065764023,-0.7850932474588154,0.0020161290322580645,-0.2173693292884915,0.0006432013968695157,38.0
11077,13,6.0,4.0,0.0,24.0,-0.4117048071432279,0.003094777562862669,-0.7174056924004085,0.006048387096774193,-0.2334002311675139,0.00021380655851618247,6.0
11077,14,23.25,1.0,0.03,22.5525,-0.09835123193377793,0.01644100580270793,-0.8189370249880189,0.0,-0.23388165711087253,0.0002009113504556752,23.25
11077,16,17.45,2.0,0.03,33.852999999999994,-0.2037106949027524,0.01195357833655706,-0.7850932474588154,0.0020161290322580645,-0.2301232088394225,0.0003015830593936802,17.45
11077,20,81.0,1.0,0.04,77.75999999999999,0.950702041593511,0.06112185686653772,-0.8189370249880189,0.0,-0.21552012151987401,0.0006927332495924312,81.0
11077,23,9.0,2.0,0.0,18.0,-0.35720853319375834,0.005415860735009671,-0.7850932474588154,0.0020161290322580645,-0.23539577911925944,0.00016035491888713688,9.0
11077,32,32.0,1.0,0.0,32.0,0.060596233752174954,0.02321083172147002,-0.8189370249880189,0.0,-0.23073950056518655,0.00028507541135490996,32.0
11077,39,18.0,2.0,0.05,34.199999999999996,-0.19371971134534965,0.012379110251450677,-0.7850932474588154,0.0020161290322580645,-0.2300077996495465,0.00030467434588556,18.0
11077,41,9.65,3.0,0.0,28.950000000000003,-0.3454010071713733,0.005918762088974855,-0.751249469929612,0.004032258064516129,-0.23175390410732385,0.00025790416121014516,9.65
11077,46,12.0,3.0,0.02,35.28,-0.30271225924428874,0.007736943907156673,-0.751249469929612,0.004032258064516129,-0.22964860101823234,0.00031429564101878826,12.0
11077,52,7.0,2.0,0.0,14.0,-0.3935393824934047,0.0038684719535783366,-0.7850932474588154,0.0020161290322580645,-0.23672614442042314,0.00012472049246777312,7.0
11077,55,24.0,2.0,0.0,48.0,-0.08472716344641053,0.01702127659574468,-0.7850932474588154,0.0020161290322580645,-0.2254180393605318,0.00042761311703236495,24.0
11077,60,34.0,2.0,0.06,63.919999999999995,0.09692708305182132,0.024758220502901353,-0.7850932474588154,0.0020161290322580645,-0.22012318546190038,0.0005694381341814326,34.0
11077,64,33.25,2.0,0.03,64.505,0.08330301456445394,0.024177949709864602,-0.7850932474588154,0.0020161290322580645,-0.21992861953660517,0.0005746496690452646,33.25
11077,66,17.0,1.0,0.0,17.0,-0.21188513599517284,0.01160541586073501,-0.8189370249880189,0.0,-0.23572837044455036,0.00015144631228229593,17.0
11077,73,15.0,2.0,0.01,29.7,-0.2482159852948192,0.010058027079303675,-0.7850932474588154,0.0020161290322580645,-0.23150446061335564,0.00026458561616377583,15.0
11077,75,7.75,4.0,0.0,31.0,-0.3799153140060373,0.004448742746615087,-0.7174056924004085,0.006048387096774193,-0.23107209189047748,0.00027616680475006904,7.75
11077,77,13.0,2.0,0.0,26.0,-0.28454683459446556,0.00851063829787234,-0.7850932474588154,0.0020161290322580645,-0.23273504851693208,0.00023162377172586437,13.0
10544,67,14.0,328.0,0.0,4592.0,-0.2663814099446424,0.009284332688588007,10.247978227061502,0.6592741935483871,1.285876942761413,0.04090832152942958,14.0
