OrderID,CustomerID,EmployeeID,OrderDate,RequiredDate,ShippedDate,ShipVia,Freight,ShipName,ShipAddress,ShipCity,ShipRegion,ShipPostalCode,ShipCountry,OrderYear,OrderMonth,OrderDay,DayOfWeek,Quarter,Freight_Standardized,Freight_Normalized
10248,VINET,5,1996-07-04,1996-08-01,1996-07-16,3,32.38,VINS ET ALCOOLS CHEVALIER,59 rue de l'Abbaye,Reims,Unknown,51100,France,1996,7,4,Thursday,3,-0.2546259072922252,0.05710924752400107
10249,TOMSP,6,1996-07-05,1996-08-16,1996-07-10,1,11.61,TOMS SPEZIALITÄTEN,Luisenstr. 48,Münster,Unknown,44087,Germany,1996,7,5,Friday,3,-0.3365188952271103,0.05185494377616717
10250,HANAR,4,1996-07-08,1996-08-05,1996-07-12,2,65.83,Hanari Carnes,"rua do paço, 67",Rio de Janeiro,RJ,05454-876,Brazil,1996,7,8,Monday,3,-0.12273758536531577,0.06557128220695936
10251,VICTE,3,1996-07-08,1996-08-05,1996-07-15,1,41.34,VICTUAILLES EN STOCK,"2, rue du Commerce",Lyon,Unknown,69004,France,1996,7,8,Monday,3,-0.21929797412435945,0.059375909131155216
10252,SUPRD,4,1996-07-09,1996-08-06,1996-07-11,2,51.3,Suprêmes délices,"Boulevard Tirou, 255",Charleroi,Unknown,B-6000,Belgium,1996,7,9,Tuesday,3,-0.18002719127258016,0.06189554636410782
10253,HANAR,3,1996-07-10,1996-07-24,1996-07-16,2,58.17,Hanari Carnes,"Rua do Paço, 67",Rio de Janeiro,RJ,05454-876,Brazil,1996,7,10,Wednesday,3,-0.1529398139440938,0.06363348891334321
10254,CHOPS,5,1996-07-11,1996-08-08,1996-07-23,2,22.98,Chop-suey Chinese,Hauptstr. 31,BERN,Unknown,3012,Switzerland,1996,7,11,Thursday,3,-0.29168869432101285,0.054731276641495595
10255,RICSU,9,1996-07-12,1996-08-09,1996-07-15,3,148.33,Richter Supermarkt,Starenweg 5,Genève,Unknown,1204,Switzerland,1996,7,12,Friday,3,0.20254751355755501,0.08644177133533186
10256,WELLI,3,1996-07-15,1996-08-12,1996-07-17,2,13.97,Wellington Importadora,"Rua do Mercado, 12",Resende,SP,08737-363,Brazil,1996,7,15,Monday,3,-0.3272137699730743,0.05245196625305152
10257,HILAA,4,1996-07-16,1996-08-13,1996-07-22,3,81.91,HILARION-ABASTOS,Carrera 22 con Ave. Carlos Soublette #8-35,San Cristóbal,Táchira,5022,Venezuela,1996,7,16,Tuesday,3,-0.05933656244798534,0.0696391302697985
10258,ERNSH,1,1996-07-17,1996-08-14,1996-07-23,1,140.51,ernst handel,KIRCHGASSE 6,Graz,Unknown,8010,Austria,1996,7,17,Wednesday,3,0.1717144290293507,0.08446350194158793
10259,CENTC,4,1996-07-18,1996-08-15,1996-07-25,3,3.25,Centro comercial Moctezuma,Sierras de Granada 9993,méxico d.f.,Unknown,05022,Mexico,1996,7,18,Thursday,3,-0.3694811185846279,0.04974006754449209
10260,OTTIK,4,1996-07-19,1996-08-16,1996-07-29,1,55.09,Ottilies Käseladen,Mehrheimerstr. 369,köln,Unknown,50739,Germany,1996,7,19,Friday,3,-0.16508379097054765,0.06285432398588396
10261,QUEDE,4,1996-07-19,1996-08-16,1996-07-30,2,3.05,Que Delícia,"Rua da Panificadora, 12",RIO DE JANEIRO,RJ,02389-673,Brazil,1996,7,19,Friday,3,-0.3702696885214106,0.0496894724193324
10262,RATTC,8,1996-07-22,1996-08-19,1996-07-25,3,48.29,Rattlesnake Canyon Grocery,2817 Milton Dr.,albuquerque,NM,87110,USA,1996,7,22,Monday,3,-0.19189516882116003,0.06113408973045447
10263,ERNSH,9,1996-07-23,1996-08-20,1996-07-31,3,146.06,Ernst Handel,Kirchgasse 6,Graz,Unknown,8010,Austria,1996,7,23,Tuesday,3,0.19359724477507112,0.08586751666476936
10264,FOLKO,6,1996-07-24,1996-08-21,1996-08-23,3,3.67,Folk och fä HB,Åkergatan 24,Bräcke,Unknown,S-844 67,Sweden,1996,7,24,Wednesday,3,-0.3678251217173842,0.04984631730732744
10265,BLONP,2,1996-07-25,1996-08-22,1996-08-12,1,55.28,Blondel père et fils,"24, place Kléber",Strasbourg,Unknown,67000,France,1996,7,25,Thursday,3,-0.1643346495306041,0.06290238935478568
10266,WARTH,3,1996-07-26,1996-09-06,1996-07-31,3,25.73,Wartian Herkku,Torikatu 38,OULU,Unknown,90110,Finland,1996,7,26,Friday,3,-0.2808458576902505,0.055426959612441346
10267,FRANK,4,2026-01-01,2026-01-01,2026-01-01,1,208.58,Frankenversand,BERLINER PLATZ 43,München,Unknown,80805,Germany,2026,1,1,Thursday,1,0.44010420701334846,0.10168355278968873
10268,GROSR,8,1996-07-30,1996-08-27,1996-08-02,3,66.29,GROSELLA-Restaurante,5ª Ave. Los Palos Grandes,Caracas,DF,1081,Venezuela,1996,7,30,Tuesday,3,-0.12092387451071548,0.06568765099482665
10269,WHITC,5,1996-07-31,1996-08-14,1996-08-09,1,4.56,White Clover Markets,1029 - 12th Ave. S.,seattle,WA,98124,USA,1996,7,31,Wednesday,3,-0.3643159854987011,0.05007146561428807
10270,WARTH,1,1996-08-01,1996-08-29,1996-08-02,1,136.54,Wartian Herkku,Torikatu 38,Oulu,Unknown,90110,Finland,1996,8,1,Thursday,3,0.15606131578421376,0.08345918870716806
10271,SPLIR,6,1996-08-01,1996-08-29,1996-08-30,2,4.54,Split Rail Beer & Ale,P.O. Box 555,Lander,WY,82520,USA,1996,8,1,Thursday,3,-0.36439484249237936,0.0500664061017721
10272,RATTC,6,1996-08-02,1996-08-30,1996-08-06,2,98.03,Rattlesnake Canyon Grocery,2817 Milton Dr.,Albuquerque,NM,87110,USA,1996,8,2,Friday,3,0.004222174456701663,0.07371709735766958
10273,QUICK,3,1996-08-05,1996-09-02,1996-08-12,3,76.07,QUICK-Stop,Taucherstraße 10,cunewalde,Unknown,01307,Germany,1996,8,5,Monday,3,-0.08236280460204068,0.06816175261513553
10274,VINET,6,1996-08-06,1996-09-03,1996-08-16,1,6.01,VINS ET ALCOOLS CHEVALIER,59 RUE DE L'ABBAYE,Reims,Unknown,51100,France,1996,8,6,Tuesday,3,-0.35859885345702636,0.05043828027169582
10275,MAGAA,1,1996-08-07,1996-09-04,1996-08-09,1,26.93,magazzini alimentari riuniti,via ludovico il moro 22,Bergamo,Unknown,24100,Italy,1996,8,7,Wednesday,3,-0.27611443806955416,0.05573053036339949
10276,TORTU,8,1996-08-08,1996-08-22,1996-08-14,3,13.84,TORTUGA RESTAURANTE,Avda. Azteca 123,MÉXICO D.F.,Unknown,05033,Mexico,1996,8,8,Thursday,3,-0.327726340431983,0.052419079421697726
10277,MORGK,2,1996-08-09,1996-09-06,,3,125.77,Morgenstern Gesundkost,Heerstr. 22,Leipzig,Unknown,04179,Germany,1996,8,9,Friday,3,0.11359682468846448,0.08073464121731871
10278,BERGS,8,1996-08-12,1996-09-09,1996-08-16,2,92.69,Berglunds snabbköp,Berguvsvägen 8,LULEÅ,Unknown,S-958 22,Sweden,1996,8,12,Monday,3,-0.01683264285539689,0.07236620751590585
10279,LEHMS,8,1996-08-13,1996-09-10,1996-08-16,2,25.83,lehmanns marktstand,Magazinweg 7,Frankfurt a.M.,Unknown,60528,Germany,1996,8,13,Tuesday,3,-0.28045157272185917,0.05545225717502119
10280,BERGS,2,1996-08-14,1996-09-11,1996-09-12,1,8.98,BERGLUNDS SNABBKÖP,Berguvsvägen 8,luleå,Unknown,S-958 22,Sweden,1996,8,14,Wednesday,3,-0.346888589895803,0.051189617880317236
10281,ROMEY,4,1996-08-14,1996-08-28,1996-08-21,1,2.94,Romero y tomillo,"Gran Vía, 1",MADRID,Unknown,28001,Spain,1996,8,14,Wednesday,3,-0.3707034019866411,0.04966164510049457
10282,ROMEY,4,1996-08-15,1996-09-12,1996-08-21,1,12.69,Romero y tomillo,"Gran Vía, 1",MADRID,Unknown,28001,Spain,1996,8,15,Thursday,3,-0.33226061756848363,0.0521281574520295
10283,LILAS,3,1996-08-16,1996-09-13,1996-08-23,3,84.81,LILA-Supermercado,CARRERA 52 CON AVE. BOLÍVAR #65-98 LLANO LARGO,Barquisimeto,Lara,Unknown,Venezuela,1996,8,16,Friday,3,-0.04790229836463592,0.07037275958461403
10284,LEHMS,4,1996-08-19,1996-09-16,1996-08-27,1,76.56,LEHMANNS MARKTSTAND,Magazinweg 7,Frankfurt a.M.,Unknown,60528,Germany,1996,8,19,Monday,3,-0.08043080825692299,0.06828571067177677
10285,QUICK,1,1996-08-20,1996-09-17,1996-08-26,2,76.83,QUICK-Stop,Taucherstraße 10,cunewalde,Unknown,01307,Germany,1996,8,20,Tuesday,3,-0.07936623884226635,0.06835401409074236
10286,QUICK,8,1996-08-21,1996-09-18,1996-08-30,3,229.24,QUICK-Stop,taucherstraße 10,cunewalde,Unknown,01307,Germany,1996,8,21,Wednesday,3,0.5215634814830031,0.10691002921868478
10287,RICAR,8,1996-08-22,1996-09-19,1996-08-28,3,12.76,Ricardo Adocicados,"av. copacabana, 267",Rio de Janeiro,RJ,02389-890,Brazil,1996,8,22,Thursday,3,-0.3319846180906097,0.05214586574583539
10288,REGGC,4,1996-08-23,1996-09-20,1996-09-03,1,7.45,Reggiani Caseifici,Strada Provinciale 124,REGGIO EMILIA,Unknown,42100,Italy,1996,8,23,Friday,3,-0.3529211499121908,0.0508025651728456
10289,BSBEV,7,1996-08-26,1996-09-23,1996-08-28,3,22.77,b's beverages,Fauntleroy Circus,London,Unknown,EC2 5NT,UK,1996,8,26,Monday,3,-0.2925166927546347,0.054678151760077925
10290,COMMI,8,1996-08-27,1996-09-24,1996-09-03,1,79.7,Comércio Mineiro,"av. dos lusíadas, 23",Sao Paulo,SP,05432-043,Brazil,1996,8,27,Tuesday,3,-0.06805026024943434,0.06908005413678392
10291,QUEDE,6,1996-08-27,1996-09-24,1996-09-04,2,6.4,Que Delícia,"Rua da Panificadora, 12",rio de janeiro,RJ,02389-673,Brazil,1996,8,27,Tuesday,3,-0.3570611420803001,0.050536940765757224
10292,TRADH,1,1996-08-28,1996-09-25,1996-09-02,2,1.35,TRADIÇAO HIPERMERCADOS,"Av. Inês de Castro, 414",Sao Paulo,SP,05634-030,Brazil,1996,8,28,Wednesday,3,-0.3769725329840637,0.049259413855475026
10293,TORTU,1,1996-08-29,1996-09-26,1996-09-11,3,21.18,Tortuga Restaurante,Avda. Azteca 123,México D.F.,Unknown,05033,Mexico,1996,8,29,Thursday,3,-0.2987858237520573,0.054275920515058376
10294,RATTC,4,1996-08-30,1996-09-27,1996-09-05,2,147.26,Rattlesnake Canyon Grocery,2817 Milton Dr.,ALBUQUERQUE,NM,87110,USA,1996,8,30,Friday,3,0.19832866439576738,0.0861710874157275
10295,VINET,2,1996-09-02,1996-09-30,1996-09-10,2,1.15,VINS ET ALCOOLS CHEVALIER,59 rue de l'Abbaye,Reims,Unknown,51100,France,1996,9,2,Monday,3,-0.3777611029208464,0.04920881873031534
10296,LILAS,6,1996-09-03,1996-10-01,1996-09-11,1,0.12,LILA-Supermercado,Carrera 52 con Ave. Bolívar #65-98 Llano Largo,Barquisimeto,Lara,3508,Venezuela,1996,9,3,Tuesday,3,-0.3818222380952774,0.04894825383574293
10297,BLONP,5,1996-09-04,1996-10-16,1996-09-10,2,5.74,Blondel père et fils,"24, place Kléber",Strasbourg,Unknown,67000,France,1996,9,4,Wednesday,3,-0.35966342287168307,0.050369976852730244
10298,HUNGO,6,1996-09-05,1996-10-03,1996-09-11,2,168.22,Hungry Owl All-Night Grocers,8 Johnstown Road,cork,Co. Cork,Unknown,Ireland,1996,9,5,Thursday,3,0.28097079377059614,0.09147345653246311
10299,RICAR,4,1996-09-06,1996-10-04,1996-09-13,2,29.76,Ricardo Adocicados,"Av. Copacabana, 267",Rio de Janeiro,RJ,02389-890,Brazil,1996,9,6,Friday,3,-0.26495617346407874,0.05644645138440911
10300,MAGAA,2,1996-09-09,1996-10-07,1996-09-18,2,17.68,magazzini alimentari riuniti,via ludovico il moro 22,BERGAMO,Unknown,24100,Italy,1996,9,9,Monday,3,-0.31258579764575484,0.05339050582476379
10301,WANDK,8,1996-09-09,1996-10-07,1996-09-17,2,45.08,Die Wandernde Kuh,Adenauerallee 900,stuttgart,Unknown,70563,Germany,1996,9,9,Monday,3,-0.20455171630652266,0.06032203797164143
10302,SUPRD,4,1996-09-10,1996-10-08,1996-10-09,2,6.27,Suprêmes délices,"BOULEVARD TIROU, 255",Charleroi,Unknown,B-6000,Belgium,1996,9,10,Tuesday,3,-0.3575737125392089,0.05050405393440342
10303,GODOS,7,1996-09-11,1996-10-09,1996-09-18,2,107.83,Godos Cocina Típica,"C/ Romero, 33",Sevilla,Unknown,41101,Spain,1996,9,11,Wednesday,3,0.04286210135905478,0.07619625849049444
10304,TORTU,1,1996-09-12,1996-10-10,1996-09-17,2,63.79,tortuga restaurante,Avda. Azteca 123,México D.F.,Unknown,05033,Mexico,1996,9,12,Thursday,3,-0.13078099872049948,0.06505521193033052
10305,OLDWO,8,1996-09-13,1996-10-11,1996-10-09,3,257.62,Old World Delicatessen,2743 Bering St.,ANCHORAGE,AK,99508,USA,1996,9,13,Friday,3,0.6334615555124706,0.11408947747884492
10306,ROMEY,1,1996-09-16,1996-10-14,1996-09-23,3,7.56,Romero y tomillo,"Gran Vía, 1",MADRID,Unknown,28001,Spain,1996,9,16,Monday,3,-0.35248743644696034,0.05083039249168343
10307,LONEP,2,1996-09-17,1996-10-15,1996-09-25,2,0.56,Lonesome Pine Restaurant,89 Chiaroscuro Rd.,Portland,OR,97219,USA,1996,9,17,Tuesday,3,-0.3800873842343554,0.04905956311109425
10308,ANATR,7,1996-09-18,1996-10-16,1996-09-24,3,1.61,Ana Trujillo Emparedados y helados,Avda. de la Constitución 2222,México D.F.,Unknown,05021,Mexico,1996,9,18,Wednesday,3,-0.37594739206624617,0.04932518751818263
10309,HUNGO,3,1996-09-19,1996-10-17,1996-10-23,1,47.3,Hungry Owl All-Night Grocers,8 Johnstown Road,Cork,Co. Cork,Unknown,Ireland,1996,9,19,Thursday,3,-0.1957985900082345,0.06088364386091401
10310,THEBI,8,1996-09-20,1996-10-18,1996-09-27,2,17.52,The Big Cheese,89 JEFFERSON WAY SUITE 2,portland,OR,97201,USA,1996,9,20,Friday,3,-0.313216653595181,0.05335002972463604
10311,DUMON,1,1996-09-20,1996-10-04,1996-09-26,3,24.69,Du monde entier,"67, RUE DES CINQUANTE OTAGES",Nantes,Unknown,44000,France,1996,9,20,Friday,3,-0.28494642136152065,0.05516386496161095
10312,WANDK,2,1996-09-23,1996-10-21,1996-10-03,2,40.26,Die Wandernde Kuh,Adenauerallee 900,STUTTGART,Unknown,70563,Germany,1996,9,23,Monday,3,-0.22355625178298613,0.059102695455292883
10313,QUICK,2,1996-09-24,1996-10-22,1996-10-04,2,1.96,QUICK-STOP,Taucherstraße 10,Cunewalde,Unknown,01307,Germany,1996,9,24,Tuesday,3,-0.37456739467687644,0.04941372898721209
10314,RATTC,1,1996-09-25,1996-10-23,1996-10-04,2,74.16,rattlesnake canyon grocery,2817 milton dr.,Albuquerque,NM,87110,USA,1996,9,25,Wednesday,3,-0.08989364749831562,0.06767856916986048
10315,ISLAT,4,1996-09-26,1996-10-24,1996-10-03,2,41.76,ISLAND TRADING,Garden House Crowther Way,cowes,Isle of Wight,PO31 7PJ,UK,1996,9,26,Thursday,3,-0.21764197725711576,0.05948215889399056
10316,RATTC,1,1996-09-27,1996-10-25,,3,150.15,Rattlesnake Canyon Grocery,2817 MILTON DR.,Albuquerque,NM,87110,USA,1996,9,27,Friday,3,0.2097234999822777,0.08690218697428503
10317,LONEP,6,1996-09-30,1996-10-28,1996-10-10,1,12.69,LONESOME PINE RESTAURANT,89 Chiaroscuro Rd.,Portland,OR,97219,USA,1996,9,30,Monday,3,-0.33226061756848363,0.0521281574520295
10318,ISLAT,8,1996-10-01,1996-10-29,1996-10-04,2,4.73,Island Trading,Garden House Crowther Way,Cowes,Isle of Wight,PO31 7PJ,UK,1996,10,1,Tuesday,4,-0.36364570105243577,0.0501144714706738
10319,TORTU,7,1996-10-02,1996-10-30,1996-10-11,3,64.5,Tortuga Restaurante,Avda. Azteca 123,México D.F.,Unknown,05033,Mexico,1996,10,2,Wednesday,4,-0.12798157544492084,0.06523482462464741
10320,WARTH,5,1996-10-03,1996-10-17,1996-10-18,3,34.57,wartian herkku,Torikatu 38,oulu,Unknown,90110,Finland,1996,10,3,Thursday,4,-0.24599106648445443,0.05766326414449968
10321,ISLAT,3,1996-10-03,1996-10-31,1996-10-11,2,3.43,Island Trading,GARDEN HOUSE CROWTHER WAY,Cowes,Isle of Wight,PO31 7PJ,UK,1996,10,3,Thursday,4,-0.3687714056415234,0.049785603157135816
10322,PERIC,7,1996-10-04,1996-11-01,1996-10-23,3,0.4,Pericles Comidas clásicas,Calle Dr. Jorge Cash 321,MÉXICO D.F.,Unknown,05033,Mexico,1996,10,4,Friday,4,-0.3807182401837816,0.0490190870109665
10323,KOENE,4,1996-10-07,1996-11-04,1996-10-14,1,4.88,KÖNIGLICH ESSEN,Maubelstr. 90,Brandenburg,Unknown,14776,Germany,1996,10,7,Monday,4,-0.36305427359984876,0.05015241781454357
10324,SAVEA,9,1996-10-08,1996-11-05,1996-10-10,1,214.27,Save-a-lot Markets,187 Suffolk Ln.,Boise,ID,83720,USA,1996,10,8,Tuesday,4,0.46253902171481676,0.10312298410048192
10325,KOENE,1,1996-10-09,1996-10-23,1996-10-14,3,64.86,Königlich Essen,Maubelstr. 90,BRANDENBURG,Unknown,14776,Germany,1996,10,9,Wednesday,4,-0.12656214955871195,0.06532589584993487
10326,BOLID,4,1996-10-10,1996-11-07,1996-10-14,2,77.92,Bólido Comidas preparadas,"c/ araquil, 67",madrid,Unknown,28023,Spain,1996,10,10,Thursday,4,-0.07506853268680053,0.06862975752286268
10327,FOLKO,2,1996-10-11,1996-11-08,1996-10-14,1,63.36,Folk och fä HB,Åkergatan 24,bräcke,Unknown,S-844 67,Sweden,1996,10,11,Friday,4,-0.13247642408458232,0.06494643241123718
10328,FURIB,4,1996-10-14,1996-11-11,1996-10-17,3,87.03,Furia Bacalhau e Frutos do Mar,JARDIM DAS ROSAS N. 32,Lisboa,Unknown,1675,Portugal,1996,10,14,Monday,4,-0.03914917206634777,0.07093436547388658
10329,SPLIR,4,1996-10-15,1996-11-26,1996-10-23,2,191.67,Split Rail Beer & Ale,P.O. Box 555,LANDER,WY,82520,USA,1996,10,15,Tuesday,4,0.37343061885836965,0.09740573495743685
10330,LILAS,3,1996-10-16,1996-11-13,1996-10-28,1,12.75,LILA-Supermercado,Carrera 52 con Ave. Bolívar #65-98 Llano Largo,Barquisimeto,Lara,3508,Venezuela,1996,10,16,Wednesday,4,-0.33202404658744883,0.052143335989577405
10331,BONAP,9,1996-10-16,1996-11-27,1996-10-21,1,10.19,Bon app',"12, rue des Bouchers",Marseille,Unknown,13008,France,1996,10,16,Wednesday,4,-0.3421177417782676,0.05149571838753336
10332,MEREP,3,1996-10-17,1996-11-28,1996-10-21,2,52.84,mère paillarde,43 RUE ST. LAURENT,Montréal,Québec,H1J 1C3,Canada,1996,10,17,Thursday,4,-0.17395520275935322,0.06228512882783744
10333,WARTH,5,1996-10-18,1996-11-15,1996-10-25,3,0.59,Wartian Herkku,Torikatu 38,oulu,Unknown,90110,Finland,1996,10,18,Friday,4,-0.379969098743838,0.0490671523798682
10334,VICTE,8,1996-10-21,1996-11-18,1996-10-28,2,8.56,Victuailles en stock,"2, RUE DU COMMERCE",Lyon,Unknown,69004,France,1996,10,21,Monday,4,-0.3485445867630467,0.05108336811748188
10335,HUNGO,7,1996-10-22,1996-11-19,1996-10-24,2,42.11,Hungry Owl All-Night Grocers,8 Johnstown Road,Cork,Co. Cork,Unknown,Ireland,1996,10,22,Tuesday,4,-0.21626197986774598,0.05957070036302003
10336,PRINI,7,1996-10-23,1996-11-20,1996-10-25,2,15.51,Princesa Isabel Vinhos,Estrada da saúde n. 58,LISBOA,Unknown,1756,Portugal,1996,10,23,Wednesday,4,-0.32114178145984734,0.052841548716781137
10337,FRANK,4,1996-10-24,1996-11-21,1996-10-29,3,108.26,FRANKENVERSAND,Berliner Platz 43,München,Unknown,80805,Germany,1996,10,24,Thursday,4,0.04455752672313765,0.07630503800958778
10338,OLDWO,4,1996-10-25,1996-11-22,1996-10-29,3,84.21,Old World Delicatessen,2743 BERING ST.,Anchorage,AK,99508,USA,1996,10,25,Friday,4,-0.050268008174984107,0.07022097420913495
10339,MEREP,2,1996-10-28,1996-11-25,1996-11-04,2,15.66,Mère Paillarde,43 rue St. Laurent,Montréal,Québec,H1J 1C3,Canada,1996,10,28,Monday,4,-0.32055035400726034,0.052879495060650906
10340,BONAP,1,1996-10-29,1996-11-26,1996-11-08,3,166.31,Bon app',"12, rue des Bouchers",Marseille,Unknown,13008,France,1996,10,29,Tuesday,4,0.2734399508743212,0.09099027308718806
10341,SIMOB,7,1996-10-29,1996-11-26,1996-11-05,3,26.78,simons bistro,vinbæltet 34,Kobenhavn,Unknown,1734,Denmark,1996,10,29,Tuesday,4,-0.2767058655221412,0.05569258401952972
10342,FRANK,4,1996-10-30,1996-11-13,1996-11-04,2,54.83,Frankenversand,Berliner Platz 43,München,Unknown,80805,Germany,1996,10,30,Wednesday,4,-0.1661089318883652,0.06278855032317636
10343,LEHMS,4,1996-10-31,1996-11-28,1996-11-06,1,110.37,Lehmanns Marktstand,Magazinweg 7,Frankfurt a.M.,Unknown,60528,Germany,1996,10,31,Thursday,4,0.05287693955619531,0.07683881658002252
10344,WHITC,4,1996-11-01,1996-11-29,1996-11-05,2,23.29,White Clover Markets,1029 - 12TH AVE. S.,Seattle,WA,98124,USA,1996,11,1,Friday,4,-0.29046641091899966,0.054809699085493116
10345,QUICK,2,1996-11-04,1996-12-02,1996-11-11,2,249.06,quick-stop,Taucherstraße 10,Cunewalde,Unknown,01307,Germany,1996,11,4,Monday,4,0.5997107622181703,0.11192400612201014
10346,RATTC,3,1996-11-05,1996-12-17,1996-11-08,3,142.08,Rattlesnake Canyon Grocery,2817 milton dr.,Albuquerque,NM,87110,USA,1996,11,5,Tuesday,4,0.1779047030330951,0.08486067367409152
10347,FAMIA,4,1996-11-06,1996-12-04,1996-11-08,3,3.1,Familia Arquibaldo,"rua orós, 92",SAO PAULO,SP,05442-030,Brazil,1996,11,6,Wednesday,4,-0.37007254603721496,0.04970212120062232
10348,WANDK,4,1996-11-07,1996-12-05,1996-11-15,2,0.78,Die Wandernde Kuh,Adenauerallee 900,Stuttgart,Unknown,70563,Germany,1996,11,7,Thursday,4,-0.37921995730389446,0.04911521774876991
10349,SPLIR,7,1996-11-08,1996-12-06,1996-11-15,1,8.63,Split Rail Beer & Ale,P.O. Box 555,Lander,WY,82520,USA,1996,11,8,Friday,4,-0.3482685872851728,0.05110107641128778
10350,LAMAI,6,1996-11-11,1996-12-09,1996-12-03,2,64.19,La maison d'Asie,1 rue alsace-lorraine,Toulouse,Unknown,31000,France,1996,11,11,Monday,4,-0.12920385884693406,0.0651564021806499
10351,ERNSH,1,1996-11-11,1996-12-09,1996-11-20,1,162.33,ERNST HANDEL,Kirchgasse 6,Graz,Unknown,8010,Austria,1996,11,11,Monday,4,0.2577474091323452,0.08998343009651022
10352,FURIB,3,1996-11-12,1996-11-26,,3,1.3,Furia Bacalhau e Frutos do Mar,Jardim das rosas n. 32,Lisboa,Unknown,1675,Portugal,1996,11,12,Tuesday,4,-0.3771696754682594,0.04924676507418511
10353,PICCO,7,1996-11-13,1996-12-11,1996-11-25,3,360.63,Piccolo und mehr,Geislweg 14,SALZBURG,Unknown,5020,Austria,1996,11,13,Wednesday,4,1.039614501452409,0.1401484966923437
10354,PERIC,8,1996-11-14,1996-12-12,1996-11-20,3,53.8,Pericles Comidas clásicas,Calle Dr. Jorge Cash 321,méxico d.f.,Unknown,05033,Mexico,1996,11,14,Thursday,4,-0.1701700670627962,0.06252798542860397
10355,AROUT,6,1996-11-15,1996-12-13,1996-11-20,1,41.95,Around the Horn,brook farm stratford st. mary,Colchester,Essex,CO7 6JX,UK,1996,11,15,Friday,4,-0.21689283581717214,0.05953022426289227
10356,WANDK,6,1996-11-18,1996-12-16,1996-11-27,2,36.71,Die Wandernde Kuh,Adenauerallee 900,Stuttgart,Unknown,70563,Germany,1996,11,18,Monday,4,-0.23755336816087935,0.05820463198370838
10357,LILAS,1,1996-11-19,1996-12-17,1996-12-02,3,34.88,LILA-Supermercado,CARRERA 52 CON AVE. BOLÍVAR #65-98 LLANO LARGO,Barquisimeto,Lara,3508,Venezuela,1996,11,19,Tuesday,4,-0.24476878308244118,0.0577416865884972
10358,LAMAI,5,1996-11-20,1996-12-18,1996-11-27,1,19.64,la maison d'asie,1 rue Alsace-Lorraine,toulouse,Unknown,31000,France,1996,11,20,Wednesday,4,-0.30485781226528424,0.05388633805132875
10359,SEVES,5,1996-11-21,1996-12-19,1996-11-26,3,288.43,SEVEN SEAS IMPORTS,90 Wadhurst Rd.,London,Unknown,OX15 4NB,UK,1996,11,21,Thursday,4,0.7549407542738482,0.12188365650969529
10360,BLONP,4,1996-11-22,1996-12-20,1996-12-02,3,131.7,Blondel père et fils,"24, place Kléber",Strasbourg,Unknown,67000,France,1996,11,22,Friday,4,0.136977923314072,0.08223478667830354
10361,QUICK,1,1996-11-22,1996-12-20,1996-12-03,2,183.17,QUICK-Stop,Taucherstraße 10,Cunewalde,Unknown,01307,Germany,1996,11,22,Friday,4,0.3399163965451042,0.09525544213814999
10362,BONAP,3,1996-11-25,1996-12-23,1996-11-28,1,96.04,Bon app',"12, rue des Bouchers",Marseille,Unknown,13008,France,1996,11,25,Monday,4,-0.00362409641428635,0.07321367586233067
10363,DRACD,4,1996-11-26,1996-12-24,1996-12-04,3,30.54,drachenblut delikatessen,walserweg 21,AACHEN,Unknown,52066,Germany,1996,11,26,Tuesday,4,-0.2618807507106262,0.05664377237253191
10364,EASTC,1,1996-11-26,1997-01-07,1996-12-04,1,71.97,EASTERN CONNECTION,35 king george,london,Unknown,WX3 6FW,UK,1996,11,26,Tuesday,4,-0.09852848830608636,0.06712455254936188
10365,ANTON,3,1996-11-27,1996-12-25,1996-12-02,2,22.0,Antonio Moreno Taquería,Mataderos 2312,México D.F.,Unknown,05023,Mexico,1996,11,27,Wednesday,4,-0.29555268701124815,0.054483360528213114
10366,GALED,8,1996-11-28,1997-01-09,1996-12-30,2,10.14,Galería del gastronómo,"Rambla de Cataluña, 23",Barcelona,Unknown,8022,Spain,1996,11,28,Thursday,4,-0.34231488426246326,0.05148306960624344
10367,VAFFE,7,1996-11-28,1996-12-26,1996-12-02,3,13.55,Vaffeljernet,SMAGSLOGET 45,Århus,Unknown,8200,Denmark,1996,11,28,Thursday,4,-0.328869766840318,0.052345716490216174
10368,ERNSH,2,1996-11-29,1996-12-27,1996-12-02,2,101.95,Ernst Handel,Kirchgasse 6,Graz,Unknown,8010,Austria,1996,11,29,Friday,4,0.019678145217642922,0.07470876181079954
10369,SPLIR,8,1996-12-02,1996-12-30,1996-12-09,2,195.68,Split Rail Beer & Ale,P.O. Box 555,Lander,WY,82520,USA,1996,12,2,Monday,4,0.3892414460908632,0.09842016721688866
10370,CHOPS,6,1996-12-03,1996-12-31,1996-12-27,2,1.17,chop-suey chinese,hauptstr. 31,Bern,Unknown,3012,Switzerland,1996,12,3,Tuesday,4,-0.37768224592716815,0.049213878242831306
10371,LAMAI,1,1996-12-03,1996-12-31,1996-12-24,1,0.45,LA MAISON D'ASIE,1 rue Alsace-Lorraine,Toulouse,Unknown,31000,France,1996,12,3,Tuesday,4,-0.3805210976995859,0.04903173579225642
10372,QUEEN,5,1996-12-04,1997-01-01,1996-12-09,2,890.78,Queen Cozinha,"Alameda dos Canàrios, 891",SAO PAULO,SP,05487-020,Brazil,1996,12,4,Wednesday,4,3.1299162613791958,0.2742635247093943
10373,HUNGO,4,1996-12-05,1997-01-02,1996-12-11,3,124.12,Hungry Owl All-Night Grocers,8 Johnstown Road,Cork,Co. Cork,Unknown,Ireland,1996,12,5,Thursday,4,0.10709112271000709,0.08031723143475127
10374,WOLZA,1,1996-12-05,1997-01-02,1996-12-09,3,3.94,wolski zajazd,ul. Filtrowa 68,warszawa,Unknown,01-012,Poland,1996,12,5,Thursday,4,-0.3667605523027275,0.049914620726293026
10375,HUNGC,3,1996-12-06,1997-01-03,1996-12-09,2,20.12,HUNGRY COYOTE IMPORT STORE,City Center Plaza 516 Main St.,ELGIN,OR,97827,USA,1996,12,6,Friday,4,-0.3029652444170057,0.05400776635171202
10376,MEREP,1,1996-12-09,1997-01-06,1996-12-13,2,20.39,Mère Paillarde,43 rue St. Laurent,montréal,Québec,H1J 1C3,Canada,1996,12,9,Monday,4,-0.301900675002349,0.054076069770677596
10377,SEVES,1,1996-12-09,1997-01-06,1996-12-13,3,22.21,Seven Seas Imports,90 wadhurst rd.,London,Unknown,OX15 4NB,UK,1996,12,9,Monday,4,-0.2947246885776263,0.05453648540963079
10378,FOLKO,5,1996-12-10,1997-01-07,1996-12-19,3,5.44,folk och fä hb,åkergatan 24,Bräcke,Unknown,S-844 67,Sweden,1996,12,10,Tuesday,4,-0.3608462777768571,0.050294084164990704
10379,QUEDE,2,1996-12-11,1997-01-08,1996-12-13,1,45.03,Que Delícia,"Rua da Panificadora, 12",rio de janeiro,RJ,Unknown,Brazil,1996,12,11,Wednesday,4,-0.20474885879071833,0.06030938919035152
10380,HUNGO,8,1996-12-12,1997-01-09,1997-01-16,3,35.03,Hungry Owl All-Night Grocers,8 Johnstown Road,Cork,Co. Cork,Unknown,Ireland,1996,12,12,Thursday,4,-0.24417735562985415,0.05777963293236697
10381,LILAS,3,1996-12-12,1997-01-09,1996-12-13,3,7.99,LILA-Supermercado,carrera 52 con ave. bolívar #65-98 llano largo,barquisimeto,Lara,3508,Venezuela,1996,12,12,Thursday,4,-0.3507920110828775,0.050939172010776766
10382,ERNSH,4,1996-12-13,1997-01-10,1996-12-16,1,94.77,Ernst Handel,Kirchgasse 6,Graz,Unknown,8010,Austria,1996,12,13,Friday,4,-0.008631515512856644,0.07289239681756662
10383,AROUT,8,1996-12-16,1997-01-13,1996-12-18,3,34.24,Around the Horn,Brook Farm Stratford St. Mary,COLCHESTER,Essex,CO7 6JX,UK,1996,12,16,Monday,4,-0.2472922068801459,0.05757978218798619
10384,BERGS,3,1996-12-16,1997-01-13,1996-12-20,3,168.64,Berglunds snabbköp,Berguvsvägen 8,Luleå,Unknown,S-958 22,Sweden,1996,12,16,Monday,4,0.2826267906378398,0.09157970629529845
10385,SPLIR,1,1996-12-17,1997-01-14,1996-12-23,2,30.96,split rail beer & ale,P.O. Box 555,Lander,WY,82520,USA,1996,12,17,Tuesday,4,-0.26022475384338245,0.05675002213536726
10386,FAMIA,9,1996-12-18,1997-01-01,1996-12-25,3,13.99,Familia Arquibaldo,"RUA ORÓS, 92",Sao Paulo,SP,05442-030,Brazil,1996,12,18,Wednesday,4,-0.327134912979396,0.052457025765567496
10387,SANTG,1,1996-12-18,1997-01-15,1996-12-20,2,93.63,Santé Gourmet,Erling Skakkes gate 78,Stavern,Unknown,4110,Norway,1996,12,18,Wednesday,4,-0.013126364152518132,0.07260400460415639
10388,SEVES,2,1996-12-19,1997-01-16,1996-12-20,1,34.86,Seven Seas Imports,90 Wadhurst Rd.,LONDON,Unknown,OX15 4NB,UK,1996,12,19,Thursday,4,-0.24484764007611948,0.057736627075981234
10389,BOTTM,4,1996-12-20,1997-01-17,1996-12-24,2,47.42,Bottom-Dollar Markets,23 Tsawassen Blvd.,tsawassen,BC,T2F 8M4,Canada,1996,12,20,Friday,4,-0.19532544804616486,0.06091400093600982
10390,ERNSH,6,1996-12-23,1997-01-20,1996-12-26,1,126.38,ERNST HANDEL,kirchgasse 6,Graz,Unknown,8010,Austria,1996,12,23,Monday,4,0.11600196299565177,0.08088895634905577
10391,DRACD,3,1996-12-23,1997-01-20,1996-12-31,3,5.45,Drachenblut Delikatessen,Walserweg 21,Aachen,Unknown,52066,Germany,1996,12,23,Monday,4,-0.360806849280018,0.050296613921248685
10392,PICCO,2,1996-12-24,1997-01-21,1997-01-01,3,122.46,PICCOLO UND MEHR,Geislweg 14,Salzburg,Unknown,5020,Austria,1996,12,24,Tuesday,4,0.1005459922347105,0.07989729189592583
10393,SAVEA,1,1996-12-25,1997-01-22,1997-01-03,3,126.56,Save-a-lot Markets,187 suffolk ln.,Boise,ID,83720,USA,1996,12,25,Wednesday,4,0.11671167593875624,0.0809344919616995
10394,HUNGC,1,1996-12-25,1997-01-22,1997-01-03,3,30.34,Hungry Coyote Import Store,CITY CENTER PLAZA 516 MAIN ST.,ELGIN,OR,97827,USA,1996,12,25,Wednesday,4,-0.2626693206474089,0.05659317724737222
10395,HILAA,6,1997-01-03,1997-01-23,1997-01-03,1,184.41,HILARION-ABASTOS,Carrera 22 con Ave. Carlos Soublette #8-35,San Cristóbal,Táchira,5022,Venezuela,1997,1,3,Friday,1,0.34480553015315707,0.09556913191414007
10396,FRANK,1,1996-12-27,1997-01-10,1997-01-06,3,135.35,Frankenversand,Berliner Platz 43,München,Unknown,80805,Germany,1996,12,27,Friday,4,0.1513693246603566,0.08315814771246792
10397,PRINI,5,1996-12-27,1997-01-24,1997-01-02,1,60.26,Princesa Isabel Vinhos,Estrada da saúde n. 58,Lisboa,Unknown,1756,Portugal,1996,12,27,Friday,4,-0.14469925810471443,0.06416220797126197
10398,SAVEA,2,1996-12-30,1997-01-27,1997-01-09,3,89.16,SAVE-A-LOT MARKETS,187 suffolk ln.,BOISE,ID,Unknown,USA,1996,12,30,Monday,4,-0.03075090223961185,0.0714732035568373
10399,VAFFE,8,1996-12-31,1997-01-14,1997-01-08,3,27.36,Vaffeljernet,Smagsloget 45,Århus,Unknown,8200,Denmark,1996,12,31,Tuesday,4,-0.27441901270547137,0.05583930988249283
10400,EASTC,1,1997-01-01,1997-01-29,1997-01-16,3,83.93,EASTERN CONNECTION,35 King George,London,Unknown,WX3 6FW,UK,1997,1,1,Wednesday,1,-0.051372006086479856,0.07015014103391139
10401,RATTC,1,1997-01-01,1997-01-29,,1,12.51,Rattlesnake Canyon Grocery,2817 Milton Dr.,Albuquerque,NM,87110,USA,1997,1,1,Wednesday,1,-0.3329703305115881,0.05208262183938578
10402,ERNSH,8,1997-01-02,1997-02-13,1997-01-10,2,67.88,Ernst Handel,KIRCHGASSE 6,Graz,Unknown,8010,Austria,1997,1,2,Thursday,1,-0.11465474351329294,0.06608988223984619
10403,ERNSH,4,1997-01-03,1997-01-31,1997-01-09,3,73.79,Ernst Handel,Kirchgasse 6,Graz,Unknown,8010,Austria,1997,1,3,Friday,1,-0.09135250188136361,0.06758496818831507
10404,MAGAA,2,1997-01-03,1997-01-31,1997-01-08,1,155.97,MAGAZZINI ALIMENTARI RIUNITI,Via Ludovico il Moro 22,BERGAMO,Unknown,24100,Italy,1997,1,3,Friday,1,0.23267088514265474,0.08837450511643205
10405,LINOD,1,1997-01-06,1997-02-03,1997-01-22,1,34.82,LINO-Delicateses,Ave. 5 de Mayo Porlamar,i. de margarita,Nueva Esparta,4980,Venezuela,1997,1,6,Monday,1,-0.245005354063476,0.057726508050949296
10406,QUEEN,7,1997-01-07,1997-02-18,1997-01-13,1,108.04,Queen Cozinha,"Alameda dos Canàrios, 891",Sao Paulo,SP,05487-020,Brazil,1997,1,7,Tuesday,1,0.043690099792676663,0.07624938337191213
10407,OTTIK,2,1997-01-07,1997-02-04,1997-01-30,2,91.48,Ottilies Käseladen,MEHRHEIMERSTR. 369,köln,Unknown,50739,Germany,1997,1,7,Tuesday,1,-0.021603490972932304,0.07206010700868973
10408,FOLIG,8,1997-01-08,1997-02-05,1997-01-14,1,11.26,folies gourmandes,"184, chaussée de tournai",Lille,Unknown,59000,France,1997,1,8,Wednesday,1,-0.33789889261648004,0.05176640230713771
10409,OCEAN,3,1997-01-09,1997-02-06,1997-01-14,1,29.83,Océano Atlántico Ltda.,Ing. Gustavo Moncada 8585 Piso 20-A,Buenos Aires,Unknown,1010,Argentina,1997,1,9,Thursday,1,-0.2646801739862048,0.056464159678215005
10410,BOTTM,3,1997-01-10,1997-02-07,1997-01-15,3,2.4,Bottom-Dollar Markets,23 tsawassen blvd.,Tsawassen,BC,T2F 8M4,Canada,1997,1,10,Friday,1,-0.3728325408159544,0.04952503826256341
10411,BOTTM,9,1997-01-10,1997-02-07,1997-01-21,3,23.65,Bottom-Dollar Markets,23 Tsawassen Blvd.,Tsawassen,BC,T2F 8M4,Canada,1997,1,10,Friday,1,-0.28904698503279075,0.05490077031078056
10412,WARTH,8,1997-01-13,1997-02-10,1997-01-15,2,3.77,WARTIAN HERKKU,Torikatu 38,Oulu,Unknown,90110,Finland,1997,1,13,Monday,1,-0.36743083674899285,0.049871614869907294
10413,LAMAI,3,1997-01-14,1997-02-11,1997-01-16,2,95.66,la maison d'asie,1 rue Alsace-Lorraine,Toulouse,Unknown,31000,France,1997,1,14,Tuesday,1,-0.00512237929417355,0.07311754512452724
10414,FAMIA,2,1997-01-14,1997-02-11,1997-01-17,3,21.48,Familia Arquibaldo,"rua orós, 92",sao paulo,SP,05442-030,Brazil,1997,1,14,Tuesday,1,-0.2976029688468832,0.05435181320279791
10415,HUNGC,3,1997-01-15,1997-02-12,,1,0.2,Hungry Coyote Import Store,City Center Plaza 516 Main St.,Elgin,OR,97827,USA,1997,1,15,Wednesday,1,-0.3815068101205643,0.048968491885806806
10416,WARTH,8,1997-01-16,1997-02-13,1997-01-27,3,22.72,WARTIAN HERKKU,Torikatu 38,Oulu,Unknown,90110,Finland,1997,1,16,Thursday,1,-0.2927138352388304,0.054665502978788
10417,SIMOB,4,1997-01-16,1997-02-13,1997-01-28,3,70.29,Simons bistro,Vinbæltet 34,kobenhavn,Unknown,1734,Denmark,1997,1,16,Thursday,1,-0.10515247577506115,0.06669955349802048
10418,QUICK,4,1997-01-17,1997-02-14,1997-01-24,1,17.55,QUICK-Stop,TAUCHERSTRASSE 10,Cunewalde,Unknown,01307,Germany,1997,1,17,Friday,1,-0.3130983681046636,0.05335761899340999
10419,RICSU,4,1997-01-20,1997-02-17,1997-01-30,2,137.35,Richter Supermarkt,Starenweg 5,Genève,Unknown,1204,Switzerland,1997,1,20,Monday,1,0.15925502402818378,0.08366409896406482
10420,WELLI,3,1997-01-21,1997-02-18,1997-01-27,1,44.12,Wellington Importadora,"Rua do Mercado, 12",resende,SP,08737-363,Brazil,1997,1,21,Tuesday,1,-0.2083368520030797,0.06007918137087492
10421,QUEDE,8,1997-01-21,1997-03-04,1997-01-27,1,99.23,Que Delícia,"Rua da Panificadora, 12",Rio de Janeiro,RJ,02389-673,Brazil,1997,1,21,Tuesday,1,0.008953594077397976,0.07402066810862774
10422,FRANS,2,1997-01-22,1997-02-19,1997-01-31,1,3.02,Franchi S.p.A.,Via Monte Bianco 34,Torino,Unknown,10100,Italy,1997,1,22,Wednesday,1,-0.370387974011928,0.04968188315055845
10423,GOURL,6,1997-01-23,1997-02-06,1997-02-24,3,24.5,Gourmet Lanchonetes,"Av. Brasil, 442",Campinas,SP,04876-786,Brazil,1997,1,23,Thursday,1,-0.2856955628014642,0.05511579959270924
10424,MEREP,7,1997-01-23,1997-02-20,1997-01-27,2,370.61,Mère Paillarde,43 rue St. Laurent,Montréal,Québec,H1J 1C3,Canada,1997,1,23,Thursday,1,1.0789641412978668,0.1426731934378123
10425,LAMAI,6,1997-01-24,1997-02-21,1997-02-14,2,7.93,La maison d'Asie,1 rue Alsace-Lorraine,Toulouse,Unknown,31000,France,1997,1,24,Friday,1,-0.3510285820639123,0.05092399347322886
10426,GALED,4,1997-01-27,1997-02-24,1997-02-06,1,18.69,Galería del gastronómo,"Rambla de Cataluña, 23",Barcelona,Unknown,8022,Spain,1997,1,27,Monday,1,-0.30860351946500214,0.05364601120682023
10427,PICCO,4,1997-01-27,1997-02-24,1997-03-03,2,31.29,Piccolo und mehr,Geislweg 14,Salzburg,Unknown,5020,Austria,1997,1,27,Monday,1,-0.258923613447691,0.056833504091880746
10428,REGGC,7,1997-01-28,1997-02-25,1997-02-04,1,11.09,Reggiani Caseifici,Strada Provinciale 124,Reggio Emilia,Unknown,42100,Italy,1997,1,28,Tuesday,1,-0.33856917706274536,0.051723396450751975
10429,HUNGO,3,1997-01-29,1997-03-12,1997-02-07,2,56.63,HUNGRY OWL ALL-NIGHT GROCERS,8 johnstown road,cork,Co. Cork,Unknown,Ireland,1997,1,29,Wednesday,1,-0.15901180245732074,0.06324390644961358
10430,ERNSH,4,1997-01-30,1997-02-13,1997-02-03,1,458.78,ERNST HANDEL,Kirchgasse 6,Graz,Unknown,8010,Austria,1997,1,30,Thursday,1,1.4266051979285272,0.16497805436446197
10431,BOTTM,4,1997-01-30,1997-02-13,1997-02-07,2,44.17,Bottom-Dollar Markets,23 Tsawassen Blvd.,Tsawassen,BC,T2F 8M4,Canada,1997,1,30,Thursday,1,-0.208139709518884,0.06009183015216485
10432,SPLIR,3,1997-01-31,1997-02-14,1997-02-07,2,4.34,SPLIT RAIL BEER & ALE,P.O. Box 555,Lander,WY,82520,USA,1997,1,31,Friday,1,-0.3651834124291621,0.05001581097661241
10433,PRINI,3,1997-02-03,1997-03-03,1997-03-04,3,73.83,Princesa Isabel Vinhos,Estrada da saúde n. 58,LISBOA,Unknown,1756,Portugal,1997,2,3,Monday,1,-0.09119478789400709,0.06759508721334699
10434,FOLKO,3,1997-02-03,1997-03-03,1997-02-13,2,17.92,Folk och fä HB,åkergatan 24,BRÄCKE,Unknown,S-844 67,Sweden,1997,2,3,Monday,1,-0.3116395137216156,0.05345121997495542
10435,CONSH,8,1997-02-04,1997-03-18,1997-02-07,2,9.21,Consolidated Holdings,berkeley gardens 12 brewery,London,Unknown,WX1 6LT,UK,1997,2,4,Tuesday,1,-0.3459817344685029,0.05124780227425088
10436,BLONP,3,1997-02-05,1997-03-05,1997-02-11,2,156.66,BLONDEL PÈRE ET FILS,"24, place Kléber",Strasbourg,Unknown,67000,France,1997,2,5,Wednesday,1,0.23539145142455511,0.08854905829823297
10437,WARTH,8,1997-02-05,1997-03-05,1997-02-12,1,19.97,Wartian Herkku,TORIKATU 38,Oulu,Unknown,90110,Finland,1997,2,5,Wednesday,1,-0.30355667186959273,0.05396982000784225
10438,TOMSP,3,1997-02-06,1997-03-06,1997-02-14,2,8.24,TOMS SPEZIALITÄTEN,Luisenstr. 48,Münster,Unknown,44087,Germany,1997,2,6,Thursday,1,-0.3498062986618991,0.05100241591722638
10439,MEREP,6,1997-02-07,1997-03-07,1997-02-10,3,4.07,Mère Paillarde,43 rue st. laurent,Montréal,Québec,H1J 1C3,Canada,1997,2,7,Friday,1,-0.3662479818438188,0.04994750755764682
10440,SAVEA,4,1997-02-10,1997-03-10,1997-02-28,2,86.53,Save-a-lot Markets,187 Suffolk Ln.,Boise,ID,83720,USA,1997,2,10,Monday,1,-0.04112059690830456,0.07080787766098737
10441,OLDWO,3,1997-02-10,1997-03-24,1997-03-14,2,73.02,Old World Delicatessen,2743 BERING ST.,Anchorage,AK,99508,USA,1997,2,10,Monday,1,-0.0943884961379771,0.06739017695645025
10442,ERNSH,3,1997-02-11,1997-03-11,1997-02-18,2,47.94,ernst handel,Kirchgasse 6,Graz,Unknown,8010,Austria,1997,2,11,Tuesday,1,-0.19327516621052981,0.06104554826142501
10443,REGGC,8,1997-02-12,1997-03-12,1997-02-14,1,13.95,Reggiani Caseifici,STRADA PROVINCIALE 124,Reggio Emilia,Unknown,42100,Italy,1997,2,12,Wednesday,1,-0.32729262696675254,0.05244690674053555
10444,BERGS,3,1997-02-12,1997-03-12,1997-02-21,3,3.5,Berglunds snabbköp,berguvsvägen 8,Luleå,Unknown,S-958 22,Sweden,1997,2,12,Wednesday,1,-0.3684954061636495,0.049803311450941704
10445,BERGS,3,1997-02-13,1997-03-13,1997-02-20,1,9.3,BERGLUNDS SNABBKÖP,berguvsvägen 8,luleå,Unknown,S-958 22,Sweden,1997,2,13,Thursday,1,-0.3456268779969507,0.051270570080572744
10446,TOMSP,6,1997-02-14,1997-03-14,1997-02-19,1,14.68,Toms Spezialitäten,Luisenstr. 48,Münster,Unknown,44087,Germany,1997,2,14,Friday,1,-0.3244143466974956,0.052631578947368425
10447,RICAR,4,1997-02-14,1997-03-14,1997-03-07,2,68.66,Ricardo Adocicados,"AV. COPACABANA, 267",Rio de Janeiro,RJ,02389-890,Brazil,1997,2,14,Friday,1,-0.11157932075984034,0.06628720322796898
10448,RANCH,4,1997-02-17,1997-03-17,1997-02-24,2,38.82,RANCHO GRANDE,Av. del Libertador 900,BUENOS AIRES,Unknown,1010,Argentina,1997,2,17,Monday,1,-0.22923395532782168,0.05873841055414311
10449,BLONP,3,1997-02-18,1997-03-18,1997-02-27,2,53.3,Blondel père et fils,"24, place Kléber",strasbourg,Unknown,67000,France,1997,2,18,Tuesday,1,-0.172141491904753,0.06240149761570473
10450,VICTE,8,1997-02-19,1997-03-19,1997-03-11,2,7.23,Victuailles en stock,"2, rue du commerce",lyon,Unknown,69004,France,1997,2,19,Wednesday,1,-0.3537885768426518,0.050746910535169935
10451,QUICK,4,1997-02-19,1997-03-05,1997-03-12,3,189.09,QUICK-Stop,TAUCHERSTRASSE 10,cunewalde,Unknown,01307,Germany,1997,2,19,Wednesday,1,0.36325806667387267,0.09675305784287686
10452,SAVEA,8,1997-02-20,1997-03-20,1997-02-26,1,140.26,Save-a-lot Markets,187 Suffolk Ln.,Boise,ID,83720,USA,1997,2,20,Thursday,1,0.1707287166083723,0.08440025803513831
10453,AROUT,1,1997-02-21,1997-03-21,1997-02-26,2,25.36,AROUND THE HORN,Brook Farm Stratford St. Mary,COLCHESTER,Essex,CO7 6JX,UK,1997,2,21,Friday,1,-0.28230471207329855,0.05533335863089592
10454,LAMAI,4,1997-02-21,1997-03-21,1997-02-25,3,2.74,LA MAISON D'ASIE,1 rue Alsace-Lorraine,Toulouse,Unknown,31000,France,1997,2,21,Friday,1,-0.3714919719234238,0.04961104997533488
10455,WARTH,8,1997-02-24,1997-04-07,1997-03-03,2,180.45,wartian herkku,Torikatu 38,Oulu,Unknown,90110,Finland,1997,2,24,Monday,1,0.32919184540485924,0.0945673484359782
10456,KOENE,8,1997-02-25,1997-04-08,1997-02-28,2,8.12,Königlich Essen,Maubelstr. 90,Brandenburg,Unknown,14776,Germany,1997,2,25,Tuesday,1,-0.3502794406239687,0.05097205884213057
10457,KOENE,2,1997-02-25,1997-03-25,1997-03-03,1,11.57,königlich essen,Maubelstr. 90,Brandenburg,Unknown,14776,Germany,1997,2,25,Tuesday,1,-0.3366766092144669,0.05184482475113523
10458,SUPRD,7,1997-02-26,1997-03-26,1997-03-04,3,147.06,SUPRÊMES DÉLICES,"Boulevard Tirou, 255",CHARLEROI,Unknown,B-6000,Belgium,1997,2,26,Wednesday,1,0.1975400944589847,0.08612049229056781
10459,VICTE,4,1997-02-27,1997-03-27,1997-02-28,2,25.09,Victuailles en stock,"2, RUE DU COMMERCE",Lyon,Unknown,69004,France,1997,2,27,Thursday,1,-0.2833692814879552,0.055265055211930335
10460,FOLKO,8,1997-02-28,1997-03-28,1997-03-03,1,16.27,folk och fä hb,åkergatan 24,Bräcke,Unknown,S-844 67,Sweden,1997,2,28,Friday,1,-0.31814521570007304,0.05303381019238797
10461,LILAS,1,1997-02-28,1997-03-28,1997-03-05,3,148.61,LILA-Supermercado,CARRERA 52 CON AVE. BOLÍVAR #65-98 LLANO LARGO,Barquisimeto,Lara,3508,Venezuela,1997,2,28,Friday,1,0.2036515114690508,0.08651260451055541
10462,CONSH,2,1997-03-03,1997-03-31,1997-03-18,1,6.17,Consolidated Holdings,Berkeley Gardens 12 Brewery,london,Unknown,WX1 6LT,UK,1997,3,3,Monday,1,-0.3579679975076002,0.05047875637182358
10463,SUPRD,5,1997-03-04,1997-04-01,1997-03-06,3,14.78,Suprêmes délices,"Boulevard Tirou, 255",Charleroi,Unknown,B-6000,Belgium,1997,3,4,Tuesday,1,-0.32402006172910425,0.05265687650994827
10464,FURIB,4,1997-03-04,1997-04-01,1997-03-14,2,89.0,Furia Bacalhau e Frutos do Mar,jardim das rosas n. 32,Lisboa,Unknown,1675,Portugal,1997,3,4,Tuesday,1,-0.03138175818903801,0.07143272745670955
10465,VAFFE,1,1997-03-05,1997-04-02,1997-03-14,3,145.04,Vaffeljernet,Smagsloget 45,ÅRHUS,Unknown,8200,Denmark,1997,3,5,Wednesday,1,0.18957553809747923,0.08560948152645492
10466,COMMI,4,1997-03-06,1997-04-03,1997-03-13,1,11.93,comércio mineiro,"Av. dos Lusíadas, 23",Sao Paulo,SP,05432-043,Brazil,1997,3,6,Thursday,1,-0.33525718332825793,0.051935895976422675
10467,MAGAA,8,1997-03-06,1997-04-03,1997-03-11,2,4.93,Magazzini Alimentari Riuniti,via ludovico il moro 22,Bergamo,Unknown,24100,Italy,1997,3,6,Thursday,1,-0.36285713111565304,0.050165066595833495
10468,KOENE,3,1997-03-07,1997-04-04,1997-03-12,3,573.56,Königlich Essen,MAUBELSTR. 90,Brandenburg,Unknown,14776,Germany,1997,3,7,Friday,1,1.8791654846481285,0.19401459669360857
10469,WHITC,1,1997-03-10,1997-04-07,1997-03-14,1,60.18,White Clover Markets,1029 - 12th Ave. S.,Seattle,WA,98124,USA,1997,3,10,Monday,1,-0.14501468607942752,0.0641419699211981
10470,BONAP,4,1997-03-11,1997-04-08,1997-03-14,2,64.56,Bon app',"12, rue des Bouchers",MARSEILLE,Unknown,13008,France,1997,3,11,Tuesday,1,-0.127745004463886,0.06525000316219533
10471,BSBEV,2,1997-03-11,1997-04-08,1997-03-18,3,45.59,b's beverages,Fauntleroy Circus,London,Unknown,EC2 5NT,UK,1997,3,11,Tuesday,1,-0.2025408629677267,0.060451055540798646
10472,SEVES,8,1997-03-12,1997-04-09,1997-03-19,1,4.2,seven seas imports,90 WADHURST RD.,London,Unknown,OX15 4NB,UK,1997,3,12,Wednesday,1,-0.36573541138490995,0.04998039438900062
10473,ISLAT,1,1997-03-13,1997-03-27,1997-03-21,3,16.37,Island Trading,Garden House Crowther Way,Cowes,Isle of Wight,PO31 7PJ,UK,1997,3,13,Thursday,1,-0.31775093073168165,0.05305910775496781
10474,PERIC,5,1997-03-13,1997-04-10,1997-03-21,2,83.49,Pericles Comidas clásicas,calle dr. jorge cash 321,México D.F.,Unknown,05033,Mexico,1997,3,13,Thursday,1,-0.05310685994740188,0.07003883175856007
10475,SUPRD,9,1997-03-14,1997-04-11,1997-04-04,1,68.52,Suprêmes délices,"Boulevard Tirou, 255",Charleroi,Unknown,B-6000,Belgium,1997,3,14,Friday,1,-0.11213131971558823,0.0662517866403572
10476,HILAA,8,1997-03-17,1997-04-14,1997-03-24,3,4.41,HILARION-Abastos,Carrera 22 con Ave. Carlos Soublette #8-35,San Cristóbal,Táchira,5022,Venezuela,1997,3,17,Monday,1,-0.36490741295128815,0.0500335192704183
10477,PRINI,5,1997-03-17,1997-04-14,1997-03-25,2,13.02,Princesa Isabel Vinhos,Estrada da saúde n. 58,LISBOA,Unknown,1756,Portugal,1997,3,17,Monday,1,-0.33095947717279217,0.052211639408542995
10478,VICTE,2,1997-03-18,1997-04-01,1997-03-26,3,4.81,victuailles en stock,"2, rue du Commerce",lyon,Unknown,69004,France,1997,3,18,Tuesday,1,-0.3633302730777227,0.05013470952073768
10479,RATTC,3,1997-03-19,1997-04-16,1997-03-21,3,708.95,rattlesnake canyon grocery,2817 Milton Dr.,ALBUQUERQUE,NM,87110,USA,1997,3,19,Wednesday,1,2.412987903353189,0.2282649666704613
10480,FOLIG,6,1997-03-20,1997-04-17,1997-03-24,2,1.35,Folies gourmandes,"184, chaussée de tournai",Lille,Unknown,59000,France,1997,3,20,Thursday,1,-0.3769725329840637,0.049259413855475026
10481,RICAR,8,1997-03-20,1997-04-17,1997-03-25,2,64.33,Ricardo Adocicados,"Av. Copacabana, 267",rio de janeiro,RJ,02389-890,Brazil,1997,3,20,Thursday,1,-0.12865185989118616,0.06519181876826168
10482,LAZYK,1,1997-03-21,1997-04-18,1997-04-10,3,7.48,Lazy K Kountry Store,12 Orchestra Terrace,Walla Walla,WA,99362,USA,1997,3,21,Friday,1,-0.3528028644216734,0.05081015444161955
10483,WHITC,7,1997-03-24,1997-04-21,1997-04-25,2,15.28,White Clover Markets,1029 - 12th Ave. S.,Seattle,WA,98124,USA,1997,3,24,Monday,1,-0.32204863688714747,0.0527833643228475
10484,BSBEV,3,1997-03-24,1997-04-21,1997-04-01,3,6.88,B's Beverages,Fauntleroy Circus,London,Unknown,EC2 5NT,UK,1997,3,24,Monday,1,-0.3551685742320216,0.05065836906614048
10485,LINOD,4,1997-03-25,1997-04-08,1997-03-31,2,64.45,LINO-Delicateses,AVE. 5 DE MAYO PORLAMAR,i. de margarita,Nueva Esparta,4980,Venezuela,1997,3,25,Tuesday,1,-0.1281787179291165,0.06522217584335749
10486,HILAA,1,1997-03-26,1997-04-23,1997-04-02,2,30.53,HILARION-Abastos,Carrera 22 con Ave. Carlos Soublette #8-35,San Cristóbal,Táchira,5022,Venezuela,1997,3,26,Wednesday,1,-0.2619201792074653,0.05664124261627393
10487,QUEEN,2,1997-03-26,1997-04-23,1997-03-28,2,71.07,Queen Cozinha,"Alameda dos Canàrios, 891",SAO PAULO,SP,05487-020,Brazil,1997,3,26,Wednesday,1,-0.1020770530216086,0.06689687448614326
10488,FRANK,8,1997-03-27,1997-04-24,1997-04-02,2,4.93,Frankenversand,Berliner Platz 43,München,Unknown,80805,Germany,1997,3,27,Thursday,1,-0.36285713111565304,0.050165066595833495
10489,PICCO,6,1997-03-28,1997-04-25,1997-04-09,2,5.29,Piccolo und mehr,Geislweg 14,Salzburg,Unknown,5020,Austria,1997,3,28,Friday,1,-0.36143770522944413,0.050256137821120934
10490,HILAA,7,1997-03-31,1997-04-28,1997-04-03,2,210.19,hilarion-abastos,carrera 22 con ave. carlos soublette #8-35,San Cristóbal,Táchira,5022,Venezuela,1997,3,31,Monday,1,0.44645219500444927,0.10209084354722422
10491,FURIB,8,1997-03-31,1997-04-28,1997-04-08,3,16.96,FURIA BACALHAU E FRUTOS DO MAR,Jardim das rosas n. 32,LISBOA,Unknown,1675,Portugal,1997,3,31,Monday,1,-0.3154246494181726,0.053208363374188904
10492,BOTTM,3,1997-04-01,1997-04-29,1997-04-11,1,62.89,Bottom-Dollar Markets,23 tsawassen blvd.,Tsawassen,BC,T2F 8M4,Canada,1997,4,1,Tuesday,2,-0.1343295634360217,0.0648275338671119
10493,LAMAI,4,1997-04-02,1997-04-30,1997-04-10,3,-10.64,La maison d'Asie,1 RUE ALSACE-LORRAINE,Toulouse,Unknown,31000,France,1997,4,2,Wednesday,2,-0.4242473006941876,0.04622623610215156
10494,COMMI,4,1997-04-02,1997-04-30,1997-04-09,2,65.99,Comércio Mineiro,"Av. dos Lusíadas, 23",SAO PAULO,SP,05432-043,Brazil,1997,4,2,Wednesday,2,-0.12210672941588961,0.06561175830708711
10495,LAUGB,3,1997-04-03,1997-05-01,1997-04-11,3,4.65,Laughing Bacchus Wine Cellars,2319 elm st.,Vancouver,BC,V3F 2K1,Canada,1997,4,3,Thursday,2,-0.36396112902714883,0.05009423342060993
10496,TRADH,7,1997-04-04,1997-05-02,1997-04-07,2,46.77,Tradiçao Hipermercados,"Av. Inês de Castro, 414",Sao Paulo,SP,05634-030,Brazil,1997,4,4,Friday,2,-0.19788830034070867,0.06074956677924083
10497,LEHMS,7,1997-04-04,1997-05-02,1997-04-07,1,36.21,LEHMANNS MARKTSTAND,magazinweg 7,Frankfurt a.M.,Unknown,60528,Germany,1997,4,4,Friday,2,-0.23952479300283613,0.05807814417080915
10498,HILAA,8,1997-04-07,1997-05-05,1997-04-11,2,29.75,HILARION-Abastos,Carrera 22 con Ave. Carlos Soublette #8-35,San Cristóbal,Táchira,5022,Venezuela,1997,4,7,Monday,2,-0.26499560196091787,0.05644392162815113
10499,LILAS,4,1997-04-08,1997-05-06,1997-04-16,2,102.02,LILA-Supermercado,Carrera 52 con Ave. Bolívar #65-98 Llano Largo,Barquisimeto,Lara,3508,Venezuela,1997,4,8,Tuesday,2,0.019954144695516846,0.07472647010460542
10500,LAMAI,6,1997-04-09,1997-05-07,1997-04-17,1,42.68,La maison d'Asie,1 rue Alsace-Lorraine,Toulouse,Unknown,31000,France,1997,4,9,Wednesday,2,-0.21401455554791524,0.059714896469725144
10501,ZZZZZ,9,1997-04-09,1997-05-07,1997-04-16,3,8.85,Blauer See Delikatessen,FORSTERSTR. 57,MANNHEIM,Unknown,68306,Germany,1997,4,9,Wednesday,2,-0.34740116035471186,0.051156731048963434
10502,PERIC,2,1997-04-10,1997-05-08,1997-04-29,1,69.32,Pericles Comidas clásicas,Calle Dr. Jorge Cash 321,México D.F.,Unknown,05033,Mexico,1997,4,10,Thursday,2,-0.10897703996845738,0.06645416714099597
10503,HUNGO,6,1997-04-11,1997-05-09,1997-04-16,2,16.74,Hungry Owl All-Night Grocers,8 JOHNSTOWN ROAD,Cork,Co. Cork,Unknown,Ireland,1997,4,11,Friday,2,-0.31629207634863366,0.053152708736513246
10504,WHITC,4,1997-04-11,1997-05-09,1997-04-18,3,59.13,White Clover Markets,1029 - 12TH AVE. S.,Seattle,WA,98124,USA,1997,4,11,Friday,2,-0.14915467824753678,0.06387634551410971
10505,MEREP,3,1997-04-14,1997-05-12,1997-04-21,3,7.13,mère paillarde,43 rue St. Laurent,montréal,Québec,H1J 1C3,Canada,1997,4,14,Monday,2,-0.3541828618110432,0.05072161297259009
10506,KOENE,9,1997-04-15,1997-05-13,1997-05-02,2,21.19,Königlich Essen,Maubelstr. 90,Brandenburg,Unknown,14776,Germany,1997,4,15,Tuesday,2,-0.2987463952552182,0.054278450271316364
10507,ANTON,7,1997-04-15,1997-05-13,1997-04-22,1,47.45,Antonio Moreno Taquería,mataderos 2312,México D.F.,Unknown,05023,Mexico,1997,4,15,Tuesday,2,-0.19520716255564743,0.06092159020478377
10508,OTTIK,1,1997-04-16,1997-05-14,,2,4.99,Ottilies Käseladen,Mehrheimerstr. 369,KÖLN,Unknown,50739,Germany,1997,4,16,Wednesday,2,-0.36262056013461824,0.0501802451333814
10509,BLAUS,4,1997-04-17,1997-05-15,1997-04-29,1,0.15,Blauer See Delikatessen,Forsterstr. 57,Mannheim,Unknown,68306,Germany,1997,4,17,Thursday,2,-0.38170395260476,0.04895584310451689
10510,SAVEA,6,1997-04-18,1997-05-16,1997-04-28,3,367.63,SAVE-A-LOT MARKETS,187 Suffolk Ln.,boise,ID,83720,USA,1997,4,18,Friday,2,1.0672144492398041,0.14191932607293287
10511,BONAP,4,1997-04-18,1997-05-16,1997-04-21,3,350.64,Bon app',"12, rue des Bouchers",MARSEILLE,Unknown,13008,France,1997,4,18,Friday,2,1.0002254331101121,0.13762127019061715
10512,FAMIA,7,1997-04-21,1997-05-19,1997-04-24,2,3.53,Familia Arquibaldo,"Rua Orós, 92",Sao Paulo,SP,05442-030,Brazil,1997,4,21,Monday,2,-0.36837712067313205,0.04981090071971566
10513,WANDK,7,1997-04-22,1997-06-03,1997-04-28,1,105.65,Die Wandernde Kuh,Adenauerallee 900,stuttgart,Unknown,70563,Germany,1997,4,22,Tuesday,2,0.034266689048123196,0.07564477162625381
10514,ERNSH,3,1997-04-22,1997-05-20,1997-05-16,2,789.95,Ernst Handel,kirchgasse 6,Graz,Unknown,8010,Austria,1997,4,22,Tuesday,2,2.7323587277501895,0.24875599236013612
10515,QUICK,2,1997-04-23,1997-05-07,1997-05-23,1,204.47,QUICK-STOP,Taucherstraße 10,cunewalde,Unknown,01307,Germany,1997,4,23,Wednesday,2,0.4238990948124636,0.10064382296765707
10516,HUNGO,2,1997-04-24,1997-05-22,1997-05-01,3,62.78,HUNGRY OWL ALL-NIGHT GROCERS,8 Johnstown Road,Cork,Co. Cork,Unknown,Ireland,1997,4,24,Thursday,2,-0.1347632769012522,0.06479970654827408
10517,NORTS,3,1997-04-24,1997-05-22,1997-04-29,3,32.07,North/South,south house 300 queensbridge,London,Unknown,SW7 1RZ,UK,1997,4,24,Thursday,2,-0.2558481906942384,0.057030825080003546
10518,TORTU,4,1997-04-25,1997-05-09,1997-05-05,2,218.15,Tortuga Restaurante,avda. azteca 123,MÉXICO D.F.,Unknown,05033,Mexico,1997,4,25,Friday,2,0.47783727848840146,0.10410452952857992
10519,CHOPS,6,1997-04-28,1997-05-26,1997-05-01,3,91.76,CHOP-SUEY CHINESE,Hauptstr. 31,bern,Unknown,3012,Switzerland,1997,4,28,Monday,2,-0.020499493061436495,0.07213094018391328
10520,SANTG,7,1997-04-29,1997-05-27,1997-05-01,1,13.37,Santé Gourmet,Erling Skakkes gate 78,Stavern,Unknown,4110,Norway,1997,4,29,Tuesday,2,-0.3295794797834224,0.052300180877572454
10521,CACTU,8,1997-04-29,1997-05-27,1997-05-02,2,17.22,Cactus Comidas para llevar,Cerrito 333,Buenos Aires,Unknown,1010,Argentina,1997,4,29,Tuesday,2,-0.31439950850035514,0.0532741370368965
10522,LEHMS,4,1997-04-30,1997-05-28,1997-05-06,1,45.33,Lehmanns Marktstand,Magazinweg 7,Frankfurt a.M.,Unknown,60528,Germany,1997,4,30,Wednesday,2,-0.20356600388554424,0.06038528187809104
10523,SEVES,7,1997-05-01,1997-05-29,1997-05-30,2,77.63,Seven Seas Imports,90 Wadhurst Rd.,London,Unknown,OX15 4NB,UK,1997,5,1,Thursday,2,-0.07621195909513548,0.06855639459138112
10524,BERGS,1,1997-05-01,1997-05-29,1997-05-07,2,244.79,Berglunds snabbköp,Berguvsvägen 8,Luleå,Unknown,S-958 22,Sweden,1997,5,1,Thursday,2,0.5828747940678592,0.11084380019985074
10525,BONAP,1,1997-05-02,1997-05-30,1997-05-23,2,11.06,Bon app',"12, rue des Bouchers",Marseille,Unknown,13008,France,1997,5,2,Friday,2,-0.33868746255326276,0.05171580718197802
10526,WARTH,4,1997-05-05,1997-06-02,1997-05-15,2,58.59,Wartian Herkku,Torikatu 38,Oulu,Unknown,90110,Finland,1997,5,5,Monday,2,-0.1512838170768501,0.06373973867617856
10527,QUICK,7,1997-05-05,1997-06-02,1997-05-07,1,41.9,QUICK-Stop,Taucherstraße 10,cunewalde,Unknown,01307,Germany,1997,5,5,Monday,2,-0.21708997830136784,0.05951757548160235
10528,GREAL,6,1997-05-06,1997-05-20,1997-05-09,2,3.35,Great Lakes Food Market,2732 baker blvd.,EUGENE,OR,97403,USA,1997,5,6,Tuesday,2,-0.36908683361623656,0.049765365107071934
10529,MAISD,5,1997-05-07,1997-06-04,1997-05-09,2,66.69,Maison Dewey,Rue Joseph-Bens 532,bruxelles,Unknown,B-1180,Belgium,1997,5,7,Wednesday,2,-0.11934673463715009,0.06578884124514603
10530,PICCO,3,1997-05-08,1997-06-05,1997-05-12,2,339.22,Piccolo und mehr,Geislweg 14,salzburg,Unknown,5020,Austria,1997,5,8,Thursday,2,0.9551980897198192,0.1347322885439988
10531,OCEAN,7,1997-05-08,1997-06-05,1997-05-19,1,8.12,Océano Atlántico Ltda.,Ing. Gustavo Moncada 8585 Piso 20-A,Buenos Aires,Unknown,1010,Argentina,1997,5,8,Thursday,2,-0.3502794406239687,0.05097205884213057
10532,EASTC,7,1997-05-09,1997-06-06,1997-05-12,3,74.46,EASTERN CONNECTION,35 king george,London,Unknown,WX3 6FW,UK,1997,5,9,Friday,2,-0.08871079259314156,0.06775446185760002
10533,FOLKO,8,1997-05-12,1997-06-09,1997-05-22,1,188.04,FOLK OCH FÄ HB,ÅKERGATAN 24,Bräcke,Unknown,S-844 67,Sweden,1997,5,12,Monday,2,0.3591180745057634,0.09648743343578846
10534,LEHMS,8,1997-05-12,1997-06-09,1997-05-14,2,27.94,lehmanns marktstand,Magazinweg 7,Frankfurt a.M.,Unknown,60528,Germany,1997,5,12,Monday,2,-0.2721321598888015,0.05598603574545593
10535,ANTON,4,1997-05-13,1997-06-10,1997-05-21,1,15.64,antonio moreno taquería,Mataderos 2312,México D.F.,Unknown,05023,Mexico,1997,5,13,Tuesday,2,-0.32062921100093855,0.05287443554813494
10536,LEHMS,3,1997-05-14,1997-06-11,1997-06-06,2,58.88,Lehmanns Marktstand,Magazinweg 7,Frankfurt a.M.,Unknown,60528,Germany,1997,5,14,Wednesday,2,-0.15014039066851517,0.0638131016076601
10537,RICSU,1,1997-05-14,1997-05-28,1997-05-19,1,78.85,Richter Supermarkt,STARENWEG 5,Genève,Unknown,1204,Switzerland,1997,5,14,Wednesday,2,-0.07140168248076091,0.06886502485485524
10538,BSBEV,9,1997-06-12,1997-06-12,1997-06-12,3,4.87,B'S BEVERAGES,fauntleroy circus,London,Unknown,EC2 5NT,UK,1997,6,12,Thursday,2,-0.36309370209668784,0.05014988805828559
10539,BSBEV,6,1997-05-16,1997-06-13,1997-05-23,3,12.36,B's Beverages,FAUNTLEROY CIRCUS,London,Unknown,EC2 5NT,UK,1997,5,16,Friday,2,-0.33356175796417514,0.052044675495516016
10540,QUICK,3,1997-05-19,1997-06-16,1997-06-13,3,1007.64,QUICK-Stop,Taucherstraße 10,CUNEWALDE,Unknown,01307,Germany,1997,5,19,Monday,2,3.5906776754413374,0.3038262563402016
10541,HANAR,2,1997-05-19,1997-06-16,1997-05-29,1,68.65,Hanari Carnes,"Rua do Paço, 67",RIO DE JANEIRO,RJ,Unknown,Brazil,1997,5,19,Monday,2,-0.11161874925667943,0.066284673471711
10542,KOENE,1,1997-05-20,1997-06-17,1997-05-26,3,10.95,Königlich Essen,maubelstr. 90,Brandenburg,Unknown,14776,Germany,1997,5,20,Tuesday,2,-0.3391211760184933,0.051687979863140186
10543,LILAS,8,1997-05-21,1997-06-18,1997-05-23,2,48.17,LILA-Supermercado,Carrera 52 con Ave. Bolívar #65-98 Llano Largo,Barquisimeto,Lara,3508,Venezuela,1997,5,21,Wednesday,2,-0.19236831078322966,0.061103732655358664
10544,LONEP,4,1997-05-21,1997-06-18,1997-05-30,1,24.91,Lonesome Pine Restaurant,89 Chiaroscuro Rd.,PORTLAND,OR,97219,USA,1997,5,21,Wednesday,2,-0.28407899443105966,0.055219519599286615
10545,LAZYK,8,1997-05-22,1997-06-19,1997-06-26,2,11.92,Lazy K Kountry Store,12 ORCHESTRA TERRACE,WALLA WALLA,WA,99362,USA,1997,5,22,Thursday,2,-0.3352966118250971,0.05193336622016469
10546,VICTE,1,1997-05-23,1997-06-20,1997-05-27,3,194.72,Victuailles en stock,"2, rue du Commerce",Lyon,Unknown,69004,France,1997,5,23,Friday,2,0.38545631039430617,0.09817731061612214
10547,SEVES,3,1997-05-23,1997-06-20,1997-06-02,2,178.43,Seven Seas Imports,90 Wadhurst Rd.,london,Unknown,OX15 4NB,UK,1997,5,23,Friday,2,0.3212272890433539,0.09405633767186532
10548,TOMSP,3,1997-05-26,1997-06-23,1997-06-02,2,1.43,TOMS SPEZIALITÄTEN,Luisenstr. 48,Münster,Unknown,44087,Germany,1997,5,26,Monday,2,-0.37665710500935057,0.04927965190553891
10549,QUICK,5,1997-05-27,1997-06-10,1997-05-30,1,171.24,QUICK-Stop,TAUCHERSTRASSE 10,Cunewalde,Unknown,01307,Germany,1997,5,27,Tuesday,2,0.2928781998160152,0.09223744292237444
10550,GODOS,7,1997-05-28,1997-06-25,1997-06-06,3,4.32,Godos Cocina Típica,"c/ romero, 33",Sevilla,Unknown,41101,Spain,1997,5,28,Wednesday,2,-0.3652622694228404,0.050010751464096434
10551,FURIB,4,1997-05-28,1997-07-09,1997-06-06,3,72.95,Furia Bacalhau e Frutos do Mar,JARDIM DAS ROSAS N. 32,Lisboa,Unknown,1675,Portugal,1997,5,28,Wednesday,2,-0.09466449561585102,0.06737246866264436
10552,HILAA,2,1997-05-29,1997-06-26,1997-06-05,1,83.22,HILARION-Abastos,Carrera 22 con Ave. Carlos Soublette #8-35,SAN CRISTÓBAL,Táchira,5022,Venezuela,1997,5,29,Thursday,2,-0.054171429362058536,0.0699705283395945
10553,WARTH,2,1997-05-30,1997-06-27,1997-06-03,2,149.49,wartian herkku,Torikatu 38,Oulu,Unknown,90110,Finland,1997,5,30,Friday,2,0.20712121919089477,0.08673522306125805
10554,OTTIK,4,1997-05-30,1997-06-27,1997-06-05,3,120.97,Ottilies Käseladen,Mehrheimerstr. 369,Köln,Unknown,50739,Germany,1997,5,30,Friday,2,0.09467114620567928,0.07952035821348614
10555,SAVEA,6,1997-06-02,1997-06-30,1997-06-04,3,252.49,Save-a-lot Markets,187 Suffolk Ln.,Boise,ID,83720,USA,1997,6,2,Monday,2,0.613234736633994,0.11279171251849886
10556,SIMOB,2,1997-06-03,1997-07-15,1997-06-13,1,9.8,SIMONS BISTRO,Vinbæltet 34,Kobenhavn,Unknown,1734,Denmark,1997,6,3,Tuesday,2,-0.3436554531549939,0.05139705789347197
10557,LEHMS,9,1997-06-03,1997-06-17,1997-06-06,2,96.72,Lehmanns Marktstand,Magazinweg 7,Frankfurt a.M.,Unknown,60528,Germany,1997,6,3,Tuesday,2,-0.0009429586292251416,0.07338569928787363
10558,AROUT,1,1997-06-04,1997-07-02,1997-06-10,2,72.97,Around the Horn,Brook Farm Stratford St. Mary,colchester,Essex,CO7 6JX,UK,1997,6,4,Wednesday,2,-0.09458563862217277,0.06737752817516034
10559,BLONP,6,1997-06-05,1997-07-03,1997-06-13,1,8.05,BLONDEL PÈRE ET FILS,"24, place Kléber",STRASBOURG,Unknown,67000,France,1997,6,5,Thursday,2,-0.3505554401018427,0.05095435054832467
10560,FRANK,8,1997-06-06,1997-07-04,1997-06-09,1,36.65,Frankenversand,BERLINER PLATZ 43,München,Unknown,80805,Germany,1997,6,6,Friday,2,-0.23778993914191415,0.058189453446160465
10561,FOLKO,2,1997-06-06,1997-07-04,1997-06-09,2,242.21,Folk och fä HB,åkergatan 24,BRÄCKE,Unknown,S-844 67,Sweden,1997,6,6,Friday,2,0.5727022418833623,0.11019112308529075
10562,REGGC,1,1997-06-09,1997-07-07,1997-06-12,1,22.95,Reggiani Caseifici,Strada Provinciale 124,Reggio Emilia,Unknown,42100,Italy,1997,6,9,Monday,2,-0.29180697981153025,0.05472368737272164
10563,RICAR,2,1997-06-10,1997-07-22,1997-06-24,2,60.43,RICARDO ADOCICADOS,"Av. Copacabana, 267",Rio de Janeiro,RJ,02389-890,Brazil,1997,6,10,Tuesday,2,-0.14402897365844913,0.06420521382764771
10564,RATTC,4,1997-06-10,1997-07-08,1997-06-16,3,13.75,Rattlesnake Canyon Grocery,2817 MILTON DR.,Albuquerque,NM,87110,USA,1997,6,10,Tuesday,2,-0.32808119690353527,0.05239631161537586
10565,MEREP,8,1997-06-11,1997-07-09,1997-06-18,2,7.15,Mère Paillarde,43 RUE ST. LAURENT,MONTRÉAL,Québec,H1J 1C3,Canada,1997,6,11,Wednesday,2,-0.35410400481736487,0.05072667248510607
10566,BLONP,9,1997-06-12,1997-07-10,1997-06-18,1,88.4,Blondel père et fils,"24, PLACE KLÉBER",Strasbourg,Unknown,67000,France,1997,6,12,Thursday,2,-0.03374746799938614,0.07128094208123047
10567,HUNGO,1,1997-06-12,1997-07-10,1997-06-17,1,33.97,Hungry Owl All-Night Grocers,8 johnstown road,Cork,Co. Cork,Unknown,Ireland,1997,6,12,Thursday,2,-0.24835677629480257,0.05751147876902061
10568,GALED,3,1997-06-13,1997-07-11,1997-07-09,3,6.54,Galería del gastronómo,"Rambla de Cataluña, 23",barcelona,Unknown,8022,Spain,1997,6,13,Friday,2,-0.3565091431245522,0.050572357353369006
10569,RATTC,5,1997-06-16,1997-07-14,1997-07-11,1,58.98,Rattlesnake Canyon Grocery,2817 Milton Dr.,Albuquerque,NM,87110,USA,1997,6,16,Monday,2,-0.14974610570012384,0.06383839917023995
10570,MEREP,3,1997-06-17,1997-07-15,1997-06-19,3,188.99,Mère Paillarde,43 rue St. Laurent,Montréal,Québec,H1J 1C3,Canada,1997,6,17,Tuesday,2,0.36286378170548134,0.096727760280297
10571,ERNSH,8,1997-06-17,1997-07-29,1997-07-04,3,26.06,Ernst Handel,Kirchgasse 6,Graz,Unknown,8010,Austria,1997,6,17,Tuesday,2,-0.279544717294559,0.055510441568954835
10572,BERGS,3,1997-06-18,1997-07-16,1997-06-25,2,116.43,Berglunds snabbköp,Berguvsvägen 8,Luleå,Unknown,S-958 22,Sweden,1997,6,18,Wednesday,2,0.07677060864071164,0.07837184887236115
10573,ANTON,7,1997-06-19,1997-07-17,1997-06-20,3,84.84,ANTONIO MORENO TAQUERÍA,MATADEROS 2312,México D.F.,Unknown,05023,Mexico,1997,6,19,Thursday,2,-0.04778401287411851,0.070380348853388
10574,TRAIH,4,1997-06-19,1997-07-17,1997-06-30,2,37.6,trail's head gourmet provisioners,722 DAVINCI BLVD.,Kirkland,WA,98034,USA,1997,6,19,Thursday,2,-0.23404423194219626,0.058429780290668996
10575,MORGK,5,1997-06-20,1997-07-04,1997-06-30,1,127.34,Morgenstern Gesundkost,Heerstr. 22,Leipzig,Unknown,04179,Germany,1997,6,20,Friday,2,0.11978709869220884,0.0811318129498223
10576,TORTU,3,1997-06-23,1997-07-07,1997-06-30,3,18.56,Tortuga Restaurante,Avda. Azteca 123,MÉXICO D.F.,Unknown,05033,Mexico,1997,6,23,Monday,2,-0.3091160899239109,0.05361312437546643
10577,TRAIH,9,1997-06-23,1997-08-04,1997-06-30,2,25.41,Trail's Head Gourmet Provisioners,722 DaVinci Blvd.,Kirkland,WA,98034,USA,1997,6,23,Monday,2,-0.2821075695891029,0.05534600741218584
10578,BSBEV,4,1997-06-24,1997-07-22,1997-07-25,3,29.6,B'S BEVERAGES,Fauntleroy Circus,London,Unknown,EC2 5NT,UK,1997,6,24,Tuesday,2,-0.2655870294135049,0.05640597528428136
10579,LETSS,1,1997-06-25,1997-07-23,1997-07-04,2,13.73,Let's Stop N Shop,87 Polk St. Suite 5,SAN FRANCISCO,CA,94117,USA,1997,6,25,Wednesday,2,-0.3281600538972135,0.052391252102859893
10580,OTTIK,4,1997-06-26,1997-07-24,1997-07-01,3,75.89,OTTILIES KÄSELADEN,Mehrheimerstr. 369,köln,Unknown,50739,Germany,1997,6,26,Thursday,2,-0.0830725175451451,0.0681162170024918
10581,FAMIA,3,1997-06-26,1997-07-24,1997-07-02,1,3.01,Familia Arquibaldo,"Rua Orós, 92",Sao Paulo,SP,05442-030,Brazil,1997,6,26,Thursday,2,-0.3704274025087671,0.04967935339430046
10582,BLAUS,3,1997-06-27,1997-07-25,1997-07-14,2,27.71,Blauer See Delikatessen,Forsterstr. 57,Mannheim,Unknown,68306,Germany,1997,6,27,Friday,2,-0.2730390153161016,0.055927851351522284
10583,WARTH,2,1997-06-30,1997-07-28,1997-07-04,2,7.28,Wartian Herkku,Torikatu 38,Oulu,Unknown,90110,Finland,1997,6,30,Monday,2,-0.35359143435845614,0.05075955931645986
10584,BLONP,4,1997-06-30,1997-07-28,1997-07-04,1,59.14,Blondel père et fils,"24, place Kléber",Strasbourg,Unknown,67000,France,1997,6,30,Monday,2,-0.14911524975069765,0.0638788752703677
10585,WELLI,7,1997-07-01,1997-07-29,1997-07-10,1,13.41,Wellington Importadora,"RUA DO MERCADO, 12",RESENDE,SP,08737-363,Brazil,1997,7,1,Tuesday,3,-0.32942176579606586,0.052310299902604385
10586,REGGC,9,1997-07-02,1997-07-30,1997-07-09,1,0.48,Reggiani Caseifici,Strada Provinciale 124,Reggio Emilia,Unknown,42100,Italy,1997,7,2,Wednesday,3,-0.3804028122090685,0.04903932506103037
10587,QUEDE,1,1997-07-02,1997-07-30,1997-07-09,1,62.52,Que Delícia,"RUA DA PANIFICADORA, 12",Rio de Janeiro,RJ,02389-673,Brazil,1997,7,2,Wednesday,3,-0.13578841781906972,0.06473393288556649
10588,QUICK,2,1997-07-03,1997-07-31,1997-07-10,3,194.67,QUICK-Stop,Taucherstraße 10,Cunewalde,Unknown,01307,Germany,1997,7,3,Thursday,3,0.38525916791011044,0.0981646618348322
10589,GREAL,8,1997-07-04,1997-08-01,1997-07-14,2,4.42,GREAT LAKES FOOD MARKET,2732 Baker Blvd.,Eugene,OR,97403,USA,1997,7,4,Friday,3,-0.36486798445444896,0.05003604902667628
10590,MEREP,4,1997-07-07,1997-08-04,1997-07-14,3,44.77,MÈRE PAILLARDE,43 rue St. Laurent,Montréal,Québec,H1J 1C3,Canada,1997,7,7,Monday,3,-0.20577399970853585,0.060243615527643915
10591,VAFFE,1,1997-07-07,1997-07-21,1997-07-16,1,55.92,vaffeljernet,SMAGSLOGET 45,ÅRHUS,Unknown,8200,Denmark,1997,7,7,Monday,3,-0.16181122573289938,0.06306429375529668
10592,LEHMS,3,1997-07-08,1997-08-05,1997-07-16,1,32.1,Lehmanns Marktstand,magazinweg 7,Frankfurt a.M.,Unknown,60528,Germany,1997,7,8,Tuesday,3,-0.255729905203721,0.057038414348777496
10593,LEHMS,7,1997-07-09,1997-08-06,1997-08-13,2,174.2,LEHMANNS MARKTSTAND,Magazinweg 7,frankfurt a.m.,Unknown,60528,Germany,1997,7,9,Wednesday,3,0.30454903488039936,0.09298625077473785
10594,OLDWO,3,1997-07-09,1997-08-06,1997-07-16,2,5.24,Old World Delicatessen,2743 Bering St.,Anchorage,AK,99508,USA,1997,7,9,Wednesday,3,-0.36163484771363985,0.050243489039831016
10595,ERNSH,2,1997-07-10,1997-08-07,1997-07-14,1,96.78,ernst handel,Kirchgasse 6,Graz,Unknown,8010,Austria,1997,7,10,Thursday,3,-0.0007063876481903177,0.07340087782542151
10596,WHITC,8,1997-07-11,1997-08-08,1997-08-12,1,16.34,White Clover Markets,1029 - 12th ave. s.,Seattle,WA,98124,USA,1997,7,11,Friday,3,-0.31786921622219905,0.05305151848619386
10597,PICCO,7,1997-07-11,1997-08-08,1997-07-18,3,35.12,Piccolo und mehr,GEISLWEG 14,salzburg,Unknown,5020,Austria,1997,7,11,Friday,3,-0.24382249915830195,0.05780240073868883
10598,RATTC,1,1997-07-14,1997-08-11,1997-07-18,3,44.42,Rattlesnake Canyon Grocery,2817 Milton Dr.,Albuquerque,NM,Unknown,USA,1997,7,14,Monday,3,-0.2071539970979056,0.06015507405861446
10599,BSBEV,6,1997-07-15,1997-08-26,1997-07-21,3,29.98,B'S BEVERAGES,Fauntleroy Circus,London,Unknown,EC2 5NT,UK,1997,7,15,Tuesday,3,-0.26408874653361775,0.056502106022084775
10600,HUNGC,4,1997-07-16,1997-08-13,1997-07-21,1,45.13,HUNGRY COYOTE IMPORT STORE,City Center Plaza 516 Main St.,ELGIN,OR,97827,USA,1997,7,16,Wednesday,3,-0.20435457382232694,0.060334686752931355
10601,HILAA,7,1997-07-16,1997-08-27,1997-07-22,1,58.3,HILARION-Abastos,Carrera 22 con Ave. Carlos Soublette #8-35,San Cristóbal,Táchira,5022,Venezuela,1997,7,16,Wednesday,3,-0.15242724348518508,0.06366637574469701
10602,VAFFE,8,1997-07-17,1997-08-14,1997-07-22,2,2.92,Vaffeljernet,smagsloget 45,Århus,Unknown,8200,Denmark,1997,7,17,Thursday,3,-0.37078225898031936,0.0496565855879786
10603,SAVEA,8,1997-07-18,1997-08-15,1997-08-08,2,48.77,SAVE-A-LOT MARKETS,187 Suffolk Ln.,Boise,ID,83720,USA,1997,7,18,Friday,3,-0.1900026009728815,0.06125551803083774
10604,FURIB,1,1997-07-18,1997-08-15,1997-07-29,1,7.46,Furia Bacalhau e Frutos do Mar,Jardim das rosas n. 32,lisboa,Unknown,1675,Portugal,1997,7,18,Friday,3,-0.35288172141535173,0.05080509492910359
10605,MEREP,1,1997-07-21,1997-08-18,1997-07-29,2,379.13,MÈRE PAILLARDE,43 rue st. laurent,montréal,Québec,H1J 1C3,Canada,1997,7,21,Monday,3,1.1125572206048104,0.1448285457696151
10606,TRADH,4,1997-07-22,1997-08-19,1997-07-31,3,79.4,Tradiçao Hipermercados,"av. inês de castro, 414",SAO PAULO,SP,05634-030,Brazil,1997,7,22,Tuesday,3,-0.0692331151546084,0.06900416144904438
10607,SAVEA,5,1997-07-22,1997-08-19,1997-07-25,1,2960.0,Save-a-lot Markets,187 Suffolk Ln.,Boise,ID,83720,USA,1997,7,22,Tuesday,3,11.288539684326862,0.7977257491240719
10608,TOMSP,4,1997-07-23,1997-08-20,1997-08-01,2,27.79,TOMS SPEZIALITÄTEN,LUISENSTR. 48,Münster,Unknown,44087,Germany,1997,7,23,Wednesday,3,-0.2727235873413886,0.05594808940158616
10609,DUMON,7,1997-07-24,1997-08-21,1997-07-30,2,1.85,Du monde entier,"67, RUE DES CINQUANTE OTAGES",Nantes,Unknown,44000,France,1997,7,24,Thursday,3,-0.3750011081421069,0.049385901668374255
10610,LAMAI,8,1997-07-25,1997-08-22,1997-08-06,1,26.78,la maison d'asie,1 rue Alsace-Lorraine,toulouse,Unknown,31000,France,1997,7,25,Friday,3,-0.2767058655221412,0.05569258401952972
10611,WOLZA,6,1997-07-25,1997-08-22,1997-08-01,2,80.65,Wolski Zajazd,ul. filtrowa 68,Warszawa,Unknown,01-012,Poland,1997,7,25,Friday,3,-0.06430455304971641,0.06932038098129245
10612,SAVEA,1,1997-07-28,1997-08-25,1997-08-01,2,544.08,save-a-lot markets,187 Suffolk Ln.,Boise,ID,83720,USA,1997,7,28,Monday,3,1.7629302759663563,0.18655687524507017
10613,HILAA,4,1997-07-29,1997-08-26,1997-08-01,2,8.11,HILARION-ABASTOS,Carrera 22 con Ave. Carlos Soublette #8-35,San Cristóbal,Táchira,5022,Venezuela,1997,7,29,Tuesday,3,-0.35031886912080784,0.050969529085872586
10614,BLAUS,8,1997-07-29,1997-08-26,1997-08-01,3,1.93,blauer see delikatessen,Forsterstr. 57,Mannheim,Unknown,68306,Germany,1997,7,29,Tuesday,3,-0.3746856801673938,0.04940613971843814
10615,WILMK,2,1997-07-30,1997-08-27,1997-08-06,3,0.75,Wilman Kala,KESKUSKATU 45,Helsinki,Unknown,21240,Finland,1997,7,30,Wednesday,3,-0.37933824279441186,0.04910762847999595
10616,GREAL,1,1997-07-31,1997-08-28,1997-08-05,2,116.53,Great Lakes Food Market,2732 Baker Blvd.,Eugene,OR,97403,USA,1997,7,31,Thursday,3,0.07716489360910297,0.07839714643494099
10617,GREAL,4,1997-07-31,1997-08-28,1997-08-04,2,18.53,Great Lakes Food Market,2732 Baker Blvd.,eugene,OR,97403,USA,1997,7,31,Thursday,3,-0.30923437541442833,0.05360553510669248
10618,MEREP,1,1997-08-01,1997-09-12,1997-08-08,1,154.68,Mère Paillarde,43 rue st. laurent,Montréal,Québec,H1J 1C3,Canada,1997,8,1,Friday,3,0.22758460905040626,0.08804816655915203
10619,MEREP,3,1997-08-04,1997-09-01,1997-08-07,3,91.05,Mère Paillarde,43 rue St. Laurent,Montréal,Québec,H1J 1C3,Canada,1997,8,4,Monday,3,-0.023298916337015172,0.07195132748959639
10620,LAUGB,2,1997-08-05,1997-09-02,1997-08-14,3,0.94,Laughing Bacchus Wine Cellars,2319 Elm St.,vancouver,BC,V3F 2K1,Canada,1997,8,5,Tuesday,3,-0.37858910135446827,0.04915569384889766
10621,ISLAT,4,1997-08-05,1997-09-02,1997-08-11,2,23.73,island trading,Garden House Crowther Way,Cowes,Isle of Wight,PO31 7PJ,UK,1997,8,5,Tuesday,3,-0.2887315570580777,0.05492100836084443
10622,RICAR,4,1997-08-06,1997-09-03,1997-08-11,3,50.97,Ricardo Adocicados,"Av. Copacabana, 267",Rio de Janeiro,RJ,02389-890,Brazil,1997,8,6,Wednesday,3,-0.18132833166827164,0.06181206440759433
10623,FRANK,8,1997-08-07,1997-09-04,1997-08-12,2,97.18,Frankenversand,Berliner Platz 43,MÜNCHEN,Unknown,80805,Germany,1997,8,7,Thursday,3,0.0008707522253751386,0.0735020680757409
10624,THECR,4,1997-08-07,1997-09-04,1997-08-19,2,94.8,The Cracker Box,55 grizzly peak rd.,Butte,MT,59801,USA,1997,8,7,Thursday,3,-0.008513230022339231,0.07289998608634059
10625,ANATR,3,1997-08-08,1997-09-05,1997-08-14,1,43.9,ana trujillo emparedados y helados,Avda. de la Constitución 2222,MÉXICO D.F.,Unknown,05021,Mexico,1997,8,8,Friday,3,-0.20920427893354068,0.06002352673319926
10626,BERGS,1,1997-08-11,1997-09-08,1997-08-20,2,138.69,Berglunds snabbköp,BERGUVSVÄGEN 8,LULEÅ,Unknown,S-958 22,Sweden,1997,8,11,Monday,3,0.164538442604628,0.08400308630263474
10627,SAVEA,8,1997-08-11,1997-09-22,1997-08-21,3,107.46,save-a-lot markets,187 suffolk ln.,Boise,ID,83720,USA,1997,8,11,Monday,3,0.04140324697600674,0.07610265750894901
10628,BLONP,4,1997-08-12,1997-09-09,1997-08-20,3,30.36,Blondel père et fils,"24, place kléber",Strasbourg,Unknown,67000,France,1997,8,12,Tuesday,3,-0.2625904636537306,0.05659823675988819
10629,GODOS,4,1997-08-12,1997-09-09,1997-08-20,3,85.46,Godos Cocina Típica,"C/ Romero, 33",Sevilla,Unknown,41101,Spain,1997,8,12,Tuesday,3,-0.045339446070092125,0.07053719374138302
10630,KOENE,1,1997-08-13,1997-09-10,1997-08-19,2,32.35,königlich essen,Maubelstr. 90,Brandenburg,Unknown,Unknown,Germany,1997,8,13,Wednesday,3,-0.2547441927827426,0.05710165825522711
10631,LAMAI,8,1997-08-14,1997-09-11,1997-08-15,1,0.87,La maison d'Asie,1 RUE ALSACE-LORRAINE,Toulouse,Unknown,31000,France,1997,8,14,Thursday,3,-0.3788651008323422,0.04913798555509177
10632,WANDK,8,1997-08-14,1997-09-11,1997-08-19,1,41.38,Die Wandernde Kuh,ADENAUERALLEE 900,Stuttgart,Unknown,70563,Germany,1997,8,14,Thursday,3,-0.21914026013700288,0.059386028156187154
10633,ERNSH,7,1997-08-15,1997-09-12,1997-08-18,3,477.9,Ernst Handel,Kirchgasse 6,Graz,Unknown,8010,Austria,1997,8,15,Friday,3,1.501992483884955,0.16981494832972843
10634,FOLIG,4,1997-08-15,1997-09-12,1997-08-21,3,487.38,Folies gourmandes,"184, chaussée de Tournai",Lille,Unknown,59000,France,1997,8,15,Friday,3,1.539370698888456,0.17221315726229777
10635,MAGAA,8,1997-08-18,1997-09-15,1997-08-21,3,47.46,Magazzini Alimentari Riuniti,Via Ludovico il Moro 22,BERGAMO,Unknown,24100,Italy,1997,8,18,Monday,3,-0.1951677340588083,0.06092411996104176
10636,WARTH,4,1997-08-19,1997-09-16,1997-08-26,1,1.15,WARTIAN HERKKU,TORIKATU 38,Oulu,Unknown,90110,Finland,1997,8,19,Tuesday,3,-0.3777611029208464,0.04920881873031534
10637,QUEEN,6,1997-08-19,1997-09-16,1997-08-26,1,201.29,Queen Cozinha,"ALAMEDA DOS CANÀRIOS, 891",sao paulo,SP,05487-020,Brazil,1997,8,19,Tuesday,3,0.41136083281761837,0.09983936047761797
10638,LINOD,3,1997-08-20,1997-09-17,1997-09-01,1,158.44,LINO-Delicateses,Ave. 5 de Mayo Porlamar,i. de margarita,Nueva Esparta,4980,Venezuela,1997,8,20,Wednesday,3,0.2424097238619213,0.08899935491215422
10639,SANTG,7,1997-08-20,1997-09-17,1997-08-27,3,38.64,Santé Gourmet,Erling Skakkes gate 78,STAVERN,Unknown,4110,Norway,1997,8,20,Wednesday,3,-0.22994366827092613,0.058692874941499384
10640,WANDK,4,1997-08-21,1997-09-18,1997-08-28,1,23.55,die wandernde kuh,Adenauerallee 900,Stuttgart,Unknown,70563,Germany,1997,8,21,Thursday,3,-0.28944127000118214,0.05487547274820072
10641,HILAA,4,1997-08-22,1997-09-19,1997-08-26,2,179.61,HILARION-Abastos,Carrera 22 con Ave. Carlos Soublette #8-35,San Cristóbal,Táchira,5022,Venezuela,1997,8,22,Friday,3,0.3258798516703719,0.0943548489103075
10642,SIMOB,7,1997-08-22,1997-09-19,1997-09-05,3,41.89,Simons bistro,Vinbæltet 34,KOBENHAVN,Unknown,1734,Denmark,1997,8,22,Friday,3,-0.21712940679820697,0.059515045725344363
10643,ALFKI,6,1997-08-25,1997-09-22,1997-09-02,1,29.46,Alfreds Futterkiste,obere str. 57,berlin,Unknown,12209,Germany,1997,8,25,Monday,3,-0.2661390283692528,0.056370558696669584
10644,WELLI,3,1997-08-25,1997-09-22,1997-09-01,2,0.14,Wellington Importadora,"Rua do Mercado, 12",Resende,SP,08737-363,Brazil,1997,8,25,Monday,3,-0.3817433811015991,0.04895331334825889
10645,HANAR,4,1997-08-26,1997-09-23,1997-09-02,1,12.41,Hanari Carnes,"rua do paço, 67",Rio de Janeiro,RJ,05454-876,Brazil,1997,8,26,Tuesday,3,-0.3333646154799795,0.052057324276805934
10646,HUNGO,9,1997-08-27,1997-10-08,1997-09-03,3,142.33,HUNGRY OWL ALL-NIGHT GROCERS,8 Johnstown Road,Cork,Co. Cork,Unknown,Ireland,1997,8,27,Wednesday,3,0.1788904154540735,0.08492391758054113
10647,QUEDE,4,1997-08-27,1997-09-10,1997-09-03,2,45.54,Que Delícia,"RUA DA PANIFICADORA, 12",Rio de Janeiro,RJ,02389-673,Brazil,1997,8,27,Wednesday,3,-0.2027380054519224,0.06043840675950872
10648,RICAR,5,1997-08-28,1997-10-09,1997-09-09,2,14.25,ricardo adocicados,"Av. Copacabana, 267",Rio de Janeiro,RJ,02389-890,Brazil,1997,8,28,Thursday,3,-0.32610977206157843,0.05252279942827509
10649,MAISD,5,1997-08-28,1997-09-25,1997-08-29,3,6.2,Maison Dewey,RUE JOSEPH-BENS 532,Bruxelles,Unknown,B-1180,Belgium,1997,8,28,Thursday,3,-0.3578497120170828,0.05048634564059753
10650,FAMIA,5,1997-08-29,1997-09-26,1997-09-03,3,176.81,Familia Arquibaldo,"RUA ORÓS, 92",Sao Paulo,SP,05442-030,Brazil,1997,8,29,Friday,3,0.31483987255541385,0.09364651715807183
10651,WANDK,8,1997-09-01,1997-09-29,1997-09-11,2,20.6,Die Wandernde Kuh,adenauerallee 900,Stuttgart,Unknown,70563,Germany,1997,9,1,Monday,3,-0.3010726765687272,0.05412919465209527
10652,GOURL,4,1997-09-01,1997-09-29,1997-09-08,2,7.14,Gourmet Lanchonetes,"Av. Brasil, 442",Campinas,SP,04876-786,Brazil,1997,9,1,Monday,3,-0.35414343331420406,0.05072414272884808
10653,FRANK,1,1997-09-02,1997-09-30,1997-09-19,1,93.25,Frankenversand,Berliner Platz 43,München,Unknown,80805,Germany,1997,9,2,Tuesday,3,-0.014624647032405276,0.07250787386635298
10654,BERGS,5,1997-09-02,1997-09-30,1997-09-11,1,55.26,Berglunds snabbköp,Berguvsvägen 8,Luleå,Unknown,S-958 22,Sweden,1997,9,2,Tuesday,3,-0.16441350652428235,0.0628973298422697
10655,REGGC,1,1997-09-03,1997-10-01,1997-09-11,2,4.41,Reggiani Caseifici,Strada Provinciale 124,REGGIO EMILIA,Unknown,42100,Italy,1997,9,3,Wednesday,3,-0.36490741295128815,0.0500335192704183
10656,GREAL,6,1997-09-04,1997-10-02,1997-09-10,1,57.15,GREAT LAKES FOOD MARKET,2732 BAKER BLVD.,Eugene,OR,97403,USA,1997,9,4,Thursday,3,-0.1569615206216857,0.06337545377502878
10657,SAVEA,2,1997-09-04,1997-10-02,1997-09-15,2,352.69,save-a-lot markets,187 SUFFOLK LN.,Boise,ID,83720,USA,1997,9,4,Thursday,3,1.008308274962135,0.13813987022350396
10658,QUICK,4,1997-09-05,1997-10-03,1997-09-08,1,364.15,QUICK-STOP,TAUCHERSTRASSE 10,Cunewalde,Unknown,01307,Germany,1997,9,5,Friday,3,1.0534933323397848,0.14103897089515424
10659,QUEEN,7,1997-09-05,1997-10-03,1997-09-10,2,105.81,QUEEN COZINHA,"Alameda dos Canàrios, 891",SAO PAULO,SP,05487-020,Brazil,1997,9,5,Friday,3,0.03489754499754936,0.07568524772638156
10660,HUNGC,8,1997-09-08,1997-10-06,1997-10-15,1,111.29,Hungry Coyote Import Store,City Center Plaza 516 Main St.,Elgin,OR,97827,USA,1997,9,8,Monday,3,0.05650436126539581,0.0770715541557571
10661,HUNGO,7,1997-09-09,1997-10-07,1997-09-15,3,17.55,Hungry Owl All-Night Grocers,8 Johnstown Road,CORK,Co. Cork,Unknown,Ireland,1997,9,9,Tuesday,3,-0.3130983681046636,0.05335761899340999
10662,LONEP,3,1997-09-09,1997-10-07,1997-09-18,2,1.28,Lonesome Pine Restaurant,89 chiaroscuro rd.,PORTLAND,OR,97219,USA,1997,9,9,Tuesday,3,-0.3772485324619376,0.04924170556166914
10663,BONAP,2,1997-09-10,1997-09-24,1997-10-03,2,113.15,Bon app',"12, RUE DES BOUCHERS",Marseille,Unknown,13008,France,1997,9,10,Wednesday,3,0.06383806167747508,0.07754208881974221
10664,FURIB,1,1997-09-10,1997-10-08,1997-09-19,3,1.27,Furia Bacalhau e Frutos do Mar,Jardim das rosas n. 32,Lisboa,Unknown,1675,Portugal,1997,9,10,Wednesday,3,-0.3772879609587768,0.04923917580541116
10665,LONEP,1,1997-09-11,1997-10-09,1997-09-17,2,26.31,Lonesome Pine Restaurant,89 Chiaroscuro Rd.,Portland,OR,97219,USA,1997,9,11,Thursday,3,-0.2785590048735806,0.05557368547540445
10666,RICSU,7,1997-09-12,1997-10-10,1997-09-22,2,232.42,RICHTER SUPERMARKT,STARENWEG 5,Genève,Unknown,1204,Switzerland,1997,9,12,Friday,3,0.5341017434778482,0.10771449170872387
10667,ERNSH,7,1997-09-12,1997-10-10,1997-09-19,1,78.09,ernst handel,Kirchgasse 6,Graz,Unknown,8010,Austria,1997,9,12,Friday,3,-0.0743982482405352,0.06867276337924842
10668,WANDK,1,1997-09-15,1997-10-13,1997-09-23,2,47.22,die wandernde kuh,Adenauerallee 900,stuttgart,Unknown,70563,Germany,1997,9,15,Monday,3,-0.19611401798294759,0.060863405810850126
10669,SIMOB,2,1997-09-15,1997-10-13,1997-09-22,1,24.39,Simons bistro,VINBÆLTET 34,Kobenhavn,Unknown,1734,Denmark,1997,9,15,Monday,3,-0.2861292762666947,0.05508797227387141
10670,FRANK,4,1997-09-16,1997-10-14,1997-09-18,1,203.48,frankenversand,Berliner Platz 43,münchen,Unknown,80805,Germany,1997,9,16,Tuesday,3,0.4199956736253891,0.1003933770981166
10671,FRANR,1,1997-09-17,1997-10-15,1997-09-24,1,30.34,France restauration,"54, rue royale",Nantes,Unknown,44000,France,1997,9,17,Wednesday,3,-0.2626693206474089,0.05659317724737222
10672,BERGS,9,1997-09-17,1997-10-01,1997-09-26,2,95.75,berglunds snabbköp,Berguvsvägen 8,Luleå,Unknown,S-958 22,Sweden,1997,9,17,Wednesday,3,-0.0047675228226213145,0.07314031293084912
10673,WILMK,2,1997-09-18,1997-10-16,1997-09-19,1,22.76,Wilman Kala,Keskuskatu 45,Helsinki,Unknown,21240,Finland,1997,9,18,Thursday,3,-0.29255612125147384,0.05467562200381993
10674,ISLAT,4,1997-09-18,1997-10-16,1997-09-30,2,0.9,ISLAND TRADING,GARDEN HOUSE CROWTHER WAY,Cowes,Isle of Wight,PO31 7PJ,UK,1997,9,18,Thursday,3,-0.3787468153418248,0.04914557482386572
10675,FRANK,5,1997-09-19,1997-10-17,1997-09-23,2,31.85,Frankenversand,Berliner Platz 43,MÜNCHEN,Unknown,80805,Germany,1997,9,19,Friday,3,-0.2567156176246994,0.05697517044232788
10676,TORTU,2,1997-09-22,1997-10-20,1997-09-29,2,2.01,Tortuga Restaurante,Avda. Azteca 123,México D.F.,Unknown,05033,Mexico,1997,9,22,Monday,3,-0.3743702521926807,0.049426377768502006
10677,ANTON,1,1997-09-22,1997-10-20,1997-09-26,3,4.03,Antonio Moreno Taquería,Mataderos 2312,México D.F.,Unknown,05023,Mexico,1997,9,22,Monday,3,-0.36640569583117527,0.04993738853261489
10678,SAVEA,7,1997-09-23,1997-10-21,1997-10-16,3,388.98,Save-a-lot Markets,187 Suffolk Ln.,Boise,ID,83720,USA,1997,9,23,Tuesday,3,1.1513942899913592,0.1473203556837299
10679,BLONP,8,1997-09-23,1997-10-21,1997-09-30,3,27.94,Blondel père et fils,"24, PLACE KLÉBER",strasbourg,Unknown,67000,France,1997,9,23,Tuesday,3,-0.2721321598888015,0.05598603574545593
10680,OLDWO,1,1997-09-24,1997-10-22,1997-09-26,1,26.61,Old World Delicatessen,2743 Bering St.,ANCHORAGE,AK,99508,USA,1997,9,24,Wednesday,3,-0.27737614996840654,0.05564957816314399
10681,GREAL,3,1997-09-25,1997-10-23,1997-09-30,3,76.13,Great Lakes Food Market,2732 BAKER BLVD.,eugene,OR,97403,USA,1997,9,25,Thursday,3,-0.08212623362100586,0.06817693115268345
10682,ANTON,3,1997-09-25,1997-10-23,1997-10-01,2,36.13,antonio moreno taquería,Mataderos 2312,México D.F.,Unknown,05023,Mexico,1997,9,25,Thursday,3,-0.2398402209775492,0.05805790612074527
10683,DUMON,2,1997-09-26,1997-10-24,1997-10-01,1,4.4,Du monde entier,"67, rue des Cinquante Otages",Nantes,Unknown,44000,France,1997,9,26,Friday,3,-0.3649468414481272,0.050030989514160316
10684,OTTIK,3,1997-09-26,1997-10-24,1997-09-30,1,145.63,ottilies käseladen,mehrheimerstr. 369,Köln,Unknown,50739,Germany,1997,9,26,Friday,3,0.19190181941098827,0.08575873714567601
10685,GOURL,4,1997-09-29,1997-10-13,1997-10-03,2,33.75,Gourmet Lanchonetes,"Av. Brasil, 442",Campinas,SP,04876-786,Brazil,1997,9,29,Monday,3,-0.24922420322526356,0.05745582413134495
10686,PICCO,2,1997-09-30,1997-10-28,1997-10-08,1,96.5,Piccolo und mehr,Geislweg 14,Salzburg,Unknown,5020,Austria,1997,9,30,Tuesday,3,-0.0018103855596861259,0.07333004465019796
10687,HUNGO,9,1997-09-30,1997-10-28,1997-10-30,2,296.43,Hungry Owl All-Night Grocers,8 JOHNSTOWN ROAD,Cork,Co. Cork,Unknown,Ireland,1997,9,30,Tuesday,3,0.7864835517451568,0.12390746151608294
10688,VAFFE,4,1997-10-01,1997-10-15,1997-10-07,2,299.09,Vaffeljernet,smagsloget 45,Århus,Unknown,8200,Denmark,1997,10,1,Wednesday,4,0.7969715319043669,0.12458037668070682
10689,BERGS,1,1997-10-01,1997-10-29,1997-10-07,2,13.42,berglunds snabbköp,Berguvsvägen 8,Luleå,Unknown,S-958 22,Sweden,1997,10,1,Wednesday,4,-0.3293823372992267,0.052312829658862366
10690,HANAR,1,1997-10-02,1997-10-30,1997-10-03,1,15.8,Hanari Carnes,"Rua do Paço, 67",Rio de Janeiro,RJ,05454-876,Brazil,1997,10,2,Thursday,4,-0.3199983550515124,0.052914911648262695
10691,QUICK,2,1997-10-03,1997-11-14,1997-10-22,2,810.05,QUICK-Stop,Taucherstraße 10,CUNEWALDE,Unknown,01307,Germany,1997,10,3,Friday,4,2.811610006396852,0.253840802438685
10692,ALFKI,4,1997-10-03,1997-10-31,1997-10-13,2,61.02,Alfred's Futterkiste,Obere Str. 57,Berlin,Unknown,12209,Germany,1997,10,3,Friday,4,-0.1417026923449401,0.0643544694468688
10693,WHITC,3,1997-10-06,1997-10-20,1997-10-10,3,139.34,White Clover Markets,1029 - 12th Ave. S.,SEATTLE,WA,98124,USA,1997,10,6,Monday,4,0.16710129489917186,0.08416752045940375
10694,QUICK,8,1997-10-06,1997-11-03,1997-10-09,3,398.36,QUICK-Stop,TAUCHERSTRASSE 10,Cunewalde,Unknown,01307,Germany,1997,10,6,Monday,4,1.1883782200264688,0.14969326705371938
10695,WILMK,7,1997-10-07,1997-11-18,1997-10-14,1,16.72,Wilman Kala,Keskuskatu 45,Helsinki,Unknown,21240,Finland,1997,10,7,Tuesday,4,-0.3163709333423119,0.05314764922399727
10696,WHITC,8,1997-10-08,1997-11-19,1997-10-14,3,102.55,White Clover Markets,1029 - 12th Ave. S.,SEATTLE,WA,98124,USA,1997,10,8,Wednesday,4,0.022043855027991048,0.0748605471862786
10697,LINOD,3,1997-10-08,1997-11-05,1997-10-14,1,45.52,LINO-DELICATESES,Ave. 5 de Mayo Porlamar,i. de margarita,Nueva Esparta,4980,Venezuela,1997,10,8,Wednesday,4,-0.20281686244560065,0.06043334724699276
10698,ERNSH,4,1997-10-09,1997-11-06,1997-10-17,1,272.47,ERNST HANDEL,Kirchgasse 6,Graz,Unknown,8010,Austria,1997,10,9,Thursday,4,0.6920128733185874,0.11784616552195197
10699,MORGK,3,1997-10-09,1997-11-06,1997-10-13,3,0.58,Morgenstern Gesundkost,Heerstr. 22,Leipzig,Unknown,04179,Germany,1997,10,9,Thursday,4,-0.3800085272406772,0.04906462262361022
10700,SAVEA,3,1997-10-10,1997-11-07,1997-10-16,1,65.1,Save-a-lot Markets,187 Suffolk Ln.,Boise,ID,83720,USA,1997,10,10,Friday,4,-0.1256158656345727,0.0653866100001265
10701,HUNGO,6,1997-10-13,1997-10-27,1997-10-15,3,220.31,hungry owl all-night grocers,8 Johnstown Road,Cork,Co. Cork,Unknown,Ireland,1997,10,13,Monday,4,0.4863538338056548,0.10465095688030458
10702,ALFKI,4,1997-10-13,1997-11-24,1997-10-21,1,23.94,Alfred's Futterkiste,Obere Str. 57,Berlin,Unknown,12209,Germany,1997,10,13,Monday,4,-0.2879035586244558,0.054974133242262115
10703,FOLKO,6,1997-10-14,1997-11-11,1997-10-20,2,152.3,folk och fä hb,Åkergatan 24,Bräcke,Unknown,S-844 67,Sweden,1997,10,14,Tuesday,4,0.21820062680269195,0.08744608456975171
10704,QUEEN,6,1997-10-14,1997-11-11,1997-11-07,1,4.78,Queen Cozinha,"ALAMEDA DOS CANÀRIOS, 891",Sao Paulo,SP,05487-020,Brazil,1997,10,14,Tuesday,4,-0.3634485585682401,0.050127120251963725
10705,HILAA,9,1997-10-15,1997-11-12,1997-11-18,2,3.52,HILARION-ABASTOS,Carrera 22 con Ave. Carlos Soublette #8-35,san cristóbal,Táchira,5022,Venezuela,1997,10,15,Wednesday,4,-0.36841654916997124,0.04980837096345768
10706,OLDWO,8,1997-10-16,1997-11-13,1997-10-21,3,135.63,Old World Delicatessen,2743 Bering St.,Anchorage,AK,99508,USA,1997,10,16,Thursday,4,0.15247332257185242,0.08322898088769147
10707,AROUT,4,1997-10-16,1997-10-30,1997-10-23,3,21.74,AROUND THE HORN,Brook Farm Stratford St. Mary,Colchester,Essex,CO7 6JX,UK,1997,10,16,Thursday,4,-0.29657782792906573,0.05441758686550551
10708,THEBI,6,1997-10-17,1997-11-28,1997-11-05,2,2.96,The Big Cheese,89 Jefferson Way Suite 2,Portland,OR,97201,USA,1997,10,17,Friday,4,-0.3706245449929628,0.049666704613010544
10709,GOURL,1,1997-10-17,1997-11-14,1997-11-20,3,210.8,Gourmet Lanchonetes,"AV. BRASIL, 442",campinas,SP,04876-786,Brazil,1997,10,17,Friday,4,0.44885733331163663,0.10224515867896129
10710,FRANS,1,1997-10-20,1997-11-17,1997-10-23,1,4.98,Franchi S.p.A.,Via Monte Bianco 34,torino,Unknown,10100,Italy,1997,10,20,Monday,4,-0.3626599886314574,0.050177715377123414
10711,SAVEA,5,1997-10-21,1997-12-02,1997-10-29,2,52.41,Save-a-lot Markets,187 suffolk ln.,Boise,ID,83720,USA,1997,10,21,Tuesday,4,-0.17565062812343607,0.062176349308744105
10712,HUNGO,3,1997-10-21,1997-11-18,1997-10-31,1,89.93,hungry owl all-night grocers,8 johnstown road,CORK,Co. Cork,Unknown,Ireland,1997,10,21,Tuesday,4,-0.02771490798299835,0.07166799478870212
10713,SAVEA,1,1997-10-22,1997-11-19,1997-10-24,1,167.05,Save-a-lot Markets,187 suffolk ln.,boise,ID,83720,USA,1997,10,22,Wednesday,4,0.2763576596404173,0.09117747505027891
10714,SAVEA,5,1997-10-22,1997-11-19,1997-10-27,3,24.49,save-a-lot markets,187 Suffolk Ln.,Boise,ID,83720,USA,1997,10,22,Wednesday,4,-0.2857349912983034,0.05511326983645126
10715,BONAP,3,1997-10-23,1997-11-06,1997-10-29,1,63.2,Bon app',"12, rue des Bouchers",MARSEILLE,Unknown,13008,France,1997,10,23,Thursday,4,-0.13310728003400848,0.06490595631110943
10716,RANCH,4,1997-10-24,1997-11-21,1997-10-27,2,22.57,RANCHO GRANDE,Av. del Libertador 900,Buenos Aires,Unknown,1010,Argentina,1997,10,24,Friday,4,-0.29330526269141743,0.05462755663491823
10717,FRANK,1,1997-10-24,1997-11-21,1997-10-29,2,59.25,Frankenversand,BERLINER PLATZ 43,München,Unknown,80805,Germany,1997,10,24,Friday,4,-0.14868153628546715,0.06390670258920553
10718,KOENE,1,1997-10-27,1997-11-24,1997-10-29,3,170.88,Königlich Essen,Maubelstr. 90,Brandenburg,Unknown,14776,Germany,1997,10,27,Monday,4,0.2914587739298063,0.09214637169708699
10719,LETSS,8,1997-10-27,1997-11-24,1997-11-05,2,51.44,Let's Stop N Shop,87 Polk St. Suite 5,San Francisco,CA,94117,USA,1997,10,27,Monday,4,-0.17947519231683226,0.061930962951719605
10720,QUEDE,8,1997-10-28,1997-11-11,1997-11-05,2,9.53,Que Delícia,"Rua da Panificadora, 12",Rio de Janeiro,RJ,02389-673,Brazil,1997,10,28,Tuesday,4,-0.34472002256965056,0.05132875447450638
10721,QUICK,5,1997-10-29,1997-11-26,1997-10-31,3,48.92,QUICK-Stop,Taucherstraße 10,Cunewalde,Unknown,01307,Germany,1997,10,29,Wednesday,4,-0.18941117352029446,0.06129346437470751
10722,SAVEA,8,1997-10-29,1997-12-10,1997-11-04,1,74.58,SAVE-A-LOT MARKETS,187 SUFFOLK LN.,boise,ID,83720,USA,1997,10,29,Wednesday,4,-0.0882376506310719,0.06778481893269583
10723,WHITC,3,1997-10-30,1997-11-27,1997-11-25,1,21.72,white clover markets,1029 - 12th Ave. S.,Seattle,WA,98124,USA,1997,10,30,Thursday,4,-0.296656684922744,0.05441252735298954
10724,MEREP,8,1997-10-30,1997-12-11,1997-11-05,2,57.75,Mère Paillarde,43 rue St. Laurent,MONTRÉAL,Québec,H1J 1C3,Canada,1997,10,30,Thursday,4,-0.15459581081133753,0.06352723915050786
10725,FAMIA,4,1997-10-31,1997-11-28,1997-11-05,3,10.83,Familia Arquibaldo,"rua orós, 92",Sao Paulo,SP,05442-030,Brazil,1997,10,31,Friday,4,-0.33959431798056294,0.05165762278804438
10726,EASTC,4,1997-11-03,1997-11-17,1997-12-05,1,16.56,Eastern Connection,35 King George,LONDON,Unknown,WX3 6FW,UK,1997,11,3,Monday,4,-0.31700178929173806,0.05310717312386952
10727,REGGC,2,1997-11-03,1997-12-01,1997-12-05,1,89.9,Reggiani Caseifici,Strada Provinciale 124,Reggio Emilia,Unknown,42100,Italy,1997,11,3,Monday,4,-0.02783319347351576,0.07166040551992815
10728,QUEEN,4,1997-11-04,1997-12-02,1997-11-11,2,3239.0,Queen Cozinha,"Alameda dos Canàrios, 891",Sao Paulo,SP,05487-020,Brazil,1997,11,4,Tuesday,4,12.388594746138752,0.8683059487218406
10729,LINOD,8,1997-11-04,1997-12-16,1997-11-14,3,-141.06,lino-delicateses,ave. 5 de mayo porlamar,I. de Margarita,Nueva Esparta,4980,Venezuela,1997,11,4,Tuesday,4,-0.9384737564701973,0.013233154985517146
10730,BONAP,5,1997-11-05,1997-12-03,1997-11-14,1,20.12,BON APP',"12, RUE DES BOUCHERS",MARSEILLE,Unknown,13008,France,1997,11,5,Wednesday,4,-0.3029652444170057,0.05400776635171202
10731,CHOPS,7,1997-11-06,1997-12-04,1997-11-14,1,96.65,Chop-suey Chinese,HAUPTSTR. 31,Bern,Unknown,3012,Switzerland,1997,11,6,Thursday,4,-0.0012189581070990657,0.07336799099406772
10732,BONAP,3,1997-11-06,1997-12-04,1997-11-07,1,16.97,Bon app',"12, rue des Bouchers",marseille,Unknown,13008,France,1997,11,6,Thursday,4,-0.31538522092133353,0.053210893130446885
10733,BERGS,1,1997-11-07,1997-12-05,1997-11-10,3,110.11,Berglunds snabbköp,berguvsvägen 8,Luleå,Unknown,S-958 22,Sweden,1997,11,7,Friday,4,0.05185179863837776,0.07677304291731492
10734,GOURL,2,1997-11-07,1997-12-05,1997-11-12,3,1.63,Gourmet Lanchonetes,"Av. Brasil, 442",Campinas,SP,04876-786,Brazil,1997,11,7,Friday,4,-0.3758685350725679,0.0493302470306986
10735,LETSS,6,1997-11-10,1997-12-08,1997-11-21,2,45.97,LET'S STOP N SHOP,87 POLK ST. SUITE 5,san francisco,CA,94117,USA,1997,11,10,Monday,4,-0.20104258008783957,0.06054718627860206
10736,HUNGO,9,1997-11-11,1997-12-09,1997-11-21,2,44.1,Hungry Owl All-Night Grocers,8 Johnstown Road,Cork,Co. Cork,Unknown,Ireland,1997,11,11,Tuesday,4,-0.20841570899675796,0.06007412185835895
10737,VINET,2,1997-11-11,1997-12-09,1997-11-18,2,7.79,Vins et alcools Chevalier,59 rue de l'abbaye,REIMS,Unknown,51100,France,1997,11,11,Tuesday,4,-0.35158058101966017,0.05088857688561707
10738,SPECD,2,1997-11-12,1997-12-10,1997-11-18,1,2.91,Spécialités du monde,"25, rue Lauriston",paris,Unknown,75016,France,1997,11,12,Wednesday,4,-0.3708216874771585,0.04965405583172062
10739,VINET,3,1997-11-12,1997-12-10,,3,11.08,Vins et alcools Chevalier,59 RUE DE L'ABBAYE,Reims,Unknown,51100,France,1997,11,12,Wednesday,4,-0.33860860555958455,0.051720866694493994
10740,WHITC,4,1997-11-13,1997-12-11,1997-11-25,2,81.88,White Clover Markets,1029 - 12th Ave. S.,SEATTLE,WA,98124,USA,1997,11,13,Thursday,4,-0.05945484793850275,0.06963154100102456
10741,AROUT,4,1997-11-14,1997-11-28,1997-11-18,3,10.96,Around the Horn,Brook Farm Stratford St. Mary,Colchester,Essex,CO7 6JX,UK,1997,11,14,Friday,4,-0.3390817475216541,0.051690509619398174
10742,BOTTM,3,1997-11-14,1997-12-12,1997-11-18,3,243.73,Bottom-Dollar Markets,23 Tsawassen Blvd.,Tsawassen,BC,T2F 8M4,Canada,1997,11,14,Friday,4,0.5786953734029109,0.1105756460365044
10743,AROUT,1,1997-11-17,1997-12-15,1997-11-21,2,23.72,AROUND THE HORN,Brook Farm Stratford St. Mary,colchester,Essex,CO7 6JX,UK,1997,11,17,Monday,4,-0.2887709855549168,0.05491847860458645
10744,VAFFE,6,1997-11-17,1997-12-15,1997-11-24,1,1916.0,VAFFELJERNET,Smagsloget 45,Århus,Unknown,8200,Denmark,1997,11,17,Monday,4,7.172204614321081,0.5336191957904856
10745,QUICK,9,1997-11-18,1997-12-16,1997-11-27,1,3.52,QUICK-Stop,Taucherstraße 10,Cunewalde,Unknown,01307,Germany,1997,11,18,Tuesday,4,-0.36841654916997124,0.04980837096345768
10746,CHOPS,1,1997-11-19,1997-12-17,1997-11-21,3,31.43,Chop-suey Chinese,HAUPTSTR. 31,Bern,Unknown,3012,Switzerland,1997,11,19,Wednesday,4,-0.25837161449194307,0.056868920679492535
10747,PICCO,6,1997-11-19,1997-12-17,1997-11-26,1,117.33,Piccolo und mehr,Geislweg 14,Salzburg,Unknown,5020,Austria,1997,11,19,Wednesday,4,0.08031917335623383,0.07859952693557976
10748,SAVEA,3,1997-11-20,1997-12-18,1997-11-28,1,232.55,Save-a-lot Markets,187 suffolk ln.,Boise,ID,83720,USA,1997,11,20,Thursday,4,0.5346143139367571,0.10774737854007767
10749,ISLAT,4,1997-11-20,1997-12-18,1997-12-19,2,61.53,Island Trading,Garden House Crowther Way,cowes,Isle of Wight,PO31 7PJ,UK,1997,11,20,Thursday,4,-0.13969183900614418,0.064483487016026
10750,WARTH,9,1997-11-21,1997-12-19,1997-11-24,1,79.3,Wartian Herkku,TORIKATU 38,Oulu,Unknown,90110,Finland,1997,11,21,Friday,4,-0.0696274001229998,0.06897886388646454
10751,RICSU,3,1997-11-24,1997-12-22,1997-12-03,3,130.79,Richter Supermarkt,Starenweg 5,Genève,Unknown,1204,Switzerland,1997,11,24,Monday,4,0.13338993010171066,0.08200457885882695
10752,NORTS,2,1997-11-24,1997-12-22,1997-11-28,3,1.39,NORTH/SOUTH,SOUTH HOUSE 300 QUEENSBRIDGE,London,Unknown,SW7 1RZ,UK,1997,11,24,Monday,4,-0.37681481899670716,0.049269532880506964
10753,FRANS,3,1997-11-25,1997-12-23,1997-11-27,1,7.7,Franchi S.p.A.,via monte bianco 34,Torino,Unknown,10100,Italy,1997,11,25,Tuesday,4,-0.3519354374912124,0.05086580907929521
10754,MAGAA,6,1997-11-25,1997-12-23,1997-11-27,3,2.38,MAGAZZINI ALIMENTARI RIUNITI,Via Ludovico il Moro 22,Bergamo,Unknown,24100,Italy,1997,11,25,Tuesday,4,-0.3729113978096327,0.04951997875004743
10755,BONAP,4,1997-11-26,1997-12-24,1997-11-28,2,16.71,Bon app',"12, rue des Bouchers",Marseille,Unknown,13008,France,1997,11,26,Wednesday,4,-0.316410361839151,0.05314511946773929
10756,SPLIR,8,1997-11-27,1997-12-25,1997-12-02,2,73.21,Split Rail Beer & Ale,P.O. Box 555,lander,WY,82520,USA,1997,11,27,Thursday,4,-0.09363935469803353,0.06743824232535195
10757,SAVEA,6,1997-11-27,1997-12-25,1997-12-15,1,8.19,SAVE-A-LOT MARKETS,187 Suffolk Ln.,BOISE,ID,83720,USA,1997,11,27,Thursday,4,-0.3500034411460948,0.050989767135936455
10758,RICSU,3,1997-11-28,1997-12-26,1997-12-04,3,138.17,Richter Supermarkt,Starenweg 5,Genève,Unknown,1204,Switzerland,1997,11,28,Friday,4,0.1624881607689929,0.08387153897721954
10759,ANATR,3,1997-11-28,1997-12-26,1997-12-12,3,11.99,Ana Trujillo Emparedados y helados,Avda. de la Constitución 2222,México D.F.,Unknown,05021,Mexico,1997,11,28,Friday,4,-0.3350206123472232,0.05195107451397059
10760,MAISD,4,1997-12-01,1997-12-29,1997-12-10,1,155.64,Maison Dewey,rue joseph-bens 532,bruxelles,Unknown,B-1180,Belgium,1997,12,1,Monday,4,0.2313697447469632,0.08829102315991855
10761,RATTC,5,1997-12-02,1997-12-30,1997-12-08,2,18.66,rattlesnake canyon grocery,2817 Milton Dr.,Albuquerque,NM,87110,USA,1997,12,2,Tuesday,4,-0.30872180495551954,0.05363842193804627
10762,FOLKO,3,1997-12-02,1997-12-30,1997-12-09,1,328.74,Folk och fä HB,ÅKERGATAN 24,BRÄCKE,Unknown,S-844 67,Sweden,1997,12,2,Tuesday,4,0.9138770250324048,0.132081103985631
10763,FOLIG,3,1997-12-03,1997-12-31,1997-12-08,3,37.35,Folies gourmandes,"184, chaussée de Tournai",Lille,Unknown,59000,France,1997,12,3,Wednesday,4,-0.23502994436317465,0.05836653638421938
10764,ERNSH,6,1997-12-03,1997-12-31,1997-12-08,3,145.45,Ernst Handel,kirchgasse 6,GRAZ,Unknown,8010,Austria,1997,12,3,Wednesday,4,0.1911921064678838,0.08571320153303229
10765,QUICK,3,1997-12-04,1998-01-01,1997-12-09,3,42.74,QUICK-Stop,Taucherstraße 10,CUNEWALDE,Unknown,01307,Germany,1997,12,4,Thursday,4,-0.21377798456688044,0.05973007500727306
10766,OTTIK,4,1997-12-05,1998-01-02,,1,157.55,OTTILIES KÄSELADEN,Mehrheimerstr. 369,KÖLN,Unknown,50739,Germany,1997,12,5,Friday,4,0.23890058764323827,0.0887742066051936
10767,SUPRD,4,1997-12-05,1998-01-02,1997-12-15,3,1.59,Suprêmes délices,"Boulevard Tirou, 255",Charleroi,Unknown,B-6000,Belgium,1997,12,5,Friday,4,-0.37602624905992443,0.04932012800566666
10768,AROUT,3,1997-12-08,1998-01-05,1997-12-15,2,146.32,Around the Horn,Brook Farm Stratford St. Mary,Colchester,Essex,CO7 6JX,UK,1997,12,8,Monday,4,0.19462238569288862,0.08593329032747696
10769,VAFFE,3,1997-12-08,1998-01-05,1997-12-12,1,65.06,VAFFELJERNET,Smagsloget 45,Århus,Unknown,8200,Denmark,1997,12,8,Monday,4,-0.12577357962192923,0.06537649097509456
10770,HANAR,8,1997-12-09,1998-01-06,1997-12-17,3,5.32,Hanari Carnes,"RUA DO PAÇO, 67",rio de janeiro,RJ,05454-876,Brazil,1997,12,9,Tuesday,4,-0.3613194197389268,0.05026372708989489
10771,ERNSH,9,1997-12-10,1998-01-07,1998-01-02,2,11.19,Ernst Handel,Kirchgasse 6,GRAZ,Unknown,8010,Austria,1997,12,10,Wednesday,4,-0.33817489209435403,0.05174869401333182
10772,LEHMS,3,1997-12-10,1998-01-07,1997-12-19,2,91.28,Lehmanns Marktstand,Magazinweg 7,Frankfurt a.M.,Unknown,60528,Germany,1997,12,10,Wednesday,4,-0.022392060909715034,0.07200951188353003
10773,ERNSH,1,1997-12-11,1998-01-08,1997-12-16,3,96.43,Ernst Handel,Kirchgasse 6,graz,Unknown,8010,Austria,1997,12,11,Thursday,4,-0.0020863850375600498,0.07331233635639207
10774,FOLKO,4,1997-12-11,1997-12-25,1997-12-12,1,48.2,Folk och fä HB,åkergatan 24,Bräcke,Unknown,S-844 67,Sweden,1997,12,11,Thursday,4,-0.19225002529271226,0.061111321924132614
10775,THECR,7,1997-12-12,1998-01-09,1997-12-26,1,20.25,THE CRACKER BOX,55 Grizzly Peak Rd.,Butte,MT,59801,USA,1997,12,12,Friday,4,-0.30245267395809694,0.054040653183065814
10776,ERNSH,1,1997-12-15,1998-01-12,1997-12-18,3,351.53,Ernst Handel,KIRCHGASSE 6,Graz,Unknown,8010,Austria,1997,12,15,Monday,4,1.0037345693287953,0.13784641849757776
10777,GOURL,7,1997-12-15,1997-12-29,1998-01-21,2,3.01,Gourmet Lanchonetes,"Av. Brasil, 442",Campinas,SP,04876-786,Brazil,1997,12,15,Monday,4,-0.3704274025087671,0.04967935339430046
10778,BERGS,3,1997-12-16,1998-01-13,1997-12-24,1,6.79,BERGLUNDS SNABBKÖP,Berguvsvägen 8,Luleå,Unknown,S-958 22,Sweden,1997,12,16,Tuesday,4,-0.3555234307035738,0.05063560125981862
10779,MORGK,3,1997-12-16,1998-01-13,1998-01-14,2,58.13,Morgenstern Gesundkost,Heerstr. 22,LEIPZIG,Unknown,04179,Germany,1997,12,16,Tuesday,4,-0.15309752793145034,0.06362336988831127
10780,LILAS,2,1997-12-16,1997-12-30,1997-12-25,1,42.13,lila-supermercado,Carrera 52 con Ave. Bolívar #65-98 Llano Largo,Barquisimeto,Lara,3508,Venezuela,1997,12,16,Tuesday,4,-0.2161831228740677,0.059575759875536
10781,WARTH,2,1997-12-17,1998-01-14,1997-12-19,3,73.16,wartian herkku,TORIKATU 38,Oulu,Unknown,90110,Finland,1997,12,17,Wednesday,4,-0.09383649718222921,0.06742559354406202
10782,CACTU,9,1997-12-17,1998-01-14,1997-12-22,3,1.1,Cactus Comidas para llevar,Cerrito 333,buenos aires,Unknown,1010,Argentina,1997,12,17,Wednesday,4,-0.37795824540504214,0.04919616994902541
10783,HANAR,4,1997-12-18,1998-01-15,1997-12-19,2,124.98,hanari carnes,"Rua do Paço, 67",Rio de Janeiro,RJ,05454-876,Brazil,1997,12,18,Thursday,4,0.11048197343817277,0.08053479047293795
10784,MAGAA,4,1997-12-18,1998-01-15,1997-12-22,3,70.09,magazzini alimentari riuniti,Via Ludovico il Moro 22,Bergamo,Unknown,24100,Italy,1997,12,18,Thursday,4,-0.10594104571184389,0.06664895837286079
10785,GROSR,1,1997-12-18,1998-01-15,,3,55.87,grosella-restaurante,5ª Ave. Los Palos Grandes,CARACAS,DF,1081,Venezuela,1997,12,18,Thursday,4,-0.16200836821709508,0.06305164497400675
10786,QUEEN,8,1997-12-19,1998-01-16,1997-12-23,1,110.87,Queen Cozinha,"Alameda dos Canàrios, 891",Sao Paulo,SP,05487-020,Brazil,1997,12,19,Friday,4,0.054848364398152105,0.07696530439292175
10787,LAMAI,2,1997-12-19,1998-01-02,1997-12-26,1,249.93,La maison d'Asie,1 rue alsace-lorraine,toulouse,Unknown,31000,France,1997,12,19,Friday,4,0.6031410414431752,0.11214409491645481
10788,QUICK,1,1997-12-22,1998-01-19,1998-01-19,2,42.7,QUICK-Stop,TAUCHERSTRASSE 10,Cunewalde,Unknown,01307,Germany,1997,12,22,Monday,4,-0.21393569855423697,0.05971995598224111
10789,FOLIG,1,1997-12-22,1998-01-19,1997-12-31,2,100.6,Folies gourmandes,"184, chaussée de Tournai",Lille,Unknown,59000,France,1997,12,22,Monday,4,0.014355298144359548,0.07436724471597163
10790,GOURL,6,1997-12-22,1998-01-19,1997-12-26,1,28.23,GOURMET LANCHONETES,"AV. BRASIL, 442",Campinas,SP,04876-786,Brazil,1997,12,22,Monday,4,-0.27098873348046654,0.05605939867693748
10791,FRANK,6,1997-12-23,1998-01-20,1998-01-01,2,16.85,Frankenversand,Berliner Platz 43,München,Unknown,80805,Germany,1997,12,23,Tuesday,4,-0.31585836288340313,0.05318053605535107
10792,WOLZA,1,1997-12-23,1998-01-20,1997-12-31,3,23.79,Wolski Zajazd,ul. Filtrowa 68,Warszawa,Unknown,01-012,Poland,1997,12,23,Tuesday,4,-0.2884949860770429,0.054936186898392345
10793,AROUT,3,1997-12-24,1998-01-21,1998-01-08,3,4.52,around the horn,brook farm stratford st. mary,Colchester,Essex,CO7 6JX,UK,1997,12,24,Wednesday,4,-0.3644736994860576,0.05006134658925613
10794,QUEDE,6,1997-12-24,1998-01-21,1998-01-02,1,21.49,Que Delícia,"rua da panificadora, 12",RIO DE JANEIRO,RJ,02389-673,Brazil,1997,12,24,Wednesday,4,-0.2975635403500441,0.054354342959055904
10795,ERNSH,8,1997-12-24,1998-01-21,1998-01-20,2,126.66,Ernst Handel,Kirchgasse 6,Graz,Unknown,8010,Austria,1997,12,24,Wednesday,4,0.11710596090714757,0.08095978952427933
10796,HILAA,3,1997-12-25,1998-01-22,1998-01-14,1,26.52,HILARION-ABASTOS,Carrera 22 con Ave. Carlos Soublette #8-35,San Cristóbal,Táchira,5022,Venezuela,1997,12,25,Thursday,4,-0.2777310064399588,0.055626810356822126
10797,DRACD,7,1997-12-25,1998-01-22,1998-01-05,2,33.35,Drachenblut Delikatessen,walserweg 21,Aachen,Unknown,52066,Germany,1997,12,25,Thursday,4,-0.250801343098829,0.05735463388102557
10798,ISLAT,2,1997-12-26,1998-01-23,1998-01-05,1,2.33,Island Trading,Garden House Crowther Way,COWES,Isle of Wight,PO31 7PJ,UK,1997,12,26,Friday,4,-0.3731085402938284,0.049507329968757514
10799,KOENE,9,1997-12-26,1998-02-06,1998-01-05,3,30.76,KÖNIGLICH ESSEN,Maubelstr. 90,Brandenburg,Unknown,14776,Germany,1997,12,26,Friday,4,-0.2610133237801652,0.05669942701020757
10800,SEVES,1,1997-12-26,1998-01-23,1998-01-05,3,137.44,Seven Seas Imports,90 Wadhurst Rd.,London,Unknown,OX15 4NB,UK,1997,12,26,Friday,4,0.159609880499736,0.08368686677038668
10801,BOLID,4,1997-12-29,1998-01-26,1997-12-31,2,97.09,bólido comidas preparadas,"C/ ARAQUIL, 67",madrid,Unknown,28023,Spain,1997,12,29,Monday,4,0.0005158957538229025,0.07347930026941905
10802,SIMOB,4,1997-12-29,1998-01-26,1998-01-02,2,257.26,SIMONS BISTRO,Vinbæltet 34,Kobenhavn,Unknown,1734,Denmark,1997,12,29,Monday,4,0.6320421296262617,0.11399840625355748
10803,WELLI,99,1997-12-30,1998-01-27,1998-01-06,1,55.23,wellington importadora,"Rua do Mercado, 12",Resende,SP,08737-363,Brazil,1997,12,30,Tuesday,4,-0.16453179201479978,0.06288974057349575
10804,SEVES,6,1997-12-30,1998-01-27,1998-01-07,2,27.33,Seven Seas Imports,90 Wadhurst Rd.,London,Unknown,OX15 4NB,UK,1997,12,30,Tuesday,4,-0.27453729819598877,0.05583172061371887
10805,THEBI,2,1997-12-30,1998-01-27,1998-01-09,3,237.34,THE BIG CHEESE,89 Jefferson Way Suite 2,Portland,OR,97201,USA,1997,12,30,Tuesday,4,0.5535005639227031,0.10895913178765228
10806,VICTE,3,1997-12-31,1998-01-28,1998-01-05,2,22.11,Victuailles en stock,"2, rue du Commerce",lyon,Unknown,69004,France,1997,12,31,Wednesday,4,-0.2951189735460177,0.054511187847050946
10807,FRANS,4,1997-12-31,1998-01-28,1998-01-30,1,1.36,Franchi S.p.A.,via monte bianco 34,Torino,Unknown,10100,Italy,1997,12,31,Wednesday,4,-0.37693310448722456,0.049261943611733014
10808,OLDWO,2,1998-01-01,1998-01-29,1998-01-09,3,45.53,Old World Delicatessen,2743 bering st.,anchorage,AK,99508,USA,1998,1,1,Thursday,1,-0.20277743394876152,0.06043587700325074
10809,WELLI,7,1998-01-01,1998-01-29,1998-01-07,1,4.87,WELLINGTON IMPORTADORA,"RUA DO MERCADO, 12",Resende,SP,08737-363,Brazil,1998,1,1,Thursday,1,-0.36309370209668784,0.05014988805828559
10810,LAUGB,2,1998-01-01,1998-01-29,1998-01-07,3,4.33,Laughing Bacchus Wine Cellars,2319 Elm St.,Vancouver,BC,V3F 2K1,Canada,1998,1,1,Thursday,1,-0.3652228409260012,0.05001328122035443
10811,LINOD,8,1998-01-02,1998-01-30,1998-01-08,1,31.22,LINO-Delicateses,ave. 5 de mayo porlamar,I. de Margarita,Nueva Esparta,4980,Venezuela,1998,1,2,Friday,1,-0.2591996129255649,0.05681579579807486
10812,REGGC,5,1998-01-02,1998-01-30,1998-01-12,1,59.78,reggiani caseifici,Strada Provinciale 124,Reggio Emilia,Unknown,42100,Italy,1998,1,2,Friday,1,-0.14659182595299294,0.06404077967087872
10813,RICAR,1,1998-01-05,1998-02-02,1998-01-09,1,47.38,ricardo adocicados,"AV. COPACABANA, 267",RIO DE JANEIRO,RJ,02389-890,Brazil,1998,1,5,Monday,1,-0.1954831620335214,0.06090388191097788
10814,VICTE,3,1998-01-05,1998-02-02,1998-01-14,3,130.94,Victuailles en stock,"2, RUE DU COMMERCE",LYON,Unknown,69004,France,1998,1,5,Monday,1,0.13398135755429771,0.08204252520269673
10815,SAVEA,2,1998-01-05,1998-02-02,1998-01-14,3,14.62,Save-a-lot Markets,187 Suffolk Ln.,Boise,ID,83720,USA,1998,1,5,Monday,1,-0.32465091767853044,0.05261640040982052
10816,GREAL,4,1998-01-06,1998-02-03,1998-02-04,2,719.78,Great Lakes Food Market,2732 baker blvd.,EUGENE,OR,97403,USA,1998,1,6,Tuesday,1,2.4556889654299727,0.23100469269785856
10817,KOENE,3,1998-01-06,1998-01-20,1998-01-13,2,306.07,Königlich Essen,Maubelstr. 90,brandenburg,Unknown,14776,Germany,1998,1,6,Tuesday,1,0.8244926226980838,0.12634614654878004
10818,MAGAA,7,1998-01-07,1998-02-04,1998-01-12,3,65.48,Magazzini Alimentari Riuniti,Via Ludovico il Moro 22,Bergamo,Unknown,24100,Italy,1998,1,7,Wednesday,1,-0.1241175827546855,0.06548274073792991
10819,CACTU,2,1998-01-07,1998-02-04,1998-01-16,3,19.76,Cactus Comidas para llevar,Cerrito 333,Buenos Aires,Unknown,1010,Argentina,1998,1,7,Wednesday,1,-0.3043846703032146,0.05391669512642457
10820,RATTC,3,1998-01-07,1998-02-04,1998-01-13,2,37.52,Rattlesnake Canyon Grocery,2817 Milton Dr.,albuquerque,NM,87110,USA,1998,1,7,Wednesday,1,-0.23435965991690932,0.05840954224060512
10821,SPLIR,1,1998-01-08,1998-02-05,1998-01-15,1,36.68,split rail beer & ale,P.O. Box 555,LANDER,WY,82520,USA,1998,1,8,Thursday,1,-0.23767165365139675,0.05819704271493442
10822,TRAIH,6,1998-01-08,1998-02-05,1998-01-16,3,7.0,Trail's Head Gourmet Provisioners,722 DaVinci Blvd.,Kirkland,WA,98034,USA,1998,1,8,Thursday,1,-0.3546954322699519,0.0506887261412363
10823,LILAS,5,1998-01-09,1998-02-06,1998-01-13,2,163.97,LILA-Supermercado,carrera 52 con ave. bolívar #65-98 llano largo,Barquisimeto,Lara,3508,Venezuela,1998,1,9,Friday,1,0.26421368261396344,0.09039831012281968
10824,FOLKO,8,1998-01-09,1998-02-06,1998-01-30,1,1.23,Folk och fä HB,ÅKERGATAN 24,Bräcke,Unknown,S-844 67,Sweden,1998,1,9,Friday,1,-0.3774456749461333,0.04922905678037921
10825,DRACD,1,1998-01-09,1998-02-06,1998-01-14,1,79.25,drachenblut delikatessen,Walserweg 21,Aachen,Unknown,52066,Germany,1998,1,9,Friday,1,-0.06982454260719546,0.06896621510517462
10826,BLONP,6,1998-01-12,1998-02-09,1998-02-06,1,7.09,BLONDEL PÈRE ET FILS,"24, place Kléber",Strasbourg,Unknown,67000,France,1998,1,12,Monday,1,-0.3543405757983997,0.05071149394755816
10827,BONAP,1,1998-01-12,1998-01-26,,2,63.54,BON APP',"12, rue des Bouchers",Marseille,Unknown,13008,France,1998,1,12,Monday,1,-0.13176671114147787,0.06499196802388091
10828,RANCH,9,1998-01-13,1998-01-27,1998-02-04,1,90.85,Rancho grande,AV. DEL LIBERTADOR 900,Buenos Aires,Unknown,1010,Argentina,1998,1,13,Tuesday,1,-0.0240874862737979,0.0719007323644367
10829,ISLAT,9,1998-01-13,1998-02-10,1998-01-23,1,154.72,Island Trading,GARDEN HOUSE CROWTHER WAY,Cowes,Isle of Wight,PO31 7PJ,UK,1998,1,13,Tuesday,1,0.22774232303776276,0.08805828558418398
10830,TRADH,4,1998-01-13,1998-02-24,1998-01-21,2,81.83,tradiçao hipermercados,"Av. Inês de Castro, 414",Sao Paulo,SP,05634-030,Brazil,1998,1,13,Tuesday,1,-0.05965199042269842,0.06961889221973463
10831,SANTG,3,1998-01-14,1998-02-11,1998-01-23,2,72.19,Santé Gourmet,ERLING SKAKKES GATE 78,Stavern,Unknown,4110,Norway,1998,1,14,Wednesday,1,-0.09766106137562537,0.06718020718703753
10832,LAMAI,2,1998-01-14,1998-02-11,1998-01-19,2,43.26,LA MAISON D'ASIE,1 rue Alsace-Lorraine,TOULOUSE,Unknown,31000,France,1998,1,14,Wednesday,1,-0.2117277027312454,0.05986162233268825
10833,OTTIK,6,1998-01-15,1998-02-12,1998-01-23,2,71.49,Ottilies Käseladen,Mehrheimerstr. 369,köln,Unknown,50739,Germany,1998,1,15,Thursday,1,-0.10042105615436489,0.06700312424897861
10834,TRADH,1,1998-01-15,1998-02-12,1998-01-19,3,29.78,Tradiçao Hipermercados,"Av. Inês de Castro, 414",Sao Paulo,SP,05634-030,Brazil,1998,1,15,Thursday,1,-0.26487731647040047,0.056451510896925086
10835,ALFKI,1,1998-01-15,1998-02-12,1998-01-21,3,69.53,Alfred's Futterkiste,obere str. 57,Berlin,Unknown,12209,Germany,1998,1,15,Thursday,1,-0.1081490415348355,0.06650729202241364
10836,ERNSH,7,1998-01-16,1998-02-13,1998-01-21,1,411.88,ERNST HANDEL,KIRCHGASSE 6,graz,Unknown,8010,Austria,1998,1,16,Friday,1,1.2416855477529802,0.15311349751451447
10837,BERGS,9,1998-01-16,1998-02-13,1998-01-23,3,13.32,Berglunds snabbköp,Berguvsvägen 8,Luleå,Unknown,S-958 22,Sweden,1998,1,16,Friday,1,-0.3297766222676181,0.05228753209628253
10838,LINOD,3,1998-01-19,1998-02-16,1998-01-23,3,59.28,LINO-Delicateses,ave. 5 de mayo porlamar,I. de Margarita,Nueva Esparta,4980,Venezuela,1998,1,19,Monday,1,-0.14856325079494972,0.06391429185797949
10839,TRADH,3,1998-01-19,1998-02-16,1998-01-22,3,35.43,tradiçao hipermercados,"Av. Inês de Castro, 414",Sao Paulo,SP,05634-030,Brazil,1998,1,19,Monday,1,-0.24260021575628873,0.05788082318268636
10840,LINOD,4,1998-01-19,1998-03-02,1998-02-16,2,2.71,LINO-Delicateses,Ave. 5 de Mayo Porlamar,I. de Margarita,Nueva Esparta,4980,Venezuela,1998,1,19,Monday,1,-0.37161025741394127,0.04960346070656093
10841,SUPRD,5,1998-01-20,1998-02-17,1998-01-29,2,424.3,Suprêmes délices,"Boulevard Tirou, 255",Charleroi,Unknown,B-6000,Belgium,1998,1,20,Tuesday,1,1.2906557408271868,0.1562554547869313
10842,TORTU,1,1998-01-20,1998-02-17,1998-01-29,3,54.42,Tortuga Restaurante,Avda. Azteca 123,méxico d.f.,Unknown,05033,Mexico,1998,1,20,Tuesday,1,-0.16772550025876976,0.06268483031659901
10843,VICTE,4,1998-01-21,1998-02-18,,2,9.26,victuailles en stock,"2, rue du Commerce",Lyon,Unknown,69004,France,1998,1,21,Wednesday,1,-0.3457845919843072,0.0512604510555408
10844,PICCO,8,1998-01-21,1998-02-18,1998-01-26,2,25.22,Piccolo und mehr,GEISLWEG 14,Salzburg,Unknown,5020,Austria,1998,1,21,Wednesday,1,-0.2828567110290464,0.055297942043284136
10845,QUICK,8,1998-01-21,1998-02-04,1998-01-30,1,212.98,QUICK-Stop,Taucherstraße 10,cunewalde,Unknown,01307,Germany,1998,1,21,Wednesday,1,0.45745274562256816,0.10279664554320192
10846,SUPRD,2,1998-01-22,1998-03-05,1998-01-23,3,56.46,Suprêmes délices,"Boulevard Tirou, 255",Charleroi,Unknown,B-6000,Belgium,1998,1,22,Thursday,1,-0.15968208690358604,0.06320090059322785
10847,SAVEA,4,1998-01-22,1998-02-05,1998-02-10,3,487.57,Save-a-lot Markets,187 Suffolk Ln.,Boise,ID,83720,USA,1998,1,22,Thursday,1,1.5401198403283993,0.1722612226311995
10848,CONSH,7,1998-01-23,1998-02-20,1998-01-29,2,38.24,Consolidated Holdings,Berkeley Gardens 12 Brewery,London,Unknown,WX1 6LT,UK,1998,1,23,Friday,1,-0.23152080814449155,0.058591684691180014
10849,KOENE,9,1998-01-23,1998-02-20,1998-01-30,2,0.56,Königlich Essen,MAUBELSTR. 90,Brandenburg,Unknown,14776,Germany,1998,1,23,Friday,1,-0.3800873842343554,0.04905956311109425
10850,VICTE,1,1998-01-23,1998-03-06,1998-01-30,1,49.19,VICTUAILLES EN STOCK,"2, rue du Commerce",Lyon,Unknown,69004,France,1998,1,23,Friday,1,-0.18834660410563783,0.06136176779367308
10851,RICAR,5,1998-01-26,1998-02-23,1998-02-02,1,160.55,RICARDO ADOCICADOS,"AV. COPACABANA, 267",Rio de Janeiro,RJ,02389-890,Brazil,1998,1,26,Monday,1,0.250729136694979,0.08953313348258896
10852,RATTC,8,1998-01-26,1998-02-09,1998-01-30,1,174.05,RATTLESNAKE CANYON GROCERY,2817 milton dr.,Albuquerque,NM,87110,USA,1998,1,26,Monday,1,0.3039576074278124,0.0929483044308681
10853,BLAUS,9,1998-01-27,1998-02-24,1998-02-03,2,53.83,blauer see delikatessen,Forsterstr. 57,Mannheim,Unknown,68306,Germany,1998,1,27,Tuesday,1,-0.1700517815722788,0.0625355746973779
10854,ERNSH,3,1998-01-27,1998-02-24,1998-02-05,2,100.22,Ernst Handel,Kirchgasse 6,graz,Unknown,8010,Austria,1998,1,27,Tuesday,1,0.012857015264472403,0.07427111397816821
10855,OLDWO,3,1998-01-27,1998-02-24,1998-02-04,1,170.97,Old World Delicatessen,2743 Bering St.,anchorage,AK,99508,USA,1998,1,27,Tuesday,1,0.2918136304013585,0.09216913950340885
10856,ANTON,3,1998-01-28,1998-02-25,1998-02-10,2,58.43,Antonio Moreno Taquería,Mataderos 2312,méxico d.f.,Unknown,05023,Mexico,1998,1,28,Wednesday,1,-0.1519146730262763,0.0636992625760508
10857,BERGS,8,1998-01-28,1998-02-25,1998-02-06,2,188.85,Berglunds snabbköp,Berguvsvägen 8,luleå,Unknown,S-958 22,Sweden,1998,1,28,Wednesday,1,0.36231178274973336,0.09669234369268521
10858,LACOR,2,1998-01-29,1998-02-26,1998-02-03,1,52.51,La corne d'abondance,"67, avenue de l'Europe",VERSAILLES,Unknown,Unknown,France,1998,1,29,Thursday,1,-0.1752563431550447,0.06220164687132395
10859,FRANK,1,1998-02-26,1998-02-26,1998-02-26,2,76.1,frankenversand,berliner platz 43,MÜNCHEN,Unknown,80805,Germany,1998,2,26,Thursday,1,-0.08224451911152328,0.0681693418839095
10860,FRANR,3,1998-01-29,1998-02-26,1998-02-04,3,19.26,FRANCE RESTAURATION,"54, rue Royale",NANTES,Unknown,44000,France,1998,1,29,Thursday,1,-0.30635609514517137,0.053790207313525344
10861,WHITC,4,1998-01-30,1998-02-27,1998-02-17,2,14.93,WHITE CLOVER MARKETS,1029 - 12th Ave. S.,Seattle,WA,98124,USA,1998,1,30,Friday,1,-0.3234286342765172,0.05269482285381804
10862,LEHMS,8,1998-01-30,1998-03-13,1998-02-02,2,53.23,Lehmanns Marktstand,Magazinweg 7,Frankfurt a.M.,Unknown,60528,Germany,1998,1,30,Friday,1,-0.17241749138262694,0.062383789321898836
10863,HILAA,4,1998-02-02,1998-03-02,1998-02-17,2,30.26,HILARION-Abastos,Carrera 22 con Ave. Carlos Soublette #8-35,SAN CRISTÓBAL,Táchira,5022,Venezuela,1998,2,2,Monday,1,-0.26298474862212196,0.05657293919730834
10864,AROUT,4,1998-02-02,1998-03-02,1998-02-09,2,139.84,Around the Horn,Brook Farm Stratford St. Mary,Colchester,Essex,CO7 6JX,UK,1998,2,2,Monday,1,0.16907271974112864,0.08429400827230298
10865,QUICK,2,1998-02-02,1998-02-16,1998-02-12,1,348.14,QUICK-Stop,Taucherstraße 10,Cunewalde,Unknown,01307,Germany,1998,2,2,Monday,1,0.9903683089003282,0.136988831126121
10866,BERGS,5,1998-02-03,1998-03-03,1998-02-12,1,109.11,Berglunds snabbköp,BERGUVSVÄGEN 8,LULEÅ,Unknown,S-958 22,Sweden,1998,2,3,Tuesday,1,0.047908948954464174,0.07652006729151647
10867,LONEP,6,1998-02-03,1998-03-17,1998-02-11,1,1.93,lonesome pine restaurant,89 Chiaroscuro Rd.,Portland,OR,97219,USA,1998,2,3,Tuesday,1,-0.3746856801673938,0.04940613971843814
10868,QUEEN,7,1998-02-04,1998-03-04,1998-02-23,2,191.27,queen cozinha,"Alameda dos Canàrios, 891",sao paulo,SP,05487-020,Brazil,1998,2,4,Wednesday,1,0.3718534789848043,0.09730454470711747
10869,SEVES,5,1998-02-04,1998-03-04,1998-02-09,1,143.28,seven seas imports,90 Wadhurst Rd.,London,Unknown,OX15 4NB,UK,1998,2,4,Wednesday,1,0.18263612265379137,0.08516424442504965
10870,WOLZA,5,1998-02-04,1998-03-04,1998-02-13,3,12.04,WOLSKI ZAJAZD,ul. Filtrowa 68,Warszawa,Unknown,01-012,Poland,1998,2,4,Wednesday,1,-0.3348234698630275,0.0519637232952605
10871,BONAP,9,1998-02-05,1998-03-05,1998-02-10,2,112.27,BON APP',"12, RUE DES BOUCHERS",Marseille,Unknown,13008,France,1998,2,5,Thursday,1,0.06036835395563109,0.07731947026903958
10872,GODOS,5,1998-02-05,1998-03-05,1998-02-09,2,175.32,godos cocina típica,"C/ Romero, 33",Sevilla,Unknown,41101,Spain,1998,2,5,Thursday,1,0.3089650265263826,0.09326958347563212
10873,WILMK,4,1998-02-06,1998-03-06,1998-02-09,1,0.82,WILMAN KALA,keskuskatu 45,Helsinki,Unknown,21240,Finland,1998,2,6,Friday,1,-0.37906224331653793,0.04912533677380185
10874,GODOS,5,1998-02-06,1998-03-06,1998-02-11,2,19.58,Godos Cocina Típica,"C/ Romero, 33",Sevilla,Unknown,41101,Spain,1998,2,6,Friday,1,-0.30509438324631905,0.053871159513780846
10875,BERGS,4,1998-02-06,1998-03-06,1998-03-03,2,32.37,BERGLUNDS SNABBKÖP,Berguvsvägen 8,Luleå,Unknown,S-958 22,Sweden,1998,2,6,Friday,1,-0.2546653357890643,0.057106717767743086
10876,BONAP,7,1998-02-09,1998-03-09,1998-02-12,3,60.42,BON APP',"12, RUE DES BOUCHERS",Marseille,Unknown,13008,France,1998,2,9,Monday,1,-0.14406840215528824,0.06420268407138972
10877,RICAR,1,1998-02-09,1998-03-09,1998-02-19,1,38.06,Ricardo Adocicados,"Av. Copacabana, 267",Rio de Janeiro,RJ,02389-890,Brazil,1998,2,9,Monday,1,-0.232230521087596,0.05854614907853629
10878,QUICK,4,1998-02-10,1998-03-10,1998-02-12,1,46.69,QUICK-Stop,Taucherstraße 10,Cunewalde,Unknown,01307,Germany,1998,2,10,Tuesday,1,-0.19820372831542177,0.06072932872917695
10879,WILMK,3,1998-02-10,1998-03-10,1998-02-12,3,8.5,Wilman Kala,Keskuskatu 45,Helsinki,Unknown,21240,Finland,1998,2,10,Tuesday,1,-0.3487811577440816,0.051068189579933976
10880,FOLKO,7,1998-02-10,1998-03-24,1998-02-18,1,88.01,folk och fä hb,Åkergatan 24,bräcke,Unknown,S-844 67,Sweden,1998,2,10,Tuesday,1,-0.03528517937611244,0.07118228158716908
10881,CACTU,4,1998-02-11,1998-03-11,,1,2.84,Cactus Comidas para llevar,CERRITO 333,Buenos Aires,Unknown,1010,Argentina,1998,2,11,Wednesday,1,-0.3710976869550324,0.049636347537914724
10882,SAVEA,4,1998-02-11,1998-03-11,1998-02-20,3,23.1,save-a-lot markets,187 Suffolk Ln.,Boise,ID,83720,USA,1998,2,11,Wednesday,1,-0.29121555235894325,0.05476163371659141
10883,LONEP,8,1998-02-12,1998-03-12,1998-02-20,3,0.53,Lonesome Pine Restaurant,89 Chiaroscuro Rd.,PORTLAND,OR,97219,USA,1998,2,12,Thursday,1,-0.38020566972487285,0.049051973842320296
10884,LETSS,4,1998-02-12,1998-03-12,1998-02-13,2,90.97,Let's Stop N Shop,87 Polk St. Suite 5,San Francisco,CA,94117,USA,1998,2,12,Thursday,1,-0.023614344311728253,0.07193108943953251
10885,SUPRD,6,1998-02-12,1998-03-12,1998-02-18,3,5.64,Suprêmes délices,"Boulevard Tirou, 255",Charleroi,Unknown,B-6000,Belgium,1998,2,12,Thursday,1,-0.3600577078400744,0.05034467929015039
10886,HANAR,1,1998-02-13,1998-03-13,1998-03-02,1,4.99,Hanari Carnes,"RUA DO PAÇO, 67",Rio de Janeiro,RJ,05454-876,Brazil,1998,2,13,Friday,1,-0.36262056013461824,0.0501802451333814
10887,GALED,8,1998-02-13,1998-03-13,1998-02-16,3,1.25,Galería del gastronómo,"Rambla de Cataluña, 23",BARCELONA,Unknown,8022,Spain,1998,2,13,Friday,1,-0.3773668179524551,0.04923411629289518
10888,GODOS,1,1998-02-16,1998-03-16,1998-02-23,2,51.87,godos cocina típica,"c/ romero, 33",Sevilla,Unknown,41101,Spain,1998,2,16,Monday,1,-0.1777797669527494,0.06203974247081294
10889,RATTC,9,1998-02-16,1998-03-16,1998-02-23,3,280.61,Rattlesnake Canyon Grocery,2817 milton dr.,albuquerque,NM,87110,USA,1998,2,16,Monday,1,0.724107669745644,0.11990538711595139
10890,DUMON,7,1998-02-16,1998-03-16,,1,32.76,du monde entier,"67, rue des Cinquante Otages",Nantes,Unknown,44000,France,1998,2,16,Monday,1,-0.25312762441233805,0.057205378261804475
10891,LEHMS,7,1998-02-17,1998-03-17,1998-02-19,2,20.37,Lehmanns Marktstand,Magazinweg 7,Frankfurt a.M.,Unknown,60528,Germany,1998,2,17,Tuesday,1,-0.3019795319960273,0.054071010258161634
10892,MAISD,4,1998-02-17,1998-03-17,1998-02-19,2,120.27,Maison Dewey,RUE JOSEPH-BENS 532,Bruxelles,Unknown,B-1180,Belgium,1998,2,17,Tuesday,1,0.09191115142693976,0.07934327527542721
10893,KOENE,9,1998-02-18,1998-03-18,1998-02-20,2,77.78,Königlich Essen,Maubelstr. 90,Brandenburg,Unknown,14776,Germany,1998,2,18,Wednesday,1,-0.07562053164254842,0.06859434093525088
10894,SAVEA,1,1998-02-18,1998-03-18,1998-02-20,1,116.13,SAVE-A-LOT MARKETS,187 Suffolk Ln.,Boise,ID,83720,USA,1998,2,18,Wednesday,1,0.07558775373553753,0.07829595618462161
10895,ERNSH,3,1998-02-18,1998-03-18,1998-02-23,1,162.75,ernst handel,Kirchgasse 6,graz,Unknown,8010,Austria,1998,2,18,Wednesday,1,0.25940340599958883,0.09008967985934556
10896,MAISD,7,1998-02-27,1998-03-19,1998-02-27,3,32.45,Maison Dewey,RUE JOSEPH-BENS 532,Bruxelles,Unknown,B-1180,Belgium,1998,2,27,Friday,1,-0.2543499078143512,0.057126955817806954
10897,HUNGO,3,1998-02-19,1998-03-19,1998-02-25,2,603.54,HUNGRY OWL ALL-NIGHT GROCERS,8 JOHNSTOWN ROAD,Cork,Co. Cork,Unknown,Ireland,1998,2,19,Thursday,1,1.9973721181718578,0.20159880595504623
10898,OCEAN,4,1998-02-20,1998-03-20,1998-03-06,2,1.27,Océano Atlántico Ltda.,ing. gustavo moncada 8585 piso 20-a,Buenos Aires,Unknown,1010,Argentina,1998,2,20,Friday,1,-0.3772879609587768,0.04923917580541116
10899,LILAS,5,1998-02-20,1998-03-20,1998-02-26,3,1.21,LILA-Supermercado,Carrera 52 con Ave. Bolívar #65-98 Llano Largo,Barquisimeto,Lara,3508,Venezuela,1998,2,20,Friday,1,-0.3775245319398116,0.049223997267863244
10900,WELLI,1,1998-02-20,1998-03-20,1998-03-04,2,1.66,Wellington Importadora,"Rua do Mercado, 12",Resende,SP,08737-363,Brazil,1998,2,20,Friday,1,-0.3757502495820505,0.04933783629947255
10901,HILAA,4,1998-02-23,1998-03-23,1998-02-26,1,62.09,HILARION-Abastos,Carrera 22 con Ave. Carlos Soublette #8-35,san cristóbal,Táchira,5022,Venezuela,1998,2,23,Monday,1,-0.13748384318315254,0.06462515336647315
10902,FOLKO,1,1998-02-23,1998-03-23,1998-03-03,1,44.15,FOLK OCH FÄ HB,åkergatan 24,Bräcke,Unknown,S-844 67,Sweden,1998,2,23,Monday,1,-0.2082185665125623,0.06008677063964887
10903,HANAR,3,1998-02-24,1998-03-24,1998-03-04,3,36.71,Hanari Carnes,"Rua do Paço, 67",Rio de Janeiro,RJ,05454-876,Brazil,1998,2,24,Tuesday,1,-0.23755336816087935,0.05820463198370838
10904,WHITC,3,1998-02-24,1998-03-24,1998-02-27,3,162.95,White Clover Markets,1029 - 12th Ave. S.,Seattle,WA,98124,USA,1998,2,24,Tuesday,1,0.2601919759363715,0.09014027498450525
10905,WELLI,9,1998-02-24,1998-03-24,1998-03-06,2,13.72,Wellington Importadora,"Rua do Mercado, 12",Resende,SP,08737-363,Brazil,1998,2,24,Tuesday,1,-0.32819948239405267,0.052388722346601906
10906,WOLZA,4,1998-02-25,1998-03-11,1998-03-03,3,26.29,Wolski Zajazd,ul. Filtrowa 68,Warszawa,Unknown,01-012,Poland,1998,2,25,Wednesday,1,-0.2786378618672589,0.05556862596288848
10907,SPECD,6,1998-02-25,1998-03-25,1998-02-27,3,9.19,Spécialités du monde,"25, rue Lauriston",PARIS,Unknown,75016,France,1998,2,25,Wednesday,1,-0.3460605914621812,0.05124274276173491
10908,REGGC,4,1998-02-26,1998-03-26,1998-03-06,2,32.96,Reggiani Caseifici,STRADA PROVINCIALE 124,REGGIO EMILIA,Unknown,42100,Italy,1998,2,26,Thursday,1,-0.25233905447555527,0.05725597338696417
10909,SANTG,1,1998-02-26,1998-03-26,1998-03-10,2,53.05,SANTÉ GOURMET,erling skakkes gate 78,stavern,Unknown,4110,Norway,1998,2,26,Thursday,1,-0.1731272043257314,0.06233825370925512
10910,WILMK,1,1998-02-26,1998-03-26,1998-03-04,3,38.11,WILMAN KALA,Keskuskatu 45,Helsinki,Unknown,21240,Finland,1998,2,26,Thursday,1,-0.23203337860340034,0.05855879785982621
10911,GODOS,3,1998-02-26,1998-03-26,1998-03-05,1,38.19,Godos Cocina Típica,"C/ ROMERO, 33",Sevilla,Unknown,41101,Spain,1998,2,26,Thursday,1,-0.23171795062868725,0.05857903590989009
10912,HUNGO,2,1998-02-26,1998-03-26,1998-03-18,2,580.91,hungry owl all-night grocers,8 Johnstown Road,Cork,Co. Cork,Unknown,Ireland,1998,2,26,Thursday,1,1.9081454298248934,0.19587396754322722
10913,QUEEN,4,1998-02-26,1998-03-26,1998-03-04,1,33.05,QUEEN COZINHA,"Alameda dos Canàrios, 891",Sao Paulo,SP,05487-020,Brazil,1998,2,26,Thursday,1,-0.25198419800400307,0.057278741193286034
10914,QUEEN,6,1998-02-27,1998-03-27,1998-03-02,1,21.19,Queen Cozinha,"Alameda dos Canàrios, 891",Sao Paulo,SP,05487-020,Brazil,1998,2,27,Friday,1,-0.2987463952552182,0.054278450271316364
10915,TORTU,2,1998-02-27,1998-03-27,1998-03-02,2,3.51,tortuga restaurante,Avda. Azteca 123,méxico d.f.,Unknown,05033,Mexico,1998,2,27,Friday,1,-0.3684559776668103,0.049805841207199684
10916,RANCH,1,1998-02-27,1998-03-27,1998-03-09,2,63.77,rancho grande,Av. del Libertador 900,buenos aires,Unknown,1010,Argentina,1998,2,27,Friday,1,-0.13085985571417774,0.06505015241781455
10917,ROMEY,4,1998-03-02,1998-03-30,1998-03-11,2,8.29,Romero y tomillo,"gran vía, 1",Madrid,Unknown,28001,Spain,1998,3,2,Monday,1,-0.34960915617770344,0.0510150646985163
10918,BOTTM,3,1998-03-02,1998-03-30,1998-03-11,3,48.83,Bottom-Dollar Markets,23 Tsawassen Blvd.,Tsawassen,BC,T2F 8M4,Canada,1998,3,2,Monday,1,-0.18976602999184672,0.06127069656838564
10919,LINOD,2,1998-03-02,1998-03-30,1998-03-04,2,19.8,LINO-Delicateses,ave. 5 de mayo porlamar,I. de Margarita,Nueva Esparta,4980,Venezuela,1998,3,2,Monday,1,-0.30422695631585805,0.05392681415145651
10920,AROUT,4,1998-03-03,1998-03-31,1998-03-09,2,29.61,Around the Horn,BROOK FARM STRATFORD ST. MARY,Colchester,Essex,CO7 6JX,UK,1998,3,3,Tuesday,1,-0.2655476009166658,0.056408505040539354
10921,VAFFE,1,1998-03-03,1998-04-14,1998-03-09,1,176.48,Vaffeljernet,Smagsloget 45,Århus,Unknown,8200,Denmark,1998,3,3,Tuesday,1,0.31353873215972233,0.09356303520155834
10922,HANAR,5,1998-03-03,1998-03-31,1998-03-05,3,2357.0,Hanari Carnes,"Rua do Paço, 67",Rio de Janeiro,RJ,05454-876,Brazil,1998,3,3,Tuesday,1,8.911001324926971,0.6451814467676039
10923,LAMAI,7,1998-03-03,1998-04-14,1998-03-13,3,68.26,La maison d'Asie,1 rue Alsace-Lorraine,Toulouse,Unknown,31000,France,1998,3,3,Tuesday,1,-0.11315646063340573,0.0661860129776496
10924,BERGS,3,1998-03-04,1998-04-01,1998-04-08,2,151.52,BERGLUNDS SNABBKÖP,Berguvsvägen 8,LULEÅ,Unknown,S-958 22,Sweden,1998,3,4,Wednesday,1,0.21512520404923935,0.0872487635816289
10925,HANAR,3,1998-03-04,1998-04-01,1998-03-13,1,2.27,hanari carnes,"RUA DO PAÇO, 67",Rio de Janeiro,RJ,05454-876,Brazil,1998,3,4,Wednesday,1,-0.3733451112748632,0.04949215143120961
10926,ANATR,4,1998-03-04,1998-04-01,1998-03-11,3,39.92,Ana Trujillo Emparedados y helados,Avda. de la Constitución 2222,méxico d.f.,Unknown,05021,Mexico,1998,3,4,Wednesday,1,-0.22489682067551672,0.05901668374252141
10927,LACOR,4,1998-03-05,1998-04-02,1998-04-08,1,19.79,La corne d'abondance,"67, avenue de l'Europe",versailles,Unknown,78000,France,1998,3,5,Thursday,1,-0.30426638481269724,0.05392428439519852
10928,GALED,1,1998-03-05,1998-04-02,1998-03-18,1,1.36,Galería del gastronómo,"Rambla de Cataluña, 23",Barcelona,Unknown,8022,Spain,1998,3,5,Thursday,1,-0.37693310448722456,0.049261943611733014
10929,FRANK,6,1998-03-05,1998-04-02,1998-03-12,1,33.93,Frankenversand,berliner platz 43,münchen,Unknown,80805,Germany,1998,3,5,Thursday,1,-0.2485144902821591,0.05750135974398867
10930,SUPRD,4,1998-03-06,1998-04-17,1998-03-18,3,15.55,SUPRÊMES DÉLICES,"Boulevard Tirou, 255",Charleroi,Unknown,B-6000,Belgium,1998,3,6,Friday,1,-0.3209840674724908,0.05285166774181308
10931,RICSU,4,1998-03-06,1998-03-20,1998-03-19,2,13.6,Richter Supermarkt,Starenweg 5,Genève,Unknown,1204,Switzerland,1998,3,6,Friday,1,-0.3286726243561223,0.05235836527150609
10932,BONAP,8,1998-03-06,1998-04-03,1998-03-24,1,134.64,Bon app',"12, rue des Bouchers",Marseille,Unknown,13008,France,1998,3,6,Friday,1,0.14856990138477794,0.082978535018151
10933,ISLAT,6,1998-03-06,1998-04-03,1998-03-16,3,54.15,Island Trading,Garden House Crowther Way,cowes,Isle of Wight,PO31 7PJ,UK,1998,3,6,Friday,1,-0.16879006967342644,0.06261652689763342
10934,LEHMS,3,1998-03-09,1998-04-06,1998-03-12,3,32.01,Lehmanns Marktstand,MAGAZINWEG 7,Frankfurt a.M.,Unknown,60528,Germany,1998,3,9,Monday,1,-0.2560847616752732,0.05701564654245564
10935,WELLI,4,1998-03-09,1998-04-06,1998-03-18,3,47.59,Wellington Importadora,"Rua do Mercado, 12",Resende,SP,08737-363,Brazil,1998,3,9,Monday,1,-0.19465516359989954,0.06095700679239556
10936,GREAL,3,1998-03-09,1998-04-06,1998-03-18,2,33.68,Great Lakes Food Market,2732 BAKER BLVD.,EUGENE,OR,97403,USA,1998,3,9,Monday,1,-0.2495002027031375,0.05743811583753906
10937,CACTU,7,1998-03-10,1998-03-24,1998-03-13,3,31.51,Cactus Comidas para llevar,Cerrito 333,buenos aires,Unknown,1010,Argentina,1998,3,10,Tuesday,1,-0.25805618651722995,0.05688915872955641
10938,QUICK,3,1998-03-10,1998-04-07,1998-03-16,2,31.89,QUICK-Stop,Taucherstraße 10,Cunewalde,Unknown,01307,Germany,1998,3,10,Tuesday,1,-0.2565579036373428,0.05698528946735982
10939,MAGAA,2,1998-03-10,1998-04-07,1998-03-13,2,76.33,Magazzini Alimentari Riuniti,Via Ludovico il Moro 22,bergamo,Unknown,24100,Italy,1998,3,10,Tuesday,1,-0.08133766368422313,0.06822752627784313
10940,BONAP,8,1998-03-11,1998-04-08,1998-03-23,3,19.77,Bon app',"12, RUE DES BOUCHERS",Marseille,Unknown,13008,France,1998,3,11,Wednesday,1,-0.3043452418063755,0.05391922488268256
10941,SAVEA,7,1998-03-11,1998-04-08,1998-03-20,2,400.81,Save-a-lot Markets,187 SUFFOLK LN.,boise,ID,83720,USA,1998,3,11,Wednesday,1,1.1980382017520568,0.1503130573369256
10942,REGGC,9,1998-03-11,1998-04-08,1998-03-18,3,17.95,Reggiani Caseifici,strada provinciale 124,reggio emilia,Unknown,42100,Italy,1998,3,11,Wednesday,1,-0.3115212282310982,0.053458809243729366
10943,BSBEV,4,1998-03-11,1998-04-08,1998-03-19,2,2.17,b's beverages,FAUNTLEROY CIRCUS,London,Unknown,EC2 5NT,UK,1998,3,11,Wednesday,1,-0.37373939624325453,0.049466853868629757
10944,BOTTM,6,1998-03-12,1998-03-26,1998-03-13,3,52.92,Bottom-Dollar Markets,23 Tsawassen Blvd.,Tsawassen,BC,T2F 8M4,Canada,1998,3,12,Thursday,1,-0.17363977478464013,0.06230536687790132
10945,MORGK,4,1998-03-12,1998-04-09,1998-03-18,1,10.22,Morgenstern Gesundkost,HEERSTR. 22,leipzig,Unknown,04179,Germany,1998,3,12,Thursday,1,-0.3419994562877502,0.05150330765630732
10946,VAFFE,1,1998-03-12,1998-04-09,1998-03-19,2,27.2,Vaffeljernet,Smagsloget 45,Århus,Unknown,8200,Denmark,1998,3,12,Thursday,1,-0.2750498686548975,0.05579883378236507
10947,BSBEV,3,1998-03-13,1998-04-10,1998-03-16,2,3.26,B'S BEVERAGES,fauntleroy circus,London,Unknown,EC2 5NT,UK,1998,3,13,Friday,1,-0.3694416900877887,0.04974259730075008
10948,GODOS,3,1998-03-13,1998-04-10,1998-03-19,3,23.39,Godos Cocina Típica,"C/ Romero, 33",Sevilla,Unknown,41101,Spain,1998,3,13,Friday,1,-0.2900721259506083,0.05483499664807296
10949,BOTTM,2,1998-03-13,1998-04-10,1998-03-17,3,74.44,Bottom-Dollar Markets,23 TSAWASSEN BLVD.,tsawassen,BC,T2F 8M4,Canada,1998,3,13,Friday,1,-0.08878964958681981,0.06774940234508406
10950,MAGAA,1,1998-03-16,1998-04-13,1998-03-23,2,2.5,Magazzini Alimentari Riuniti,Via Ludovico il Moro 22,Bergamo,Unknown,24100,Italy,1998,3,16,Monday,1,-0.37243825584756307,0.04955033582514325
10951,RICSU,9,1998-03-16,1998-04-27,1998-04-07,2,30.85,Richter Supermarkt,Starenweg 5,Genève,Unknown,1204,Switzerland,1998,3,16,Monday,1,-0.260658467308613,0.05672219481652943
10952,ALFKI,1,1998-03-16,1998-04-27,1998-03-24,1,40.42,Alfred's Futterkiste,Obere Str. 57,BERLIN,Unknown,12209,Germany,1998,3,16,Monday,1,-0.22292539583355994,0.05914317155542064
10953,AROUT,9,1998-03-16,1998-03-30,1998-03-25,2,23.72,Around the Horn,Brook Farm Stratford St. Mary,Colchester,Essex,CO7 6JX,UK,1998,3,16,Monday,1,-0.2887709855549168,0.05491847860458645
10954,LINOD,5,1998-03-17,1998-04-28,1998-03-20,1,27.91,LINO-Delicateses,Ave. 5 de Mayo Porlamar,I. DE MARGARITA,Nueva Esparta,4980,Venezuela,1998,3,17,Tuesday,1,-0.2722504453793189,0.05597844647668197
10955,FOLKO,8,1998-03-17,1998-04-14,1998-03-20,2,3.26,Folk och fä HB,Åkergatan 24,BRÄCKE,Unknown,S-844 67,Sweden,1998,3,17,Tuesday,1,-0.3694416900877887,0.04974259730075008
10956,BLAUS,6,1998-03-17,1998-04-28,1998-03-20,2,44.65,Blauer See Delikatessen,Forsterstr. 57,Mannheim,Unknown,68306,Germany,1998,3,17,Tuesday,1,-0.20624714167060548,0.0602132584525481
10957,HILAA,8,1998-03-18,1998-04-15,1998-03-27,3,105.36,HILARION-ABASTOS,Carrera 22 con Ave. Carlos Soublette #8-35,San Cristóbal,Táchira,5022,Venezuela,1998,3,18,Wednesday,1,0.03312326263978823,0.07557140869477226
10958,OCEAN,7,1998-03-18,1998-04-15,1998-03-27,2,49.56,Océano Atlántico Ltda.,ing. gustavo moncada 8585 piso 20-a,Buenos Aires,Unknown,1010,Argentina,1998,3,18,Wednesday,1,-0.18688774972258979,0.06145536877521851
10959,GOURL,6,1998-03-18,1998-04-29,1998-03-23,2,4.98,gourmet lanchonetes,"Av. Brasil, 442",Campinas,SP,04876-786,Brazil,1998,3,18,Wednesday,1,-0.3626599886314574,0.050177715377123414
10960,HILAA,3,1998-03-19,1998-04-02,1998-04-08,1,2.08,HILARION-Abastos,Carrera 22 con Ave. Carlos Soublette #8-35,SAN CRISTÓBAL,Táchira,5022,Venezuela,1998,3,19,Thursday,1,-0.3740942527148068,0.0494440860623079
10961,QUEEN,8,1998-03-19,1998-04-16,1998-03-30,1,104.47,QUEEN COZINHA,"Alameda dos Canàrios, 891",Sao Paulo,SP,05487-020,Brazil,1998,3,19,Thursday,1,0.029614126421105138,0.07534626038781164
10962,QUICK,8,1998-03-19,1998-04-16,1998-03-23,2,275.79,quick-stop,Taucherstraße 10,Cunewalde,Unknown,01307,Germany,1998,3,19,Thursday,1,0.7051031342691805,0.11868604459960284
10963,FURIB,9,1998-03-19,1998-04-16,1998-03-26,3,2.7,Furia Bacalhau e Frutos do Mar,Jardim das rosas n. 32,Lisboa,Unknown,1675,Portugal,1998,3,19,Thursday,1,-0.37164968591078035,0.04960093095030294
10964,SPECD,3,1998-03-20,1998-04-17,1998-03-24,2,87.38,Spécialités du monde,"25, rue lauriston",Paris,Unknown,75016,France,1998,3,20,Friday,1,-0.03776917467697803,0.07102290694291605
10965,OLDWO,6,1998-03-20,1998-04-17,1998-03-30,3,144.38,Old World Delicatessen,2743 Bering St.,Anchorage,AK,99508,USA,1998,3,20,Friday,1,0.1869732573060963,0.08544251761342796
10966,CHOPS,4,1998-03-20,1998-04-17,1998-04-08,1,27.19,Chop-suey Chinese,Hauptstr. 31,Bern,Unknown,3012,Switzerland,1998,3,20,Friday,1,-0.2750892971517367,0.05579630402610709
10967,TOMSP,2,1998-03-23,1998-04-20,1998-04-02,2,62.22,Toms Spezialitäten,LUISENSTR. 48,münster,Unknown,44087,Germany,1998,3,23,Monday,1,-0.1369712727242438,0.06465804019782695
10968,ERNSH,1,1998-03-23,1998-04-20,1998-04-01,3,74.6,Ernst Handel,Kirchgasse 6,graz,Unknown,8010,Austria,1998,3,23,Monday,1,-0.08815879363739365,0.06778987844521181
10969,COMMI,1,1998-03-23,1998-04-20,1998-03-30,2,0.21,Comércio Mineiro,"av. dos lusíadas, 23",Sao Paulo,SP,05432-043,Brazil,1998,3,23,Monday,1,-0.38146738162372523,0.048971021642064794
10970,BOLID,9,1998-03-24,1998-04-07,1998-04-24,1,16.16,Bólido Comidas preparadas,"C/ Araquil, 67",Madrid,Unknown,28023,Spain,1998,3,24,Tuesday,1,-0.3185789291653035,0.053005982873550135
10971,FRANR,2,1998-03-24,1998-04-21,1998-04-02,2,121.82,France restauration,"54, RUE ROYALE",Nantes,Unknown,44000,France,1998,3,24,Tuesday,1,0.09802256843700581,0.07973538749541483
10972,LACOR,4,1998-03-24,1998-04-21,1998-03-26,2,0.02,La corne d'abondance,"67, avenue de l'Europe",Versailles,Unknown,78000,France,1998,3,24,Tuesday,1,-0.38221652306366877,0.048922956273163086
10973,LACOR,6,1998-03-24,1998-04-21,1998-03-27,2,15.17,La corne d'abondance,"67, avenue de l'europe",Versailles,Unknown,78000,France,1998,3,24,Tuesday,1,-0.32248235035237793,0.052755537004009666
10974,SPLIR,3,1998-03-25,1998-04-08,1998-04-03,3,12.96,Split Rail Beer & Ale,P.O. Box 555,Lander,WY,82520,USA,1998,3,25,Wednesday,1,-0.33119604815382697,0.05219646087099509
10975,BOTTM,1,1998-03-25,1998-04-22,1998-03-27,3,32.27,BOTTOM-DOLLAR MARKETS,23 Tsawassen Blvd.,Tsawassen,BC,T2F 8M4,Canada,1998,3,25,Wednesday,1,-0.25505962075745564,0.05708142020516324
10976,HILAA,1,1998-03-25,1998-05-06,1998-04-03,1,37.97,hilarion-abastos,Carrera 22 con Ave. Carlos Soublette #8-35,San Cristóbal,Táchira,5022,Venezuela,1998,3,25,Wednesday,1,-0.23258537755914824,0.058523381272214424
10977,FOLKO,8,1998-03-26,1998-04-23,1998-04-10,3,208.5,Folk och fä HB,Åkergatan 24,Bräcke,Unknown,S-844 67,Sweden,1998,3,26,Thursday,1,0.43978877903863534,0.10166331473962484
10978,MAISD,9,1998-03-26,1998-04-23,1998-04-23,2,32.82,MAISON DEWEY,Rue Joseph-Bens 532,Bruxelles,Unknown,B-1180,Belgium,1998,3,26,Thursday,1,-0.2528910534313032,0.05722055679935238
10979,ERNSH,8,1998-03-26,1998-04-23,1998-03-31,2,353.07,Ernst Handel,Kirchgasse 6,Graz,Unknown,8010,Austria,1998,3,26,Thursday,1,1.0098065578420221,0.1382360009613074
10980,FOLKO,4,1998-03-27,1998-05-08,1998-04-17,1,1.26,FOLK OCH FÄ HB,Åkergatan 24,Bräcke,Unknown,S-844 67,Sweden,1998,3,27,Friday,1,-0.3773273894556159,0.04923664604915316
10981,HANAR,1,1998-03-27,1998-04-24,1998-04-02,2,-193.37,Hanari Carnes,"RUA DO PAÇO, 67",Rio de Janeiro,RJ,05454-876,Brazil,1998,3,27,Friday,1,-1.144724223435717,0.0
10982,BOTTM,2,1998-03-27,1998-04-24,1998-04-08,1,14.01,Bottom-Dollar Markets,23 Tsawassen Blvd.,Tsawassen,BC,T2F 8M4,Canada,1998,3,27,Friday,1,-0.3270560559857177,0.05246208527808346
10983,SAVEA,2,1998-03-27,1998-04-24,1998-04-06,2,657.54,Save-a-lot Markets,187 Suffolk Ln.,Boise,ID,83720,USA,1998,3,27,Friday,1,2.2102860011031913,0.21525948974816278
10984,SAVEA,1,1998-03-30,1998-04-27,1998-04-03,3,211.22,save-a-lot markets,187 suffolk ln.,boise,ID,83720,USA,1998,3,30,Monday,1,0.4505133301788803,0.10235140844179665
10985,HUNGO,2,1998-03-30,1998-04-27,1998-04-02,1,91.51,HUNGRY OWL ALL-NIGHT GROCERS,8 Johnstown Road,Cork,Co. Cork,Unknown,Ireland,1998,3,30,Monday,1,-0.021485205482414893,0.07206769627746366
10986,OCEAN,8,1998-03-30,1998-04-27,1998-04-21,2,217.86,océano atlántico ltda.,ing. gustavo moncada 8585 piso 20-a,Buenos Aires,Unknown,1010,Argentina,1998,3,30,Monday,1,0.47669385208006654,0.10403116659709838
10987,EASTC,8,1998-03-31,1998-04-28,1998-04-06,1,185.48,Eastern Connection,35 King George,LONDON,Unknown,WX3 6FW,UK,1998,3,31,Tuesday,1,0.34902437931494457,0.09583981583374443
10988,RATTC,3,1998-03-31,1998-04-28,1998-04-10,2,61.14,Rattlesnake Canyon Grocery,2817 Milton Dr.,Albuquerque,NM,87110,USA,1998,3,31,Tuesday,1,-0.14122955038287047,0.0643848265219646
10989,QUEDE,2,1998-03-31,1998-04-28,1998-04-02,1,34.76,Que Delícia,"Rua da Panificadora, 12",Rio de Janeiro,RJ,02389-673,Brazil,1998,3,31,Tuesday,1,-0.24524192504451084,0.05771132951340138
10990,ERNSH,2,1998-04-01,1998-05-13,1998-04-07,3,117.61,ERNST HANDEL,Kirchgasse 6,Graz,Unknown,8010,Austria,1998,4,1,Wednesday,2,0.08142317126772965,0.07867036011080333
10991,QUICK,1,1998-04-01,1998-04-29,1998-04-07,1,38.51,QUICK-STOP,TAUCHERSTRASSE 10,Cunewalde,Unknown,01307,Germany,1998,4,1,Wednesday,2,-0.2304562387298349,0.05865998811014559
10992,THEBI,1,1998-04-01,1998-04-29,1998-04-03,3,4.27,The Big Cheese,89 Jefferson Way Suite 2,portland,OR,97201,USA,1998,4,1,Wednesday,2,-0.36545941190703607,0.049998102682806515
10993,FOLKO,7,1998-04-01,1998-04-29,1998-04-10,3,8.81,Folk och fä HB,Åkergatan 24,Bräcke,Unknown,S-844 67,Sweden,1998,4,1,Wednesday,2,-0.34755887434206834,0.0511466120239315
10994,VAFFE,2,1998-04-02,1998-04-16,1998-04-09,3,65.53,Vaffeljernet,Smagsloget 45,Århus,Unknown,8200,Denmark,1998,4,2,Thursday,2,-0.12392044027048983,0.06549538951921982
10995,PERIC,1,1998-04-02,1998-04-30,1998-04-06,3,46.0,pericles comidas clásicas,Calle Dr. Jorge Cash 321,México D.F.,Unknown,05033,Mexico,1998,4,2,Thursday,2,-0.20092429459732214,0.06055477554737602
10996,QUICK,4,1998-04-02,1998-04-30,1998-04-10,2,1.12,QUICK-Stop,Taucherstraße 10,Cunewalde,Unknown,01307,Germany,1998,4,2,Thursday,2,-0.3778793884113638,0.04920122946154139
10997,LILAS,8,1998-04-03,1998-05-15,1998-04-13,2,73.91,LILA-Supermercado,Carrera 52 con Ave. Bolívar #65-98 Llano Largo,Barquisimeto,Lara,3508,Venezuela,1998,4,3,Friday,2,-0.09087935991929401,0.06761532526341087
10998,WOLZA,8,1998-04-03,1998-04-17,1998-04-17,2,20.31,Wolski Zajazd,ul. Filtrowa 68,Warszawa,Unknown,01-012,Poland,1998,4,3,Friday,2,-0.30221610297706214,0.05405583172061372
10999,OTTIK,6,1998-04-03,1998-05-01,1998-04-10,2,96.35,Ottilies Käseladen,MEHRHEIMERSTR. 369,KÖLN,Unknown,50739,Germany,1998,4,3,Friday,2,-0.002401813012273186,0.0732920983063282
11000,RATTC,2,1998-04-06,1998-05-04,1998-04-14,3,55.12,Rattlesnake Canyon Grocery,2817 milton dr.,Albuquerque,NM,87110,USA,1998,4,6,Monday,2,-0.16496550548003028,0.06286191325465793
11001,FOLKO,2,1998-04-06,1998-05-04,1998-04-14,2,197.3,Folk och fä HB,Åkergatan 24,BRÄCKE,Unknown,Unknown,Sweden,1998,4,6,Monday,2,0.39562886257880325,0.09882998773068216
11002,SAVEA,4,1998-04-06,1998-05-04,1998-04-16,1,141.16,SAVE-A-LOT MARKETS,187 suffolk ln.,Boise,ID,83720,USA,1998,4,6,Monday,2,0.17427728132389456,0.08462793609835692
11003,THECR,3,1998-04-06,1998-05-04,1998-04-08,3,14.91,The Cracker Box,55 Grizzly Peak Rd.,Butte,MT,59801,USA,1998,4,6,Monday,2,-0.3235074912701955,0.05268976334130207
11004,MAISD,3,1998-04-07,1998-05-05,1998-04-20,1,44.84,Maison Dewey,Rue Joseph-Bens 532,Bruxelles,Unknown,B-1180,Belgium,1998,4,7,Tuesday,2,-0.2054980002306619,0.06026132382144981
11005,WILMK,2,1998-04-07,1998-05-05,1998-04-10,1,0.75,Wilman Kala,Keskuskatu 45,Helsinki,Unknown,21240,Finland,1998,4,7,Tuesday,2,-0.37933824279441186,0.04910762847999595
11006,GREAL,3,1998-04-07,1998-05-05,1998-04-15,2,25.19,Great Lakes Food Market,2732 Baker Blvd.,Eugene,OR,97403,USA,1998,4,7,Tuesday,2,-0.28297499651956387,0.05529035277451018
11007,PRINI,8,1998-04-08,1998-05-06,1998-04-13,2,202.24,Princesa Isabel Vinhos,Estrada da saúde n. 58,Lisboa,Unknown,1756,Portugal,1998,4,8,Wednesday,2,0.4151065400173363,0.10007968732212652
11008,ERNSH,7,1998-04-08,1998-05-06,,3,79.46,ERNST HANDEL,Kirchgasse 6,Graz,Unknown,8010,Austria,1998,4,8,Wednesday,2,-0.06899654417357363,0.06901933998659229
11009,GODOS,2,1998-04-08,1998-05-06,1998-04-10,1,59.11,godos cocina típica,"C/ Romero, 33",Sevilla,Unknown,41101,Spain,1998,4,8,Wednesday,2,-0.14923353524121505,0.06387128600159375
11010,REGGC,2,1998-04-09,1998-05-07,1998-04-21,2,28.71,Reggiani Caseifici,Strada Provinciale 124,Reggio Emilia,Unknown,42100,Italy,1998,4,9,Thursday,2,-0.26909616563218797,0.05618082697732074
11011,ALFKI,3,1998-04-09,1998-05-07,1998-04-13,1,1.21,alfred's futterkiste,Obere Str. 57,BERLIN,Unknown,12209,Germany,1998,4,9,Thursday,2,-0.3775245319398116,0.049223997267863244
11012,FRANK,1,1998-04-09,1998-04-23,1998-04-17,3,242.95,Frankenversand,Berliner Platz 43,MÜNCHEN,Unknown,80805,Germany,1998,4,9,Thursday,2,0.5756199506494583,0.11037832504838159
11013,ROMEY,2,1998-04-09,1998-05-07,1998-04-10,1,32.99,romero y tomillo,"GRAN VÍA, 1",Madrid,Unknown,28001,Spain,1998,4,9,Thursday,2,-0.25222076898503787,0.05726356265573813
11014,LINOD,2,1998-04-10,1998-05-08,1998-04-15,3,23.6,LINO-Delicateses,Ave. 5 de Mayo Porlamar,i. de margarita,Nueva Esparta,4980,Venezuela,1998,4,10,Friday,2,-0.28924412751698647,0.05488812152949064
11015,SANTG,2,1998-04-10,1998-04-24,1998-04-20,2,4.62,Santé Gourmet,Erling Skakkes gate 78,Stavern,Unknown,4110,Norway,1998,4,10,Friday,2,-0.36407941451766623,0.050086644151835974
11016,AROUT,9,1998-04-10,1998-05-08,1998-04-13,2,33.8,Around the Horn,Brook Farm Stratford St. Mary,Colchester,Essex,Unknown,UK,1998,4,10,Friday,2,-0.2490270607410679,0.05746847291263488
11017,ZZZZZ,9,1998-04-13,1998-05-11,1998-04-20,2,754.26,ernst handel,Kirchgasse 6,Graz,Unknown,8010,Austria,1998,4,13,Monday,2,2.591638422531313,0.23972729227538928
11018,LONEP,4,1998-04-13,1998-05-11,,2,11.65,Lonesome Pine Restaurant,89 Chiaroscuro Rd.,Portland,OR,97219,USA,1998,4,13,Monday,2,-0.3363611812397537,0.05186506280119911
11019,RANCH,6,1998-04-13,1998-05-11,,3,3.17,Rancho grande,Av. del Libertador 900,Buenos Aires,Unknown,1010,Argentina,1998,4,13,Monday,2,-0.36979654655934097,0.049719829494428214
11020,OTTIK,2,1998-04-14,1998-05-12,1998-04-16,2,43.3,Ottilies Käseladen,MEHRHEIMERSTR. 369,Köln,Unknown,50739,Germany,1998,4,14,Tuesday,2,-0.21156998874388883,0.05987174135772019
11021,QUICK,3,1998-04-14,1998-05-12,1998-04-21,1,297.18,QUICK-Stop,Taucherstraße 10,Cunewalde,Unknown,01307,Germany,1998,4,14,Tuesday,2,0.7894406890080921,0.12409719323543178
11022,HANAR,9,1998-04-14,1998-05-12,1998-05-04,2,6.27,Hanari Carnes,"Rua do Paço, 67",Rio de Janeiro,RJ,05454-876,Brazil,1998,4,14,Tuesday,2,-0.3575737125392089,0.05050405393440342
11023,BSBEV,1,1998-04-14,1998-04-28,1998-04-24,2,123.83,B's Beverages,Fauntleroy Circus,london,Unknown,EC2 5NT,UK,1998,4,14,Tuesday,2,0.10594769630167214,0.08024386850326971
11024,EASTC,4,1998-04-15,1998-05-13,1998-04-20,1,74.36,Eastern Connection,35 king george,london,Unknown,WX3 6FW,UK,1998,4,15,Wednesday,2,-0.0891050775615329,0.06772916429502018
11025,WARTH,6,1998-04-15,1998-05-13,1998-04-24,3,29.17,Wartian Herkku,torikatu 38,Oulu,Unknown,90110,Finland,1998,4,15,Wednesday,2,-0.2672824547775878,0.05629719576518803
11026,FRANS,4,1998-04-15,1998-05-13,1998-04-28,1,47.09,Franchi S.p.A.,Via Monte Bianco 34,TORINO,Unknown,10100,Italy,1998,4,15,Wednesday,2,-0.19662658844185632,0.06083051897949633
11027,BOTTM,1,1998-04-16,1998-05-14,1998-04-20,1,52.52,Bottom-Dollar Markets,23 Tsawassen Blvd.,Tsawassen,BC,T2F 8M4,Canada,1998,4,16,Thursday,2,-0.17521691465820557,0.06220417662758194
11028,KOENE,2,1998-04-16,1998-05-14,1998-04-22,1,29.59,Königlich Essen,MAUBELSTR. 90,Brandenburg,Unknown,14776,Germany,1998,4,16,Thursday,2,-0.26562645791034406,0.05640344552802338
11029,CHOPS,4,1998-04-16,1998-05-14,1998-04-27,1,47.84,Chop-suey Chinese,Hauptstr. 31,BERN,Unknown,3012,Switzerland,1998,4,16,Thursday,2,-0.19366945117892115,0.061020250698845174
11030,SAVEA,7,1998-04-17,1998-05-15,1998-04-27,2,830.75,Save-a-lot Markets,187 Suffolk Ln.,Boise,ID,83720,USA,1998,4,17,Friday,2,2.8932269948538636,0.259077397892713
11031,SAVEA,6,1998-04-17,1998-05-15,1998-04-24,2,227.22,Save-a-lot Markets,187 Suffolk Ln.,Boise,ID,83720,USA,1998,4,17,Friday,2,0.5135989251214976,0.10639901845457192
11032,WHITC,2,1998-04-17,1998-05-15,1998-04-23,3,606.19,White Clover Markets,1029 - 12th ave. s.,Seattle,WA,98124,USA,1998,4,17,Friday,2,2.007820669834229,0.20226919136341215
11033,RICSU,7,1998-04-17,1998-05-15,1998-04-23,3,84.74,Richter Supermarkt,Starenweg 5,Genève,Unknown,1204,Switzerland,1998,4,17,Friday,2,-0.0481782978425099,0.07035505129080814
11034,OLDWO,8,1998-04-20,1998-06-01,1998-04-27,1,40.32,Old World Delicatessen,2743 Bering St.,Anchorage,AK,99508,USA,1998,4,20,Monday,2,-0.2233196808019513,0.05911787399284079
11035,SUPRD,2,1998-04-20,1998-05-18,1998-04-24,2,0.17,Suprêmes délices,"Boulevard Tirou, 255",Charleroi,Unknown,B-6000,Belgium,1998,4,20,Monday,2,-0.3816250956110817,0.04896090261703285
11036,DRACD,8,1998-04-20,1998-05-18,1998-04-22,3,149.47,DRACHENBLUT DELIKATESSEN,Walserweg 21,Aachen,Unknown,Unknown,Germany,1998,4,20,Monday,2,0.20704236219721645,0.08673016354874209
11037,GODOS,7,1998-04-21,1998-05-19,1998-04-27,1,3.2,Godos Cocina Típica,"C/ Romero, 33",Sevilla,Unknown,41101,Spain,1998,4,21,Tuesday,2,-0.36967826106882357,0.049727418763202164
11038,SUPRD,1,1998-04-21,1998-05-19,1998-04-30,2,29.59,SUPRÊMES DÉLICES,"BOULEVARD TIROU, 255",Charleroi,Unknown,B-6000,Belgium,1998,4,21,Tuesday,2,-0.26562645791034406,0.05640344552802338
11039,LINOD,1,1998-04-21,1998-05-19,,2,65.0,LINO-DELICATESES,ave. 5 de mayo porlamar,I. de Margarita,Nueva Esparta,4980,Venezuela,1998,4,21,Tuesday,2,-0.12601015060296403,0.06536131243754664
11040,GREAL,4,1998-04-22,1998-05-20,,3,1281.0,Great Lakes Food Market,2732 Baker Blvd.,Eugene,OR,97403,USA,1998,4,22,Wednesday,2,4.6684950650359545,0.3729796734084671
11041,CHOPS,3,1998-04-22,1998-05-20,1998-04-28,2,48.22,Chop-suey Chinese,Hauptstr. 31,Bern,Unknown,3012,Switzerland,1998,4,22,Wednesday,2,-0.192171168299034,0.06111638143664858
11042,COMMI,2,1998-04-22,1998-05-06,1998-05-01,1,29.99,Comércio Mineiro,"Av. dos Lusíadas, 23",Sao Paulo,SP,05432-043,Brazil,1998,4,22,Wednesday,2,-0.26404931803677867,0.05650463577834276
11043,SPECD,5,1998-04-22,1998-05-20,1998-04-29,2,8.8,Spécialités du monde,"25, RUE LAURISTON",Paris,Unknown,75016,France,1998,4,22,Wednesday,2,-0.3475983028389075,0.051144082267673516
11044,WOLZA,4,1998-04-23,1998-05-21,1998-05-01,1,8.72,wolski zajazd,ul. Filtrowa 68,Warszawa,Unknown,01-012,Poland,1998,4,23,Thursday,2,-0.3479137308136206,0.05112384421760963
11045,BOTTM,6,1998-04-23,1998-05-21,,2,70.58,Bottom-Dollar Markets,23 tsawassen blvd.,Tsawassen,BC,T2F 8M4,Canada,1998,4,23,Thursday,2,-0.10400904936672624,0.06677291642950202
11046,WANDK,8,1998-04-23,1998-05-21,1998-04-24,2,71.64,Die Wandernde Kuh,ADENAUERALLEE 900,Stuttgart,Unknown,70563,Germany,1998,4,23,Thursday,2,-0.09982962870177783,0.06704107059284838
11047,EASTC,7,1998-04-24,1998-05-22,1998-05-01,3,46.62,eastern connection,35 King George,London,Unknown,WX3 6FW,UK,1998,4,24,Friday,2,-0.19847972779329573,0.06071162043537106
11048,BOTTM,7,1998-04-24,1998-05-22,1998-04-30,3,24.12,bottom-dollar markets,23 Tsawassen Blvd.,Tsawassen,BC,T2F 8M4,Canada,1998,4,24,Friday,2,-0.28719384568135137,0.055019668854905834
11049,GOURL,3,1998-04-24,1998-05-22,1998-05-04,1,8.34,Gourmet Lanchonetes,"AV. BRASIL, 442",CAMPINAS,SP,04876-786,Brazil,1998,4,24,Friday,2,-0.3494120136935077,0.051027713479806225
11050,FOLKO,8,1998-04-27,1998-05-25,1998-05-05,2,59.41,Folk och fä HB,Åkergatan 24,BRÄCKE,Unknown,S-844 67,Sweden,1998,4,27,Monday,2,-0.148050680336041,0.06394717868933329
11051,LAMAI,7,1998-04-27,1998-05-25,,3,2.79,La maison d'Asie,1 rue Alsace-Lorraine,Toulouse,Unknown,31000,France,1998,4,27,Monday,2,-0.3712948294392281,0.0496236987566248
11052,HANAR,3,1998-04-27,1998-05-25,1998-05-01,1,67.26,HANARI CARNES,"Rua do Paço, 67",Rio de Janeiro,RJ,05454-876,Brazil,1998,4,27,Monday,2,-0.11709931031731932,0.06593303735185115
11053,PICCO,2,1998-04-27,1998-05-25,1998-04-29,2,53.05,Piccolo und mehr,geislweg 14,SALZBURG,Unknown,5020,Austria,1998,4,27,Monday,2,-0.1731272043257314,0.06233825370925512
11054,CACTU,8,1998-04-28,1998-05-26,,1,0.33,Cactus Comidas para llevar,Cerrito 333,Buenos Aires,Unknown,1010,Argentina,1998,4,28,Tuesday,2,-0.3809942396616556,0.04900137871716061
11055,HILAA,7,1998-04-28,1998-05-26,1998-05-05,2,120.92,HILARION-Abastos,Carrera 22 con Ave. Carlos Soublette #8-35,San Cristóbal,Táchira,5022,Venezuela,1998,4,28,Tuesday,2,0.09447400372148361,0.07950770943219622
11056,EASTC,8,1998-04-28,1998-05-12,1998-05-01,2,278.96,Eastern Connection,35 KING GEORGE,London,Unknown,WX3 6FW,UK,1998,4,28,Tuesday,2,0.7176019677671864,0.11948797733338393
11057,NORTS,3,1998-04-29,1998-05-27,1998-05-01,3,4.13,North/South,south house 300 queensbridge,london,Unknown,SW7 1RZ,UK,1998,4,29,Wednesday,2,-0.36601141086278394,0.04996268609519473
11058,BLAUS,9,1998-04-29,1998-05-27,,3,31.14,Blauer See Delikatessen,Forsterstr. 57,Mannheim,Unknown,68306,Germany,1998,4,29,Wednesday,2,-0.259515040900278,0.056795557748010976
11059,RICAR,2,1998-04-29,1998-06-10,,2,85.8,Ricardo Adocicados,"AV. COPACABANA, 267",Rio de Janeiro,RJ,02389-890,Brazil,1998,4,29,Wednesday,2,-0.04399887717756149,0.0706232054541545
11060,FRANS,2,1998-04-30,1998-05-28,1998-05-04,2,10.98,Franchi S.p.A.,VIA MONTE BIANCO 34,Torino,Unknown,10100,Italy,1998,4,30,Thursday,2,-0.3390028905279759,0.05169556913191414
11061,GREAL,4,1998-04-30,1998-06-11,,3,14.01,Great Lakes Food Market,2732 baker blvd.,Eugene,OR,97403,USA,1998,4,30,Thursday,2,-0.3270560559857177,0.05246208527808346
11062,REGGC,4,1998-04-30,1998-05-28,,2,29.93,Reggiani Caseifici,Strada Provinciale 124,Reggio Emilia,Unknown,42100,Italy,1998,4,30,Thursday,2,-0.2642858890178134,0.056489457240794856
11063,HUNGO,3,1998-04-30,1998-05-28,1998-05-06,2,3759.58,Hungry Owl All-Night Grocers,8 Johnstown Road,cork,Co. Cork,Unknown,Ireland,1998,4,30,Thursday,2,14.441163434590486,1.0
11064,SAVEA,1,1998-05-01,1998-05-29,1998-05-04,1,511.53,SAVE-A-LOT MARKETS,187 suffolk ln.,Boise,ID,83720,USA,1998,5,1,Friday,2,1.634590518754969,0.17832251862533044
11065,LILAS,8,2026-01-01,2026-01-01,,1,12.91,LILA-Supermercado,CARRERA 52 CON AVE. BOLÍVAR #65-98 LLANO LARGO,Barquisimeto,Lara,3508,Venezuela,2026,1,1,Thursday,1,-0.3313931906380227,0.05218381208970516
11066,WHITC,7,1998-05-01,1998-05-29,1998-05-04,2,44.72,White Clover Markets,1029 - 12th Ave. S.,seattle,WA,98124,USA,1998,5,1,Friday,2,-0.20597114219273155,0.06023096674635399
11067,DRACD,1,1998-05-04,1998-05-18,1998-05-06,2,7.98,Drachenblut Delikatessen,Walserweg 21,Aachen,Unknown,52066,Germany,1998,5,4,Monday,2,-0.35083143957971663,0.05093664225451878
11068,QUEEN,8,1998-05-04,1998-06-01,,2,81.75,Queen Cozinha,"Alameda dos Canàrios, 891",Sao Paulo,SP,05487-020,Brazil,1998,5,4,Monday,2,-0.0599674183974115,0.06959865416967076
11069,TORTU,1,1998-05-04,1998-06-01,1998-05-06,2,15.67,Tortuga Restaurante,AVDA. AZTECA 123,méxico d.f.,Unknown,05033,Mexico,1998,5,4,Monday,2,-0.32051092551042115,0.052882024816908894
11070,LEHMS,2,1998-06-02,1998-06-02,,1,136.0,Lehmanns Marktstand,Magazinweg 7,Frankfurt a.M.,Unknown,60528,Germany,1998,6,2,Tuesday,2,0.15393217695490047,0.0833225818692369
11071,LILAS,1,1998-05-05,1998-06-02,,1,0.93,LILA-Supermercado,Carrera 52 con Ave. Bolívar #65-98 Llano Largo,Barquisimeto,Lara,3508,Venezuela,1998,5,5,Tuesday,2,-0.37862852985130735,0.04915316409263968
11072,ERNSH,4,1998-05-05,1998-06-02,,2,258.64,Ernst Handel,Kirchgasse 6,graz,Unknown,8010,Austria,1998,5,5,Tuesday,2,0.6374832621900625,0.11434751261715934
11073,PERIC,2,1998-05-05,1998-06-02,,2,24.95,pericles comidas clásicas,Calle Dr. Jorge Cash 321,méxico d.f.,Unknown,05033,Mexico,1998,5,5,Tuesday,2,-0.2839212804437031,0.055229638624318546
11074,SIMOB,7,1998-05-06,1998-06-03,,2,18.44,Simons bistro,Vinbæltet 34,Kobenhavn,Unknown,1734,Denmark,1998,5,6,Wednesday,2,-0.30958923188598053,0.053582767300370614
11075,RICSU,8,1998-05-06,1998-06-03,,2,6.19,RICHTER SUPERMARKT,Starenweg 5,genève,Unknown,1204,Switzerland,1998,5,6,Wednesday,2,-0.35788914051392196,0.05048381588433955
11076,BONAP,4,1998-05-06,1998-06-03,,2,38.28,BON APP',"12, rue des Bouchers",marseille,Unknown,13008,France,1998,5,6,Wednesday,2,-0.23136309415713502,0.058601803716211945
11077,RATTC,1,1998-05-06,1998-06-03,,2,8.53,Rattlesnake Canyon Grocery,2817 Milton Dr.,ALBUQUERQUE,NM,87110,USA,1998,5,6,Wednesday,2,-0.3486628722535641,0.05107577884870793
