OrderID,CustomerID,EmployeeID,OrderDate,RequiredDate,ShippedDate,ShipVia,Freight,ShipName,ShipAddress,ShipCity,ShipRegion,ShipPostalCode,ShipCountry,OrderYear,OrderMonth,OrderDay,DayOfWeek,Quarter,Freight_Standardized,Freight_Normalized
10248,VINET,5,1996-04-07,1996-08-01 00:00:00,1996-07-16 00:00:00,3,32.38,VINS ET ALCOOLS CHEVALIER,59 rue de l'Abbaye,Reims,Unknown,51100,France,1996.0,4.0,7.0,Sunday,2.0,-0.2540368325139264,0.05710924752400107
10249,TOMSP,6,,1996/08/16,1996-07-10 00:00:00.000,1,11.61,TOMS SPEZIALITÄTEN,Luisenstr. 48,Münster,Unknown,44087,Germany,,,,,,-0.336148862846186,0.05185494377616717
10250,HANAR,4,,05-08-1996,1996-07-12 00:00:00.000,2,65.83,Hanari Carnes,"rua do paço, 67",Rio de Janeiro,RJ,05454-876,Brazil,,,,,,-0.12179574370246352,0.06557128220695937
10251,VICTE,3,1996-08-07,1996-08-05 00:00:00.000,1996/07/15,1,41.34,VICTUAILLES EN STOCK,"2, rue du Commerce",Lyon,Unknown,69004,France,1996.0,8.0,7.0,Wednesday,3.0,-0.21861440633303825,0.05937590913115522
10252,SUPRD,4,,06.08.1996,1996-07-11 00:00:00.000,2,51.3,Suprêmes délices,"Boulevard Tirou, 255",Charleroi,Unknown,B-6000,Belgium,,,,,,-0.1792385843730332,0.06189554636410782
10253,HANAR,3,1996-10-07,1996/07/24,1996-07-16 00:00:00.000,2,58.17,Hanari Carnes,"Rua do Paço, 67",Rio de Janeiro,RJ,05454-876,Brazil,1996.0,10.0,7.0,Monday,4.0,-0.15207875537049956,0.06363348891334321
10254,CHOPS,5,,1996/08/08,23.07.1996,2,22.98,Chop-suey Chinese,Hauptstr. 31,BERN,Unknown,3012,Switzerland,,,,,,-0.291198752837626,0.0547312766414956
10255,RICSU,9,,1996-08-09 00:00:00.000,15.07.1996,3,148.33,Richter Supermarkt,Starenweg 5,Genève,Unknown,1204,Switzerland,,,,,,0.20435940807468714,0.08644177133533185
10256,WELLI,3,,12.08.1996,1996-07-17 00:00:00.000,2,13.97,Wellington Importadora,"Rua do Mercado, 12",Resende,SP,08737-363,Brazil,,,,,,-0.3268188488074699,0.05245196625305153
10257,HILAA,4,,08/13/1996,1996-07-22 00:00:00,3,81.91,HILARION-ABASTOS,Carrera 22 con Ave. Carlos Soublette #8-35,San Cristóbal,Táchira,5022,Venezuela,,,,,,-0.058225139574262536,0.06963913026979851
10258,ERNSH,1,,1996-08-14 00:00:00,1996-07-23 00:00:00.000,1,140.51,ernst handel,KIRCHGASSE 6,Graz,Unknown,8010,Austria,,,,,,0.17344385308199228,0.08446350194158794
10259,CENTC,4,,1996-08-15 00:00:00.000,1996-07-25 00:00:00.000,3,3.25,Centro comercial Moctezuma,Sierras de Granada 9993,méxico d.f.,Unknown,05022,Mexico,,,,,,-0.3691992515596039,0.049740067544492096
10260,OTTIK,4,,1996-08-16 00:00:00.000,1996-07-29 00:00:00.000,1,55.09,Ottilies Käseladen,Mehrheimerstr. 369,köln,Unknown,50739,Germany,,,,,,-0.16425521437017984,0.06285432398588398
10261,QUEDE,4,,1996-08-16 00:00:00.000,1996-07-30 00:00:00.000,2,3.05,Que Delícia,"Rua da Panificadora, 12",RIO DE JANEIRO,RJ,02389-673,Brazil,,,,,,-0.36998993071542735,0.0496894724193324
10262,RATTC,8,,08/19/1996,1996-07-25 00:00:00.000,3,48.29,Rattlesnake Canyon Grocery,2817 Milton Dr.,albuquerque,NM,87110,USA,,,,,,-0.1911383056681753,0.06113408973045448
10263,ERNSH,9,,1996-08-20 00:00:00.000,1996-07-31 00:00:00.000,3,146.06,Ernst Handel,Kirchgasse 6,Graz,Unknown,8010,Austria,,,,,,0.19538519965609155,0.08586751666476936
10264,FOLKO,6,,1996-08-21 00:00:00.000,1996-08-23 00:00:00,3,3.67,Folk och fä HB,Åkergatan 24,Bräcke,Unknown,S-844 67,Sweden,,,,,,-0.3675388253323748,0.04984631730732744
10265,BLONP,2,,22-08-1996,1996-08-12 00:00:00,1,55.28,Blondel père et fils,"24, place Kléber",Strasbourg,Unknown,67000,France,,,,,,-0.1635040691721476,0.06290238935478568
10266,WARTH,3,,1996-09-06 00:00:00.000,1996/07/31,3,25.73,Wartian Herkku,Torikatu 38,OULU,Unknown,90110,Finland,,,,,,-0.28032691444505425,0.055426959612441346
10267,FRANK,4,,1996-08-26 00:00:00.000,08/06/1996,1,208.58,Frankenversand,BERLINER PLATZ 43,München,Unknown,80805,Germany,,,,,,0.442551503766485,0.10168355278968873
10268,GROSR,8,,1996-08-27 00:00:00,02.08.1996,3,66.29,GROSELLA-Restaurante,5ª Ave. Los Palos Grandes,Caracas,DF,1081,Venezuela,,,,,,-0.11997718164406967,0.06568765099482665
10269,WHITC,5,,1996-08-14 00:00:00.000,1996-08-09 00:00:00.000,1,4.56,White Clover Markets,1029 - 12th Ave. S.,seattle,WA,98124,USA,,,,,,-0.36402030308896066,0.05007146561428807
10270,WARTH,1,,1996-08-29 00:00:00.000,1996-08-02 00:00:00.000,1,136.54,Wartian Herkku,Torikatu 38,Oulu,Unknown,90110,Finland,,,,,,0.15774887183889788,0.08345918870716806
10271,SPLIR,6,,08/29/1996,1996-08-30 00:00:00.000,2,4.54,Split Rail Beer & Ale,P.O. Box 555,Lander,WY,82520,USA,,,,,,-0.364099371004543,0.0500664061017721
10272,RATTC,6,,1996-08-30 00:00:00.000,1996-08-06 00:00:00.000,2,98.03,Rattlesnake Canyon Grocery,2817 Milton Dr.,Albuquerque,NM,87110,USA,,,,,,0.005503600385103148,0.0737170973576696
10273,QUICK,3,,1996/09/02,1996-08-12 00:00:00.000,3,76.07,QUICK-Stop,Taucherstraße 10,cunewalde,Unknown,01307,Germany,,,,,,-0.0813129709243057,0.06816175261513555
10274,VINET,6,,1996-09-03 00:00:00.000,16.08.1996,1,6.01,VINS ET ALCOOLS CHEVALIER,59 RUE DE L'ABBAYE,Reims,Unknown,51100,France,,,,,,-0.35828787920924104,0.05043828027169583
10275,MAGAA,1,,04.09.1996,1996-08-09 00:00:00.000,1,26.93,magazzini alimentari riuniti,via ludovico il moro 22,Bergamo,Unknown,24100,Italy,,,,,,-0.27558283951011386,0.05573053036339949
10276,TORTU,8,,22.08.1996,1996-08-14 00:00:00.000,3,13.84,TORTUGA RESTAURANTE,Avda. Azteca 123,MÉXICO D.F.,Unknown,05033,Mexico,,,,,,-0.3273327902587551,0.052419079421697726
10277,MORGK,2,,1996-09-06 00:00:00,Unknown,3,125.77,Morgenstern Gesundkost,Heerstr. 22,Leipzig,Unknown,04179,Germany,,,,,,0.11517079929780806,0.08073464121731871
10278,BERGS,8,,1996-09-09 00:00:00.000,1996-08-16 00:00:00,2,92.69,Berglunds snabbköp,Berguvsvägen 8,LULEÅ,Unknown,S-958 22,Sweden,,,,,,-0.015607533075381522,0.07236620751590585
10279,LEHMS,8,,09/10/1996,16.08.1996,2,25.83,lehmanns marktstand,Magazinweg 7,Frankfurt a.M.,Unknown,60528,Germany,,,,,,-0.2799315748671426,0.05545225717502119
10280,BERGS,2,,1996-09-11 00:00:00.000,1996-09-12 00:00:00.000,1,8.98,BERGLUNDS SNABBKÖP,Berguvsvägen 8,luleå,Unknown,S-958 22,Sweden,,,,,,-0.34654629374526363,0.051189617880317236
10281,ROMEY,4,,1996-08-28 00:00:00,1996-08-21 00:00:00.000,1,2.94,Romero y tomillo,"Gran Vía, 1",MADRID,Unknown,28001,Spain,,,,,,-0.37042480425113017,0.049661645100494575
10282,ROMEY,4,,1996-09-12 00:00:00.000,21-08-1996,1,12.69,Romero y tomillo,"Gran Vía, 1",MADRID,Unknown,28001,Spain,,,,,,-0.33187919540473965,0.052128157452029505
10283,LILAS,3,,09/13/1996,1996-08-23 00:00:00.000,3,84.81,LILA-Supermercado,CARRERA 52 CON AVE. BOLÍVAR #65-98 LLANO LARGO,Barquisimeto,Lara,Unknown,Venezuela,,,,,,-0.04676029181482328,0.07037275958461403
10284,LEHMS,4,,16-09-1996,1996-08-27 00:00:00,1,76.56,LEHMANNS MARKTSTAND,Magazinweg 7,Frankfurt a.M.,Unknown,60528,Germany,,,,,,-0.07937580699253834,0.06828571067177679
10285,QUICK,1,,1996-09-17 00:00:00.000,1996-08-26 00:00:00.000,2,76.83,QUICK-Stop,Taucherstraße 10,cunewalde,Unknown,01307,Germany,,,,,,-0.07830839013217678,0.06835401409074236
10286,QUICK,8,,1996-09-18 00:00:00.000,1996-08-30 00:00:00,3,229.24,QUICK-Stop,taucherstraße 10,cunewalde,Unknown,01307,Germany,,,,,,0.5242286605630417,0.1069100292186848
10287,RICAR,8,,19.09.1996,08/28/1996,3,12.76,Ricardo Adocicados,"av. copacabana, 267",Rio de Janeiro,RJ,02389-890,Brazil,,,,,,-0.33160245770020147,0.05214586574583539
10288,REGGC,4,,1996-09-20 00:00:00,1996-09-03 00:00:00.000,1,7.45,Reggiani Caseifici,Strada Provinciale 124,REGGIO EMILIA,Unknown,42100,Italy,,,,,,-0.3525949892873126,0.0508025651728456
10289,BSBEV,7,,1996-09-23 00:00:00.000,28-08-1996,3,22.77,b's beverages,Fauntleroy Circus,London,Unknown,EC2 5NT,UK,,,,,,-0.29202896595124056,0.054678151760077925
10290,COMMI,8,,1996-09-24 00:00:00.000,1996-09-03 00:00:00.000,1,79.7,Comércio Mineiro,"av. dos lusíadas, 23",Sao Paulo,SP,05432-043,Brazil,,,,,,-0.06696214424611104,0.06908005413678393
10291,QUEDE,6,,1996-09-24 00:00:00.000,04-09-1996,2,6.4,Que Delícia,"Rua da Panificadora, 12",rio de janeiro,RJ,02389-673,Brazil,,,,,,-0.3567460548553854,0.050536940765757224
10292,TRADH,1,,1996/09/25,1996-09-02 00:00:00,2,1.35,TRADIÇAO HIPERMERCADOS,"Av. Inês de Castro, 414",Sao Paulo,SP,05634-030,Brazil,,,,,,-0.3767107035399262,0.04925941385547503
10293,TORTU,1,,1996-09-26 00:00:00.000,1996-09-11 00:00:00.000,3,21.18,Tortuga Restaurante,Avda. Azteca 123,México D.F.,Unknown,05033,Mexico,,,,,,-0.2983148652400365,0.05427592051505838
10294,RATTC,4,,27.09.1996,1996-09-05 00:00:00,2,147.26,Rattlesnake Canyon Grocery,2817 Milton Dr.,ALBUQUERQUE,NM,87110,USA,,,,,,0.20012927459103189,0.0861710874157275
10295,VINET,2,,1996-09-30 00:00:00.000,1996/09/10,2,1.15,VINS ET ALCOOLS CHEVALIER,59 rue de l'Abbaye,Reims,Unknown,51100,France,,,,,,-0.37750138269574957,0.04920881873031534
10296,LILAS,6,,1996-10-01 00:00:00.000,1996-09-11 00:00:00.000,1,0.12,LILA-Supermercado,Carrera 52 con Ave. Bolívar #65-98 Llano Largo,Barquisimeto,Lara,3508,Venezuela,,,,,,-0.38157338034824007,0.04894825383574293
10297,BLONP,5,,16-10-1996,1996-09-10 00:00:00.000,2,5.74,Blondel père et fils,"24, place Kléber",Strasbourg,Unknown,67000,France,,,,,,-0.35935529606960265,0.050369976852730244
10298,HUNGO,6,,1996-10-03 00:00:00.000,1996-09-11 00:00:00,2,168.22,Hungry Owl All-Night Grocers,8 Johnstown Road,cork,Co. Cork,Unknown,Ireland,,,,,,0.28299245012132374,0.09147345653246311
10299,RICAR,4,,04.10.1996,13.09.1996,2,29.76,Ricardo Adocicados,"Av. Copacabana, 267",Rio de Janeiro,RJ,02389-890,Brazil,,,,,,-0.26439472945521286,0.05644645138440912
10300,MAGAA,2,,1996-10-07 00:00:00,1996-09-18 00:00:00.000,2,17.68,magazzini alimentari riuniti,via ludovico il moro 22,BERGAMO,Unknown,24100,Italy,,,,,,-0.31215175046694593,0.05339050582476379
10301,WANDK,8,,1996-10-07 00:00:00.000,1996-09-17 00:00:00.000,2,45.08,Die Wandernde Kuh,Adenauerallee 900,stuttgart,Unknown,70563,Germany,,,,,,-0.20382870611914078,0.06032203797164144
10302,SUPRD,4,,1996-10-08 00:00:00,1996-10-09 00:00:00.000,2,6.27,Suprêmes délices,"BOULEVARD TIROU, 255",Charleroi,Unknown,B-6000,Belgium,,,,,,-0.35725999630667066,0.05050405393440342
10303,GODOS,7,,1996/10/09,1996-09-18 00:00:00.000,2,107.83,Godos Cocina Típica,"C/ Romero, 33",Sevilla,Unknown,41101,Spain,,,,,,0.04424687902044951,0.07619625849049445
10304,TORTU,1,1996-12-09,10.10.1996,1996-09-17 00:00:00.000,2,63.79,tortuga restaurante,Avda. Azteca 123,México D.F.,Unknown,05033,Mexico,1996.0,12.0,9.0,Monday,4.0,-0.12986067109186214,0.06505521193033052
10305,OLDWO,8,,1996-10-11 00:00:00.000,1996-10-09 00:00:00.000,3,257.62,Old World Delicatessen,2743 Bering St.,ANCHORAGE,AK,99508,USA,,,,,,0.6364260327743815,0.11408947747884493
10306,ROMEY,1,,1996-10-14 00:00:00.000,1996-09-23 00:00:00.000,3,7.56,Romero y tomillo,"Gran Vía, 1",MADRID,Unknown,28001,Spain,,,,,,-0.35216011575160977,0.05083039249168343
10307,LONEP,2,,1996-10-15 00:00:00.000,1996-09-25 00:00:00.000,2,0.56,Lonesome Pine Restaurant,89 Chiaroscuro Rd.,Portland,OR,97219,USA,,,,,,-0.3798338862054286,0.04905956311109425
10308,ANATR,7,,10/16/1996,09/24/1996,3,1.61,Ana Trujillo Emparedados y helados,Avda. de la Constitución 2222,México D.F.,Unknown,05021,Mexico,,,,,,-0.37568282063735575,0.04932518751818263
10309,HUNGO,3,,17.10.1996,1996/10/23,1,47.3,Hungry Owl All-Night Grocers,8 Johnstown Road,Cork,Co. Cork,Unknown,Ireland,,,,,,-0.1950521674895011,0.06088364386091401
10310,THEBI,8,,1996-10-18 00:00:00.000,1996-09-27 00:00:00.000,2,17.52,The Big Cheese,89 JEFFERSON WAY SUITE 2,portland,OR,97201,USA,,,,,,-0.31278429379160466,0.05335002972463604
10311,DUMON,1,,1996/10/04,1996-09-26 00:00:00.000,3,24.69,Du monde entier,"67, RUE DES CINQUANTE OTAGES",Nantes,Unknown,44000,France,,,,,,-0.28443844605533597,0.05516386496161096
10312,WANDK,2,,10/21/1996,03.10.1996,2,40.26,Die Wandernde Kuh,Adenauerallee 900,STUTTGART,Unknown,70563,Germany,,,,,,-0.2228840737744846,0.05910269545529289
10313,QUICK,2,,1996/10/22,1996-10-04 00:00:00.000,2,1.96,QUICK-STOP,Taucherstraße 10,Cunewalde,Unknown,01307,Germany,,,,,,-0.37429913211466487,0.04941372898721209
10314,RATTC,1,,23-10-1996,1996-10-04 00:00:00.000,2,74.16,rattlesnake canyon grocery,2817 milton dr.,Albuquerque,NM,87110,USA,,,,,,-0.0888639568624191,0.0676785691698605
10315,ISLAT,4,,10/24/1996,1996-10-03 00:00:00,2,41.76,ISLAND TRADING,Garden House Crowther Way,cowes,Isle of Wight,PO31 7PJ,UK,,,,,,-0.21695398010580916,0.05948215889399057
10316,RATTC,1,,25-10-1996,Unknown,3,150.15,Rattlesnake Canyon Grocery,2817 MILTON DR.,Albuquerque,NM,87110,USA,,,,,,0.21155458839268,0.08690218697428503
10317,LONEP,6,,1996-10-28 00:00:00.000,10/10/1996,1,12.69,LONESOME PINE RESTAURANT,89 Chiaroscuro Rd.,Portland,OR,97219,USA,,,,,,-0.33187919540473965,0.052128157452029505
10318,ISLAT,8,1996-01-10,1996/10/29,1996-10-04 00:00:00.000,2,4.73,Island Trading,Garden House Crowther Way,Cowes,Isle of Wight,PO31 7PJ,UK,1996.0,1.0,10.0,Wednesday,1.0,-0.36334822580651077,0.050114471470673806
10319,TORTU,7,,1996-10-30 00:00:00,1996-10-11 00:00:00.000,3,64.5,Tortuga Restaurante,Avda. Azteca 123,México D.F.,Unknown,05033,Mexico,,,,,,-0.1270537600886891,0.06523482462464743
10320,WARTH,5,,10/17/1996,18.10.1996,3,34.57,wartian herkku,Torikatu 38,oulu,Unknown,90110,Finland,,,,,,-0.2453788957576602,0.05766326414449968
10321,ISLAT,3,,1996/10/31,1996/10/11,2,3.43,Island Trading,GARDEN HOUSE CROWTHER WAY,Cowes,Isle of Wight,PO31 7PJ,UK,,,,,,-0.3684876403193628,0.049785603157135816
10322,PERIC,7,,11/01/1996,23-10-1996,3,0.4,Pericles Comidas clásicas,Calle Dr. Jorge Cash 321,MÉXICO D.F.,Unknown,05033,Mexico,,,,,,-0.3804664295300873,0.0490190870109665
10323,KOENE,4,,1996-11-04 00:00:00.000,1996-10-14 00:00:00,1,4.88,KÖNIGLICH ESSEN,Maubelstr. 90,Brandenburg,Unknown,14776,Germany,,,,,,-0.36275521643964326,0.050152417814543576
10324,SAVEA,9,,1996-11-05 00:00:00.000,10.10.1996,1,214.27,Save-a-lot Markets,187 Suffolk Ln.,Boise,ID,83720,USA,,,,,,0.4650463257496606,0.10312298410048193
10325,KOENE,1,,23-10-1996,1996/10/14,3,64.86,Königlich Essen,Maubelstr. 90,BRANDENBURG,Unknown,14776,Germany,,,,,,-0.12563053760820697,0.06532589584993487
10326,BOLID,4,,1996-11-07 00:00:00.000,1996-10-14 00:00:00.000,2,77.92,Bólido Comidas preparadas,"c/ araquil, 67",madrid,Unknown,28023,Spain,,,,,,-0.07399918873293926,0.06862975752286268
10327,FOLKO,2,,1996-11-08 00:00:00.000,1996-10-14 00:00:00,1,63.36,Folk och fä HB,Åkergatan 24,bräcke,Unknown,S-844 67,Sweden,,,,,,-0.13156063127688244,0.06494643241123718
10328,FURIB,4,,1996-11-11 00:00:00,1996-10-17 00:00:00.000,3,87.03,Furia Bacalhau e Frutos do Mar,JARDIM DAS ROSAS N. 32,Lisboa,Unknown,1675,Portugal,,,,,,-0.0379837531851836,0.0709343654738866
10329,SPLIR,4,,1996-11-26 00:00:00.000,10/23/1996,2,191.67,Split Rail Beer & Ale,P.O. Box 555,LANDER,WY,82520,USA,,,,,,0.37569958114161683,0.09740573495743686
10330,LILAS,3,,1996-11-13 00:00:00,1996-10-28 00:00:00,1,12.75,LILA-Supermercado,Carrera 52 con Ave. Bolívar #65-98 Llano Largo,Barquisimeto,Lara,3508,Venezuela,,,,,,-0.33164199165799263,0.05214333598957741
10331,BONAP,9,,1996-11-27 00:00:00.000,21.10.1996,1,10.19,Bon app',"12, rue des Bouchers",Marseille,Unknown,13008,France,,,,,,-0.34176268485253214,0.05149571838753337
10332,MEREP,3,,1996-11-28 00:00:00,1996-10-21 00:00:00,2,52.84,mère paillarde,43 RUE ST. LAURENT,Montréal,Québec,H1J 1C3,Canada,,,,,,-0.17315035487319302,0.062285128827837447
10333,WARTH,5,,15.11.1996,25.10.1996,3,0.59,Wartian Herkku,Torikatu 38,oulu,Unknown,90110,Finland,,,,,,-0.3797152843320551,0.0490671523798682
10334,VICTE,8,,1996-11-18 00:00:00.000,1996-10-28 00:00:00.000,2,8.56,Victuailles en stock,"2, RUE DU COMMERCE",Lyon,Unknown,69004,France,,,,,,-0.34820671997249275,0.05108336811748189
10335,HUNGO,7,,1996-11-19 00:00:00,1996-10-24 00:00:00,2,42.11,Hungry Owl All-Night Grocers,8 Johnstown Road,Cork,Co. Cork,Unknown,Ireland,,,,,,-0.21557029158311822,0.05957070036302003
10336,PRINI,7,,20-11-1996,1996/10/25,2,15.51,Princesa Isabel Vinhos,Estrada da saúde n. 58,LISBOA,Unknown,1756,Portugal,,,,,,-0.32073061930762975,0.05284154871678114
10337,FRANK,4,,1996/11/21,1996-10-29 00:00:00.000,3,108.26,FRANKENVERSAND,Berliner Platz 43,München,Unknown,80805,Germany,,,,,,0.04594683920546984,0.0763050380095878
10338,OLDWO,4,,1996-11-22 00:00:00.000,29.10.1996,3,84.21,Old World Delicatessen,2743 BERING ST.,Anchorage,AK,99508,USA,,,,,,-0.0491323292822935,0.07022097420913495
10339,MEREP,2,,1996-11-25 00:00:00.000,04.11.1996,2,15.66,Mère Paillarde,43 rue St. Laurent,Montréal,Québec,H1J 1C3,Canada,,,,,,-0.32013760994076224,0.05287949506065091
10340,BONAP,1,,1996-11-26 00:00:00.000,1996-11-08 00:00:00.000,3,166.31,Bon app',"12, rue des Bouchers",Marseille,Unknown,13008,France,,,,,,0.27544146418321036,0.09099027308718806
10341,SIMOB,7,,26-11-1996,1996-11-05 00:00:00.000,3,26.78,simons bistro,vinbæltet 34,Kobenhavn,Unknown,1734,Denmark,,,,,,-0.27617584887698143,0.05569258401952973
10342,FRANK,4,,11/13/1996,1996-11-04 00:00:00.000,2,54.83,Frankenversand,Berliner Platz 43,München,Unknown,80805,Germany,,,,,,-0.16528309727275026,0.06278855032317637
10343,LEHMS,4,,1996-11-28 00:00:00.000,06-11-1996,1,110.37,Lehmanns Marktstand,Magazinweg 7,Frankfurt a.M.,Unknown,60528,Germany,,,,,,0.054288504299406654,0.07683881658002252
10344,WHITC,4,,11/29/1996,05.11.1996,2,23.29,White Clover Markets,1029 - 12TH AVE. S.,Seattle,WA,98124,USA,,,,,,-0.28997320014609973,0.054809699085493116
10345,QUICK,2,1996-04-11,1996-12-02 00:00:00.000,1996-11-11 00:00:00.000,2,249.06,quick-stop,Taucherstraße 10,Cunewalde,Unknown,01307,Germany,1996.0,4.0,11.0,Thursday,2.0,0.6025849649051401,0.11192400612201016
10346,RATTC,3,,1996-12-17 00:00:00.000,1996-11-08 00:00:00,3,142.08,Rattlesnake Canyon Grocery,2817 milton dr.,Albuquerque,NM,87110,USA,,,,,,0.17965068445520602,0.08486067367409152
10347,FAMIA,4,,1996-12-04 00:00:00.000,08.11.1996,3,3.1,Familia Arquibaldo,"rua orós, 92",SAO PAULO,SP,05442-030,Brazil,,,,,,-0.3697922609264715,0.049702121200622326
10348,WANDK,4,,1996-12-05 00:00:00,1996-11-15 00:00:00.000,2,0.78,Die Wandernde Kuh,Adenauerallee 900,Stuttgart,Unknown,70563,Germany,,,,,,-0.3789641391340228,0.04911521774876991
10349,SPLIR,7,,1996-12-06 00:00:00.000,1996-11-15 00:00:00.000,1,8.63,Split Rail Beer & Ale,P.O. Box 555,Lander,WY,82520,USA,,,,,,-0.34792998226795463,0.05110107641128778
10350,LAMAI,6,,1996-12-09 00:00:00.000,12/03/1996,2,64.19,La maison d'Asie,1 rue alsace-lorraine,Toulouse,Unknown,31000,France,,,,,,-0.12827931278021537,0.0651564021806499
10351,ERNSH,1,,1996-12-09 00:00:00.000,1996-11-20 00:00:00.000,1,162.33,ERNST HANDEL,Kirchgasse 6,Graz,Unknown,8010,Austria,,,,,,0.2597069489823248,0.08998343009651022
10352,FURIB,3,,26.11.1996,Unknown,3,1.3,Furia Bacalhau e Frutos do Mar,Jardim das rosas n. 32,Lisboa,Unknown,1675,Portugal,,,,,,-0.37690837332888205,0.04924676507418511
10353,PICCO,7,,1996-12-11 00:00:00.000,25.11.1996,3,360.63,Piccolo und mehr,Geislweg 14,SALZBURG,Unknown,5020,Austria,,,,,,1.0436653319812212,0.1401484966923437
10354,PERIC,8,,1996-12-12 00:00:00.000,1996-11-20 00:00:00.000,3,53.8,Pericles Comidas clásicas,Calle Dr. Jorge Cash 321,méxico d.f.,Unknown,05033,Mexico,,,,,,-0.16935509492524076,0.06252798542860397
10355,AROUT,6,,13-12-1996,1996-11-20 00:00:00.000,1,41.95,Around the Horn,brook farm stratford st. mary,Colchester,Essex,CO7 6JX,UK,,,,,,-0.21620283490777692,0.05953022426289228
10356,WANDK,6,,16-12-1996,27.11.1996,2,36.71,Die Wandernde Kuh,Adenauerallee 900,Stuttgart,Unknown,70563,Germany,,,,,,-0.23691862879034986,0.05820463198370838
10357,LILAS,1,,17-12-1996,1996-12-02 00:00:00.000,3,34.88,LILA-Supermercado,CARRERA 52 CON AVE. BOLÍVAR #65-98 LLANO LARGO,Barquisimeto,Lara,3508,Venezuela,,,,,,-0.24415334306613393,0.05774168658849721
10358,LAMAI,5,,1996-12-18 00:00:00.000,1996-11-27 00:00:00.000,1,19.64,la maison d'asie,1 rue Alsace-Lorraine,toulouse,Unknown,31000,France,,,,,,-0.30440309473987665,0.05388633805132876
10359,SEVES,5,,19-12-1996,1996-11-26 00:00:00.000,3,288.43,SEVEN SEAS IMPORTS,90 Wadhurst Rd.,London,Unknown,OX15 4NB,UK,,,,,,0.7582301567289755,0.1218836565096953
10360,BLONP,4,,1996-12-20 00:00:00.000,1996-12-02 00:00:00.000,3,131.7,Blondel père et fils,"24, place Kléber",Strasbourg,Unknown,67000,France,,,,,,0.1386144362679717,0.08223478667830356
10361,QUICK,1,,1996-12-20 00:00:00,03.12.1996,2,183.17,QUICK-Stop,Taucherstraße 10,Cunewalde,Unknown,01307,Germany,,,,,,0.3420957170191225,0.09525544213815
10362,BONAP,3,,1996-12-23 00:00:00.000,1996-11-28 00:00:00.000,1,96.04,Bon app',"12, rue des Bouchers",Marseille,Unknown,13008,France,,,,,,-0.0023636572153396154,0.07321367586233067
10363,DRACD,4,,1996-12-24 00:00:00.000,1996-12-04 00:00:00.000,3,30.54,drachenblut delikatessen,walserweg 21,AACHEN,Unknown,52066,Germany,,,,,,-0.26131108074750165,0.05664377237253191
10364,EASTC,1,,1997-01-07 00:00:00.000,1996-12-04 00:00:00.000,1,71.97,EASTERN CONNECTION,35 king george,london,Unknown,WX3 6FW,UK,,,,,,-0.09752189361868528,0.06712455254936188
10365,ANTON,3,,1996-12-25 00:00:00.000,02-12-1996,2,22.0,Antonio Moreno Taquería,Mataderos 2312,México D.F.,Unknown,05023,Mexico,,,,,,-0.2950730807011606,0.054483360528213114
10366,GALED,8,,1997-01-09 00:00:00.000,1996-12-30 00:00:00.000,2,10.14,Galería del gastronómo,"Rambla de Cataluña, 23",Barcelona,Unknown,8022,Spain,,,,,,-0.34196035464148794,0.051483069606243444
10367,VAFFE,7,,26-12-1996,1996-12-02 00:00:00.000,3,13.55,Vaffeljernet,SMAGSLOGET 45,Århus,Unknown,8200,Denmark,,,,,,-0.3284792750346991,0.052345716490216174
10368,ERNSH,2,,1996-12-27 00:00:00,1996/12/02,2,101.95,Ernst Handel,Kirchgasse 6,Graz,Unknown,8010,Austria,,,,,,0.021000911839241704,0.07470876181079954
10369,SPLIR,8,,1996-12-30 00:00:00.000,1996-12-09 00:00:00.000,2,195.68,Split Rail Beer & Ale,P.O. Box 555,Lander,WY,82520,USA,,,,,,0.39155269821587596,0.09842016721688868
10370,CHOPS,6,,1996-12-31 00:00:00.000,1996-12-27 00:00:00.000,2,1.17,chop-suey chinese,hauptstr. 31,Bern,Unknown,3012,Switzerland,,,,,,-0.37742231478016725,0.049213878242831306
10371,LAMAI,1,,1996-12-31 00:00:00.000,1996-12-24 00:00:00.000,1,0.45,LA MAISON D'ASIE,1 rue Alsace-Lorraine,Toulouse,Unknown,31000,France,,,,,,-0.38026875974113145,0.04903173579225642
10372,QUEEN,5,,01-01-1997,1996-12-09 00:00:00.000,2,890.78,Queen Cozinha,"Alameda dos Canàrios, 891",SAO PAULO,SP,05487-020,Brazil,,,,,,3.1395581042800864,0.2742635247093943
10373,HUNGO,4,,1997-01-02 00:00:00.000,1996-12-11 00:00:00.000,3,124.12,Hungry Owl All-Night Grocers,8 Johnstown Road,Cork,Co. Cork,Unknown,Ireland,,,,,,0.10864769626226509,0.08031723143475128
10374,WOLZA,1,,1997-01-02 00:00:00.000,1996-12-09 00:00:00.000,3,3.94,wolski zajazd,ul. Filtrowa 68,warszawa,Unknown,01-012,Poland,,,,,,-0.3664714084720132,0.049914620726293026
10375,HUNGC,3,,1997-01-03 00:00:00.000,1996-12-09 00:00:00.000,2,20.12,HUNGRY COYOTE IMPORT STORE,City Center Plaza 516 Main St.,ELGIN,OR,97827,USA,,,,,,-0.3025054647659005,0.05400776635171202
10376,MEREP,1,,1997-01-06 00:00:00,1996-12-13 00:00:00.000,2,20.39,Mère Paillarde,43 rue St. Laurent,montréal,Québec,H1J 1C3,Canada,,,,,,-0.30143804790553896,0.0540760697706776
10377,SEVES,1,1996-09-12,1997-01-06 00:00:00,1996-12-13 00:00:00.000,3,22.21,Seven Seas Imports,90 wadhurst rd.,London,Unknown,OX15 4NB,UK,1996.0,9.0,12.0,Thursday,3.0,-0.29424286758754603,0.05453648540963079
10378,FOLKO,5,,1997/01/07,1996/12/19,3,5.44,folk och fä hb,åkergatan 24,Bräcke,Unknown,S-844 67,Sweden,,,,,,-0.36054131480333773,0.05029408416499071
10379,QUEDE,2,,1997-01-08 00:00:00.000,1996-12-13 00:00:00.000,1,45.03,Que Delícia,"Rua da Panificadora, 12",rio de janeiro,RJ,Unknown,Brazil,,,,,,-0.20402637590809664,0.06030938919035152
10380,HUNGO,8,1996-12-12,1997-01-09 00:00:00.000,16-01-1997,3,35.03,Hungry Owl All-Night Grocers,8 Johnstown Road,Cork,Co. Cork,Unknown,Ireland,1996.0,12.0,12.0,Thursday,4.0,-0.24356033369926638,0.05777963293236697
10381,LILAS,3,,1997/01/09,1996/12/13,3,7.99,LILA-Supermercado,carrera 52 con ave. bolívar #65-98 llano largo,barquisimeto,Lara,3508,Venezuela,,,,,,-0.3504601555665895,0.050939172010776766
10382,ERNSH,4,,10.01.1997,16-12-1996,1,94.77,Ernst Handel,Kirchgasse 6,Graz,Unknown,8010,Austria,,,,,,-0.0073844698548182165,0.07289239681756664
10383,AROUT,8,,1997-01-13 00:00:00,1996-12-18 00:00:00.000,3,34.24,Around the Horn,Brook Farm Stratford St. Mary,COLCHESTER,Essex,CO7 6JX,UK,,,,,,-0.2466835163647688,0.05757978218798619
10384,BERGS,3,,1997-01-13 00:00:00.000,1996-12-20 00:00:00.000,3,168.64,Berglunds snabbköp,Berguvsvägen 8,Luleå,Unknown,S-958 22,Sweden,,,,,,0.28465287634855285,0.09157970629529846
10385,SPLIR,1,,1997-01-14 00:00:00.000,1996/12/23,2,30.96,split rail beer & ale,P.O. Box 555,Lander,WY,82520,USA,,,,,,-0.2596506545202725,0.05675002213536726
10386,FAMIA,9,,01.01.1997,1996-12-25 00:00:00.000,3,13.99,Familia Arquibaldo,"RUA ORÓS, 92",Sao Paulo,SP,05442-030,Brazil,,,,,,-0.3267397808918876,0.052457025765567496
10387,SANTG,1,,1997/01/15,20.12.1996,2,93.63,Santé Gourmet,Erling Skakkes gate 78,Stavern,Unknown,4110,Norway,,,,,,-0.011891341043011571,0.07260400460415639
10388,SEVES,2,,16.01.1997,1996-12-20 00:00:00,1,34.86,Seven Seas Imports,90 Wadhurst Rd.,LONDON,Unknown,OX15 4NB,UK,,,,,,-0.24423241098171627,0.057736627075981234
10389,BOTTM,4,,1997-01-17 00:00:00.000,24.12.1996,2,47.42,Bottom-Dollar Markets,23 Tsawassen Blvd.,tsawassen,BC,T2F 8M4,Canada,,,,,,-0.19457775999600704,0.06091400093600982
10390,ERNSH,6,,1997/01/20,1996-12-26 00:00:00.000,1,126.38,ERNST HANDEL,kirchgasse 6,Graz,Unknown,8010,Austria,,,,,,0.11758237072306942,0.08088895634905577
10391,DRACD,3,,1997-01-20 00:00:00.000,1996-12-31 00:00:00.000,3,5.45,Drachenblut Delikatessen,Walserweg 21,Aachen,Unknown,52066,Germany,,,,,,-0.36050178084554657,0.05029661392124869
10392,PICCO,2,,21-01-1997,1997-01-01 00:00:00.000,3,122.46,PICCOLO UND MEHR,Geislweg 14,Salzburg,Unknown,5020,Austria,,,,,,0.10208505926893087,0.07989729189592584
10393,SAVEA,1,,1997-01-22 00:00:00.000,01/03/1997,3,126.56,Save-a-lot Markets,187 suffolk ln.,Boise,ID,83720,USA,,,,,,0.11829398196331051,0.0809344919616995
10394,HUNGC,1,,22-01-1997,1997-01-03 00:00:00.000,3,30.34,Hungry Coyote Import Store,CITY CENTER PLAZA 516 MAIN ST.,ELGIN,OR,97827,USA,,,,,,-0.262101759903325,0.05659317724737222
10395,HILAA,6,,1997/01/23,12/26/1996,1,184.41,HILARION-ABASTOS,Carrera 22 con Ave. Carlos Soublette #8-35,San Cristóbal,Táchira,5022,Venezuela,,,,,,0.3469979277852276,0.09556913191414008
10396,FRANK,1,,01/10/1997,01/06/1997,3,135.35,Frankenversand,Berliner Platz 43,München,Unknown,80805,Germany,,,,,,0.1530443308617487,0.0831581477124679
10397,PRINI,5,,1997-01-24 00:00:00.000,1997-01-02 00:00:00.000,1,60.26,Princesa Isabel Vinhos,Estrada da saúde n. 58,Lisboa,Unknown,1756,Portugal,,,,,,-0.14381615819214508,0.06416220797126197
10398,SAVEA,2,,1997/01/27,01/09/1997,3,89.16,SAVE-A-LOT MARKETS,187 suffolk ln.,BOISE,ID,Unknown,USA,,,,,,-0.029563020175664454,0.07147320355683731
10399,VAFFE,8,,1997-01-14 00:00:00.000,1997-01-08 00:00:00,3,27.36,Vaffeljernet,Smagsloget 45,Århus,Unknown,8200,Denmark,,,,,,-0.2738828793250936,0.055839309882492826
10400,EASTC,1,,29.01.1997,1997-01-16 00:00:00.000,3,83.93,EASTERN CONNECTION,35 King George,London,Unknown,WX3 6FW,UK,,,,,,-0.050239280100446204,0.0701501410339114
10401,RATTC,1,,1997-01-29 00:00:00.000,Unknown,1,12.51,Rattlesnake Canyon Grocery,2817 Milton Dr.,Albuquerque,NM,87110,USA,,,,,,-0.3325908066449807,0.05208262183938578
10402,ERNSH,8,,1997-02-13 00:00:00.000,1997-01-10 00:00:00.000,2,67.88,Ernst Handel,KIRCHGASSE 6,Graz,Unknown,8010,Austria,,,,,,-0.11369128235527373,0.0660898822398462
10403,ERNSH,4,1997-03-01,1997-01-31 00:00:00.000,1997-01-09 00:00:00.000,3,73.79,Ernst Handel,Kirchgasse 6,Graz,Unknown,8010,Austria,1997.0,3.0,1.0,Saturday,1.0,-0.09032671330069235,0.06758496818831507
10404,MAGAA,2,,31.01.1997,1997-01-08 00:00:00.000,1,155.97,MAGAZZINI ALIMENTARI RIUNITI,Via Ludovico il Moro 22,BERGAMO,Unknown,24100,Italy,,,,,,0.23456335182714078,0.08837450511643205
10405,LINOD,1,,03-02-1997,1997-01-22 00:00:00.000,1,34.82,LINO-Delicateses,Ave. 5 de Mayo Porlamar,i. de margarita,Nueva Esparta,4980,Venezuela,,,,,,-0.24439054681288097,0.057726508050949296
10406,QUEEN,7,,1997-02-18 00:00:00.000,1997-01-13 00:00:00.000,1,108.04,Queen Cozinha,"Alameda dos Canàrios, 891",Sao Paulo,SP,05487-020,Brazil,,,,,,0.045077092134064106,0.07624938337191213
10407,OTTIK,2,,1997-02-04 00:00:00.000,1997-01-30 00:00:00.000,2,91.48,Ottilies Käseladen,MEHRHEIMERSTR. 369,köln,Unknown,50739,Germany,,,,,,-0.02039114196811304,0.07206010700868973
10408,FOLIG,8,,1997-02-05 00:00:00.000,1997-01-14 00:00:00.000,1,11.26,folies gourmandes,"184, chaussée de tournai",Lille,Unknown,59000,France,,,,,,-0.33753255136887694,0.051766402307137714
10409,OCEAN,3,,1997-02-06 00:00:00.000,14-01-1997,1,29.83,Océano Atlántico Ltda.,Ing. Gustavo Moncada 8585 Piso 20-A,Buenos Aires,Unknown,1010,Argentina,,,,,,-0.2641179917506747,0.05646415967821501
10410,BOTTM,3,,1997-02-07 00:00:00.000,1997-01-15 00:00:00.000,3,2.4,Bottom-Dollar Markets,23 tsawassen blvd.,Tsawassen,BC,T2F 8M4,Canada,,,,,,-0.3725596379718533,0.04952503826256341
10411,BOTTM,9,,02/07/1997,21-01-1997,3,23.65,Bottom-Dollar Markets,23 Tsawassen Blvd.,Tsawassen,BC,T2F 8M4,Canada,,,,,,-0.2885499776656176,0.05490077031078056
10412,WARTH,8,,02/10/1997,1997-01-15 00:00:00.000,2,3.77,WARTIAN HERKKU,Torikatu 38,Oulu,Unknown,90110,Finland,,,,,,-0.3671434857544631,0.04987161486990729
10413,LAMAI,3,,1997-02-11 00:00:00.000,1997/01/16,2,95.66,la maison d'asie,1 rue Alsace-Lorraine,Toulouse,Unknown,31000,France,,,,,,-0.0038659476114041046,0.07311754512452726
10414,FAMIA,2,,1997-02-11 00:00:00.000,17.01.1997,3,21.48,Familia Arquibaldo,"rua orós, 92",sao paulo,SP,05442-030,Brazil,,,,,,-0.2971288465063014,0.054351813202797916
10415,HUNGC,3,,1997-02-12 00:00:00.000,Unknown,1,0.2,Hungry Coyote Import Store,City Center Plaza 516 Main St.,Elgin,OR,97827,USA,,,,,,-0.3812571086859107,0.048968491885806806
10416,WARTH,8,,1997-02-13 00:00:00.000,1997-01-27 00:00:00.000,3,22.72,WARTIAN HERKKU,Torikatu 38,Oulu,Unknown,90110,Finland,,,,,,-0.29222663574019636,0.054665502978788
10417,SIMOB,4,,1997-02-13 00:00:00,01/28/1997,3,70.29,Simons bistro,Vinbæltet 34,kobenhavn,Unknown,1734,Denmark,,,,,,-0.10416359852760176,0.06669955349802048
10418,QUICK,4,,1997-02-14 00:00:00.000,24-01-1997,1,17.55,QUICK-Stop,TAUCHERSTRASSE 10,Cunewalde,Unknown,01307,Germany,,,,,,-0.3126656919182312,0.05335761899340999
10419,RICSU,4,,1997-02-17 00:00:00.000,01/30/1997,2,137.35,Richter Supermarkt,Starenweg 5,Genève,Unknown,1204,Switzerland,,,,,,0.16095112241998266,0.08366409896406482
10420,WELLI,3,,1997-02-18 00:00:00.000,1997-01-27 00:00:00.000,1,44.12,Wellington Importadora,"Rua do Mercado, 12",resende,SP,08737-363,Brazil,,,,,,-0.2076239660670931,0.06007918137087492
10421,QUEDE,8,,04-03-1997,1997-01-27 00:00:00.000,1,99.23,Que Delícia,"Rua da Panificadora, 12",Rio de Janeiro,RJ,02389-673,Brazil,,,,,,0.010247675320043531,0.07402066810862774
10422,FRANS,2,,02/19/1997,1997-01-31 00:00:00.000,1,3.02,Franchi S.p.A.,Via Monte Bianco 34,Torino,Unknown,10100,Italy,,,,,,-0.37010853258880083,0.04968188315055845
10423,GOURL,6,,1997-02-06 00:00:00.000,1997-02-24 00:00:00.000,3,24.5,Gourmet Lanchonetes,"Av. Brasil, 442",Campinas,SP,04876-786,Brazil,,,,,,-0.2851895912533682,0.05511579959270925
10424,MEREP,7,,1997-02-20 00:00:00.000,27.01.1997,2,370.61,Mère Paillarde,43 rue St. Laurent,Montréal,Québec,H1J 1C3,Canada,,,,,,1.0831202218568086,0.1426731934378123
10425,LAMAI,6,,1997-02-21 00:00:00.000,1997-02-14 00:00:00.000,2,7.93,La maison d'Asie,1 rue Alsace-Lorraine,Toulouse,Unknown,31000,France,,,,,,-0.35069735931333645,0.05092399347322886
10426,GALED,4,,24.02.1997,02/06/1997,1,18.69,Galería del gastronómo,"Rambla de Cataluña, 23",Barcelona,Unknown,8022,Spain,,,,,,-0.3081588207300378,0.05364601120682023
10427,PICCO,4,,1997-02-24 00:00:00.000,1997-03-03 00:00:00.000,2,31.29,Piccolo und mehr,Geislweg 14,Salzburg,Unknown,5020,Austria,,,,,,-0.2583460339131639,0.05683350409188075
10428,REGGC,7,,1997-02-25 00:00:00.000,1997-02-04 00:00:00.000,1,11.09,Reggiani Caseifici,Strada Provinciale 124,Reggio Emilia,Unknown,42100,Italy,,,,,,-0.33820462865132683,0.051723396450751975
10429,HUNGO,3,,1997/03/12,1997-02-07 00:00:00.000,2,56.63,HUNGRY OWL ALL-NIGHT GROCERS,8 johnstown road,cork,Co. Cork,Unknown,Ireland,,,,,,-0.1581669848703397,0.06324390644961358
10430,ERNSH,4,,1997-02-13 00:00:00.000,1997-02-03 00:00:00.000,1,458.78,ERNST HANDEL,Kirchgasse 6,Graz,Unknown,8010,Austria,,,,,,1.4316911277015523,0.164978054364462
10431,BOTTM,4,,1997-02-13 00:00:00.000,07.02.1997,2,44.17,Bottom-Dollar Markets,23 Tsawassen Blvd.,Tsawassen,BC,T2F 8M4,Canada,,,,,,-0.20742629627813722,0.06009183015216485
10432,SPLIR,3,,14.02.1997,1997-02-07 00:00:00.000,2,4.34,SPLIT RAIL BEER & ALE,P.O. Box 555,Lander,WY,82520,USA,,,,,,-0.3648900501603664,0.05001581097661241
10433,PRINI,3,,1997-03-03 00:00:00.000,04-03-1997,3,73.83,Princesa Isabel Vinhos,Estrada da saúde n. 58,LISBOA,Unknown,1756,Portugal,,,,,,-0.09016857746952771,0.067595087213347
10434,FOLKO,3,,1997-03-03 00:00:00.000,1997-02-13 00:00:00.000,2,17.92,Folk och fä HB,åkergatan 24,BRÄCKE,Unknown,S-844 67,Sweden,,,,,,-0.31120293547995787,0.053451219974955416
10435,CONSH,8,,1997-03-18 00:00:00.000,1997-02-07 00:00:00.000,2,9.21,Consolidated Holdings,berkeley gardens 12 brewery,London,Unknown,WX1 6LT,UK,,,,,,-0.3456370127160667,0.05124780227425088
10436,BLONP,3,,1997-03-05 00:00:00,02/11/1997,2,156.66,BLONDEL PÈRE ET FILS,"24, place Kléber",Strasbourg,Unknown,67000,France,,,,,,0.2372911949147315,0.08854905829823298
10437,WARTH,8,,1997/03/05,12.02.1997,1,19.97,Wartian Herkku,TORIKATU 38,Oulu,Unknown,90110,Finland,,,,,,-0.3030984741327681,0.05396982000784225
10438,TOMSP,3,,1997-03-06 00:00:00.000,1997-02-14 00:00:00.000,2,8.24,TOMS SPEZIALITÄTEN,Luisenstr. 48,Münster,Unknown,44087,Germany,,,,,,-0.3494718066218102,0.05100241591722638
10439,MEREP,6,,1997-03-07 00:00:00.000,1997-02-10 00:00:00.000,3,4.07,Mère Paillarde,43 rue st. laurent,Montréal,Québec,H1J 1C3,Canada,,,,,,-0.365957467020728,0.04994750755764683
10440,SAVEA,4,,1997-03-10 00:00:00,1997-02-28 00:00:00.000,2,86.53,Save-a-lot Markets,187 Suffolk Ln.,Boise,ID,83720,USA,,,,,,-0.03996045107474209,0.07080787766098737
10441,OLDWO,3,,1997-03-24 00:00:00.000,1997-03-14 00:00:00.000,2,73.02,Old World Delicatessen,2743 BERING ST.,Anchorage,AK,99508,USA,,,,,,-0.09337082805061246,0.06739017695645025
10442,ERNSH,3,,1997-03-11 00:00:00.000,02/18/1997,2,47.94,ernst handel,Kirchgasse 6,Graz,Unknown,8010,Austria,,,,,,-0.19252199419086624,0.06104554826142502
10443,REGGC,8,,1997-03-12 00:00:00.000,14.02.1997,1,13.95,Reggiani Caseifici,STRADA PROVINCIALE 124,Reggio Emilia,Unknown,42100,Italy,,,,,,-0.32689791672305224,0.05244690674053556
10444,BERGS,3,,1997-03-12 00:00:00.000,1997-02-21 00:00:00.000,3,3.5,Berglunds snabbköp,berguvsvägen 8,Luleå,Unknown,S-958 22,Sweden,,,,,,-0.3682109026148247,0.04980331145094171
10445,BERGS,3,,1997-03-13 00:00:00,1997/02/20,1,9.3,BERGLUNDS SNABBKÖP,berguvsvägen 8,luleå,Unknown,S-958 22,Sweden,,,,,,-0.34528120709594623,0.051270570080572744
10446,TOMSP,6,,1997-03-14 00:00:00.000,1997-02-19 00:00:00.000,1,14.68,Toms Spezialitäten,Luisenstr. 48,Münster,Unknown,44087,Germany,,,,,,-0.3240119378042968,0.052631578947368425
10447,RICAR,4,,03/14/1997,1997/03/07,2,68.66,Ricardo Adocicados,"AV. COPACABANA, 267",Rio de Janeiro,RJ,02389-890,Brazil,,,,,,-0.11060763364756249,0.066287203227969
10448,RANCH,4,,1997-03-17 00:00:00.000,24.02.1997,2,38.82,RANCHO GRANDE,Av. del Libertador 900,BUENOS AIRES,Unknown,1010,Argentina,,,,,,-0.22857696369641306,0.05873841055414311
10449,BLONP,3,,18.03.1997,1997-02-27 00:00:00.000,2,53.3,Blondel père et fils,"24, place Kléber",strasbourg,Unknown,67000,France,,,,,,-0.17133179281479924,0.06240149761570474
10450,VICTE,8,,1997-03-19 00:00:00,11.03.1997,2,7.23,Victuailles en stock,"2, rue du commerce",lyon,Unknown,69004,France,,,,,,-0.35346473635871833,0.05074691053516994
10451,QUICK,4,,1997-03-05 00:00:00.000,1997-03-12 00:00:00.000,3,189.09,QUICK-Stop,TAUCHERSTRASSE 10,cunewalde,Unknown,01307,Germany,,,,,,0.36549982003149506,0.09675305784287686
10452,SAVEA,8,,1997-03-20 00:00:00.000,26.02.1997,1,140.26,Save-a-lot Markets,187 Suffolk Ln.,Boise,ID,83720,USA,,,,,,0.17245550413721303,0.08440025803513831
10453,AROUT,1,,1997-03-21 00:00:00.000,1997/02/26,2,25.36,AROUND THE HORN,Brook Farm Stratford St. Mary,COLCHESTER,Essex,CO7 6JX,UK,,,,,,-0.28178967088332757,0.05533335863089592
10454,LAMAI,4,,1997-03-21 00:00:00,25-02-1997,3,2.74,LA MAISON D'ASIE,1 rue Alsace-Lorraine,Toulouse,Unknown,31000,France,,,,,,-0.3712154834069536,0.04961104997533488
10455,WARTH,8,,07-04-1997,1997/03/03,2,180.45,wartian herkku,Torikatu 38,Oulu,Unknown,90110,Finland,,,,,,0.3313424804999243,0.0945673484359782
10456,KOENE,8,,1997/04/08,1997-02-28 00:00:00.000,2,8.12,Königlich Essen,Maubelstr. 90,Brandenburg,Unknown,14776,Germany,,,,,,-0.34994621411530424,0.05097205884213057
10457,KOENE,2,,1997-03-25 00:00:00.000,03.03.1997,1,11.57,königlich essen,Maubelstr. 90,Brandenburg,Unknown,14776,Germany,,,,,,-0.3363069986773507,0.051844824751135235
10458,SUPRD,7,,26-03-1997,1997-03-04 00:00:00.000,3,147.06,SUPRÊMES DÉLICES,"Boulevard Tirou, 255",CHARLEROI,Unknown,B-6000,Belgium,,,,,,0.19933859543520852,0.08612049229056781
10459,VICTE,4,,1997-03-27 00:00:00.000,1997-02-28 00:00:00.000,2,25.09,Victuailles en stock,"2, RUE DU COMMERCE",Lyon,Unknown,69004,France,,,,,,-0.2828570877436891,0.055265055211930335
10460,FOLKO,8,,03/28/1997,03-03-1997,1,16.27,folk och fä hb,åkergatan 24,Bräcke,Unknown,S-844 67,Sweden,,,,,,-0.3177260385155009,0.05303381019238797
10461,LILAS,1,,03/28/1997,1997-03-05 00:00:00.000,3,148.61,LILA-Supermercado,CARRERA 52 CON AVE. BOLÍVAR #65-98 LLANO LARGO,Barquisimeto,Lara,3508,Venezuela,,,,,,0.2054663588928399,0.08651260451055542
10462,CONSH,2,,03/31/1997,1997/03/18,1,6.17,Consolidated Holdings,Berkeley Gardens 12 Brewery,london,Unknown,WX1 6LT,UK,,,,,,-0.35765533588458237,0.05047875637182358
10463,SUPRD,5,,1997-04-01 00:00:00.000,1997-03-06 00:00:00,3,14.78,Suprêmes délices,"Boulevard Tirou, 255",Charleroi,Unknown,B-6000,Belgium,,,,,,-0.32361659822638517,0.05265687650994827
10464,FURIB,4,,1997-04-01 00:00:00.000,1997-03-14 00:00:00.000,2,89.0,Furia Bacalhau e Frutos do Mar,jardim das rosas n. 32,Lisboa,Unknown,1675,Portugal,,,,,,-0.030195563500323156,0.07143272745670956
10465,VAFFE,1,,04/02/1997,1997-03-14 00:00:00.000,3,145.04,Vaffeljernet,Smagsloget 45,ÅRHUS,Unknown,8200,Denmark,,,,,,0.19135273596139218,0.08560948152645494
10466,COMMI,4,,1997-04-03 00:00:00.000,1997-03-13 00:00:00.000,1,11.93,comércio mineiro,"Av. dos Lusíadas, 23",Sao Paulo,SP,05432-043,Brazil,,,,,,-0.33488377619686854,0.051935895976422675
10467,MAGAA,8,,1997-04-03 00:00:00.000,1997-03-11 00:00:00,2,4.93,Magazzini Alimentari Riuniti,via ludovico il moro 22,Bergamo,Unknown,24100,Italy,,,,,,-0.3625575466506874,0.050165066595833495
10468,KOENE,3,,1997/04/04,1997-03-12 00:00:00.000,3,573.56,Königlich Essen,MAUBELSTR. 90,Brandenburg,Unknown,14776,Germany,,,,,,1.8854618952285989,0.19401459669360857
10469,WHITC,1,,1997-04-07 00:00:00.000,1997/03/14,1,60.18,White Clover Markets,1029 - 12th Ave. S.,Seattle,WA,98124,USA,,,,,,-0.14413242985447444,0.0641419699211981
10470,BONAP,4,,1997-04-08 00:00:00,03/14/1997,2,64.56,Bon app',"12, rue des Bouchers",MARSEILLE,Unknown,13008,France,,,,,,-0.12681655634194205,0.06525000316219533
10471,BSBEV,2,,08.04.1997,1997-03-18 00:00:00.000,3,45.59,b's beverages,Fauntleroy Circus,London,Unknown,EC2 5NT,UK,,,,,,-0.2018124742717911,0.06045105554079865
10472,SEVES,8,,1997-04-09 00:00:00,1997-03-19 00:00:00.000,1,4.2,seven seas imports,90 WADHURST RD.,London,Unknown,OX15 4NB,UK,,,,,,-0.36544352556944276,0.04998039438900063
10473,ISLAT,1,,03/27/1997,03/21/1997,3,16.37,Island Trading,Garden House Crowther Way,Cowes,Isle of Wight,PO31 7PJ,UK,,,,,,-0.3173306989375892,0.05305910775496782
10474,PERIC,5,,1997-04-10 00:00:00.000,1997-03-21 00:00:00,2,83.49,Pericles Comidas clásicas,calle dr. jorge cash 321,México D.F.,Unknown,05033,Mexico,,,,,,-0.05197877424325772,0.07003883175856007
10475,SUPRD,9,,1997-04-11 00:00:00.000,1997-04-04 00:00:00.000,1,68.52,Suprêmes délices,"Boulevard Tirou, 255",Charleroi,Unknown,B-6000,Belgium,,,,,,-0.11116110905663885,0.0662517866403572
10476,HILAA,8,,14-04-1997,1997/03/24,3,4.41,HILARION-Abastos,Carrera 22 con Ave. Carlos Soublette #8-35,San Cristóbal,Táchira,5022,Venezuela,,,,,,-0.36461331245582823,0.0500335192704183
10477,PRINI,5,,14-04-1997,1997/03/25,2,13.02,Princesa Isabel Vinhos,Estrada da saúde n. 58,LISBOA,Unknown,1756,Portugal,,,,,,-0.3305745747976311,0.052211639408542995
10478,VICTE,2,,1997/04/01,1997-03-26 00:00:00.000,3,4.81,victuailles en stock,"2, rue du Commerce",lyon,Unknown,69004,France,,,,,,-0.36303195414418143,0.05013470952073768
10479,RATTC,3,,04/16/1997,1997-03-21 00:00:00.000,3,708.95,rattlesnake canyon grocery,2817 Milton Dr.,ALBUQUERQUE,NM,87110,USA,,,,,,2.4207121497632467,0.22826496667046134
10480,FOLIG,6,,1997-04-17 00:00:00.000,1997-03-24 00:00:00.000,2,1.35,Folies gourmandes,"184, chaussée de tournai",Lille,Unknown,59000,France,,,,,,-0.3767107035399262,0.04925941385547503
10481,RICAR,8,,17-04-1997,1997-03-25 00:00:00.000,2,64.33,Ricardo Adocicados,"Av. Copacabana, 267",rio de janeiro,RJ,02389-890,Brazil,,,,,,-0.127725837371139,0.06519181876826169
10482,LAZYK,1,,1997-04-18 00:00:00.000,1997-04-10 00:00:00.000,3,7.48,Lazy K Kountry Store,12 Orchestra Terrace,Walla Walla,WA,99362,USA,,,,,,-0.3524763874139391,0.05081015444161956
10483,WHITC,7,,1997-04-21 00:00:00.000,1997-04-25 00:00:00.000,2,15.28,White Clover Markets,1029 - 12th Ave. S.,Seattle,WA,98124,USA,,,,,,-0.3216399003368267,0.0527833643228475
10484,BSBEV,3,,21.04.1997,01.04.1997,3,6.88,B's Beverages,Fauntleroy Circus,London,Unknown,EC2 5NT,UK,,,,,,-0.35484842488140933,0.050658369066140484
10485,LINOD,4,,08-04-1997,03/31/1997,2,64.45,LINO-Delicateses,AVE. 5 DE MAYO PORLAMAR,i. de margarita,Nueva Esparta,4980,Venezuela,,,,,,-0.12725142987764493,0.0652221758433575
10486,HILAA,1,,23-04-1997,1997-04-02 00:00:00.000,2,30.53,HILARION-Abastos,Carrera 22 con Ave. Carlos Soublette #8-35,San Cristóbal,Táchira,5022,Venezuela,,,,,,-0.2613506147052928,0.05664124261627393
10487,QUEEN,2,,1997-04-23 00:00:00.000,1997-03-28 00:00:00,2,71.07,Queen Cozinha,"Alameda dos Canàrios, 891",SAO PAULO,SP,05487-020,Brazil,,,,,,-0.10107994981989057,0.06689687448614326
10488,FRANK,8,,1997-04-24 00:00:00,1997/04/02,2,4.93,Frankenversand,Berliner Platz 43,München,Unknown,80805,Germany,,,,,,-0.3625575466506874,0.050165066595833495
10489,PICCO,6,,1997-04-25 00:00:00.000,09.04.1997,2,5.29,Piccolo und mehr,Geislweg 14,Salzburg,Unknown,5020,Austria,,,,,,-0.36113432417020525,0.05025613782112094
10490,HILAA,7,,28-04-1997,1997-04-03 00:00:00,2,210.19,hilarion-abastos,carrera 22 con ave. carlos soublette #8-35,San Cristóbal,Táchira,5022,Venezuela,,,,,,0.44891647097086324,0.10209084354722424
10491,FURIB,8,,1997/04/28,1997-04-08 00:00:00.000,3,16.96,FURIA BACALHAU E FRUTOS DO MAR,Jardim das rosas n. 32,LISBOA,Unknown,1675,Portugal,,,,,,-0.31499819542791013,0.053208363374188904
10492,BOTTM,3,1997-01-04,1997/04/29,1997-04-11 00:00:00.000,1,62.89,Bottom-Dollar Markets,23 tsawassen blvd.,Tsawassen,BC,T2F 8M4,Canada,1997.0,1.0,4.0,Saturday,1.0,-0.13341872729306742,0.06482753386711192
10493,LAMAI,4,,1997-04-30 00:00:00.000,10-04-1997,3,-10.64,La maison d'Asie,1 RUE ALSACE-LORRAINE,Toulouse,Unknown,31000,France,,,,,,-0.4241119189315387,0.04622623610215156
10494,COMMI,4,,1997-04-30 00:00:00,04/09/1997,2,65.99,Comércio Mineiro,"Av. dos Lusíadas, 23",SAO PAULO,SP,05432-043,Brazil,,,,,,-0.12116320037780481,0.06561175830708713
10495,LAUGB,3,,01-05-1997,1997-04-11 00:00:00.000,3,4.65,Laughing Bacchus Wine Cellars,2319 elm st.,Vancouver,BC,V3F 2K1,Canada,,,,,,-0.3636644974688401,0.05009423342060993
10496,TRADH,7,,1997/05/02,07.04.1997,2,46.77,Tradiçao Hipermercados,"Av. Inês de Castro, 414",Sao Paulo,SP,05634-030,Brazil,,,,,,-0.19714746725243307,0.06074956677924083
10497,LEHMS,7,,02.05.1997,1997/04/07,1,36.21,LEHMANNS MARKTSTAND,magazinweg 7,Frankfurt a.M.,Unknown,60528,Germany,,,,,,-0.23889532667990837,0.05807814417080915
10498,HILAA,8,,1997-05-05 00:00:00.000,11.04.1997,2,29.75,HILARION-Abastos,Carrera 22 con Ave. Carlos Soublette #8-35,San Cristóbal,Táchira,5022,Venezuela,,,,,,-0.264434263413004,0.056443921628151136
10499,LILAS,4,,1997-05-06 00:00:00.000,16.04.1997,2,102.02,LILA-Supermercado,Carrera 52 con Ave. Bolívar #65-98 Llano Largo,Barquisimeto,Lara,3508,Venezuela,,,,,,0.021277649543779868,0.07472647010460542
10500,LAMAI,6,1997-09-04,1997-05-07 00:00:00.000,1997-04-17 00:00:00.000,1,42.68,La maison d'Asie,1 rue Alsace-Lorraine,Toulouse,Unknown,31000,France,1997.0,9.0,4.0,Thursday,3.0,-0.21331685598902153,0.05971489646972515
10501,ZZZZZ,9,,1997-05-07 00:00:00.000,04/16/1997,3,8.85,Blauer See Delikatessen,FORSTERSTR. 57,MANNHEIM,Unknown,68306,Germany,,,,,,-0.3470602351965489,0.05115673104896344
10502,PERIC,2,,1997-05-08 00:00:00.000,29.04.1997,1,69.32,Pericles Comidas clásicas,Calle Dr. Jorge Cash 321,México D.F.,Unknown,05033,Mexico,,,,,,-0.10799839243334529,0.06645416714099597
10503,HUNGO,6,,1997-05-09 00:00:00.000,16-04-1997,2,16.74,Hungry Owl All-Night Grocers,8 JOHNSTOWN ROAD,Cork,Co. Cork,Unknown,Ireland,,,,,,-0.31586794249931593,0.053152708736513246
10504,WHITC,4,,09.05.1997,04/18/1997,3,59.13,White Clover Markets,1029 - 12TH AVE. S.,Seattle,WA,98124,USA,,,,,,-0.14828349542254723,0.06387634551410973
10505,MEREP,3,,1997-05-12 00:00:00.000,21-04-1997,3,7.13,mère paillarde,43 rue St. Laurent,montréal,Québec,H1J 1C3,Canada,,,,,,-0.35386007593663005,0.0507216129725901
10506,KOENE,9,,1997-05-13 00:00:00,1997-05-02 00:00:00.000,2,21.19,Königlich Essen,Maubelstr. 90,Brandenburg,Unknown,14776,Germany,,,,,,-0.29827533128224537,0.054278450271316364
10507,ANTON,7,,1997/05/13,1997-04-22 00:00:00.000,1,47.45,Antonio Moreno Taquería,mataderos 2312,México D.F.,Unknown,05023,Mexico,,,,,,-0.19445915812263354,0.06092159020478378
10508,OTTIK,1,,1997-05-14 00:00:00.000,Unknown,2,4.99,Ottilies Käseladen,Mehrheimerstr. 369,KÖLN,Unknown,50739,Germany,,,,,,-0.3623203429039404,0.0501802451333814
10509,BLAUS,4,,1997-05-15 00:00:00.000,29.04.1997,1,0.15,Blauer See Delikatessen,Forsterstr. 57,Mannheim,Unknown,68306,Germany,,,,,,-0.38145477847486653,0.04895584310451689
10510,SAVEA,6,,1997-05-16 00:00:00,1997/04/28,3,367.63,SAVE-A-LOT MARKETS,187 Suffolk Ln.,boise,ID,83720,USA,,,,,,1.07133910243504,0.1419193260729329
10511,BONAP,4,,1997-05-16 00:00:00,21-04-1997,3,350.64,Bon app',"12, rue des Bouchers",MARSEILLE,Unknown,13008,France,,,,,,1.0041709081478427,0.13762127019061715
10512,FAMIA,7,,1997-05-19 00:00:00.000,1997-04-24 00:00:00.000,2,3.53,Familia Arquibaldo,"Rua Orós, 92",Sao Paulo,SP,05442-030,Brazil,,,,,,-0.36809230074145116,0.04981090071971566
10513,WANDK,7,,1997/06/03,04/28/1997,1,105.65,Die Wandernde Kuh,Adenauerallee 900,stuttgart,Unknown,70563,Germany,,,,,,0.03562847622197453,0.07564477162625383
10514,ERNSH,3,,1997-05-20 00:00:00.000,16-05-1997,2,789.95,Ernst Handel,kirchgasse 6,Graz,Unknown,8010,Austria,,,,,,2.740937207871722,0.24875599236013615
10515,QUICK,2,,1997-05-07 00:00:00.000,23.05.1997,1,204.47,QUICK-STOP,Taucherstraße 10,cunewalde,Unknown,01307,Germany,,,,,,0.42630304711431416,0.10064382296765709
10516,HUNGO,2,,22.05.1997,01-05-1997,3,62.78,HUNGRY OWL ALL-NIGHT GROCERS,8 Johnstown Road,Cork,Co. Cork,Unknown,Ireland,,,,,,-0.1338536008287703,0.06479970654827408
10517,NORTS,3,,22.05.1997,1997-04-29 00:00:00,3,32.07,North/South,south house 300 queensbridge,London,Unknown,SW7 1RZ,UK,,,,,,-0.2552623852054527,0.057030825080003546
10518,TORTU,4,,1997-05-09 00:00:00.000,05/05/1997,2,218.15,Tortuga Restaurante,avda. azteca 123,MÉXICO D.F.,Unknown,05033,Mexico,,,,,,0.4803855013726344,0.10410452952857993
10519,CHOPS,6,,1997-05-26 00:00:00.000,1997-05-01 00:00:00.000,3,91.76,CHOP-SUEY CHINESE,Hauptstr. 31,bern,Unknown,3012,Switzerland,,,,,,-0.01928419114996028,0.07213094018391329
10520,SANTG,7,,1997-05-27 00:00:00.000,01.05.1997,1,13.37,Santé Gourmet,Erling Skakkes gate 78,Stavern,Unknown,4110,Norway,,,,,,-0.3291908862749401,0.052300180877572454
10521,CACTU,8,,1997-05-27 00:00:00.000,05/02/1997,2,17.22,Cactus Comidas para llevar,Cerrito 333,Buenos Aires,Unknown,1010,Argentina,,,,,,-0.31397031252533975,0.0532741370368965
10522,LEHMS,4,,1997/05/28,1997-05-06 00:00:00.000,1,45.33,Lehmanns Marktstand,Magazinweg 7,Frankfurt a.M.,Unknown,60528,Germany,,,,,,-0.20284035717436155,0.06038528187809105
10523,SEVES,7,,29-05-1997,05/30/1997,2,77.63,Seven Seas Imports,90 Wadhurst Rd.,London,Unknown,OX15 4NB,UK,,,,,,-0.0751456735088832,0.06855639459138113
10524,BERGS,1,,1997/05/29,07-05-1997,2,244.79,Berglunds snabbköp,Berguvsvägen 8,Luleå,Unknown,S-958 22,Sweden,,,,,,0.5857039649283107,0.11084380019985075
10525,BONAP,1,,1997-05-30 00:00:00.000,1997-05-23 00:00:00.000,2,11.06,Bon app',"12, rue des Bouchers",Marseille,Unknown,13008,France,,,,,,-0.3383232305247003,0.051715807181978025
10526,WARTH,4,,06/02/1997,1997-05-15 00:00:00.000,2,58.59,Wartian Herkku,Torikatu 38,Oulu,Unknown,90110,Finland,,,,,,-0.1504183291432704,0.06373973867617856
10527,QUICK,7,,1997-06-02 00:00:00.000,05/07/1997,1,41.9,QUICK-Stop,Taucherstraße 10,cunewalde,Unknown,01307,Germany,,,,,,-0.21640050469673278,0.05951757548160236
10528,GREAL,6,,1997-05-20 00:00:00.000,05/09/1997,2,3.35,Great Lakes Food Market,2732 baker blvd.,EUGENE,OR,97403,USA,,,,,,-0.36880391198169227,0.04976536510707194
10529,MAISD,5,,1997-06-04 00:00:00,1997-05-09 00:00:00.000,2,66.69,Maison Dewey,Rue Joseph-Bens 532,bruxelles,Unknown,B-1180,Belgium,,,,,,-0.11839582333242292,0.06578884124514603
10530,PICCO,3,,05.06.1997,05/12/1997,2,339.22,Piccolo und mehr,Geislweg 14,salzburg,Unknown,5020,Austria,,,,,,0.9590231283503269,0.13473228854399882
10531,OCEAN,7,,1997-06-05 00:00:00.000,1997-05-19 00:00:00.000,1,8.12,Océano Atlántico Ltda.,Ing. Gustavo Moncada 8585 Piso 20-A,Buenos Aires,Unknown,1010,Argentina,,,,,,-0.34994621411530424,0.05097205884213057
10532,EASTC,7,,1997/06/06,1997/05/12,3,74.46,EASTERN CONNECTION,35 king george,London,Unknown,WX3 6FW,UK,,,,,,-0.08767793812868402,0.06775446185760003
10533,FOLKO,8,,09.06.1997,22.05.1997,1,188.04,FOLK OCH FÄ HB,ÅKERGATAN 24,Bräcke,Unknown,S-844 67,Sweden,,,,,,0.3613487544634222,0.09648743343578847
10534,LEHMS,8,,1997-06-09 00:00:00.000,05/14/1997,2,27.94,lehmanns marktstand,Magazinweg 7,Frankfurt a.M.,Unknown,60528,Germany,,,,,,-0.2715899097732058,0.05598603574545593
10535,ANTON,4,,1997-06-10 00:00:00.000,1997-05-21 00:00:00.000,1,15.64,antonio moreno taquería,Mataderos 2312,México D.F.,Unknown,05023,Mexico,,,,,,-0.32021667785634456,0.052874435548134945
10536,LEHMS,3,,06/11/1997,06.06.1997,2,58.88,Lehmanns Marktstand,Magazinweg 7,Frankfurt a.M.,Unknown,60528,Germany,,,,,,-0.1492718443673265,0.06381310160766011
10537,RICSU,1,,1997/05/28,1997/05/19,1,78.85,Richter Supermarkt,STARENWEG 5,Genève,Unknown,1204,Switzerland,,,,,,-0.0703225306583605,0.06886502485485524
10538,BSBEV,9,,1997/05/15,1997-05-16 00:00:00.000,3,4.87,B'S BEVERAGES,fauntleroy circus,London,Unknown,EC2 5NT,UK,,,,,,-0.3627947503974344,0.05014988805828559
10539,BSBEV,6,,1997-06-13 00:00:00.000,1997-05-23 00:00:00.000,3,12.36,B's Beverages,FAUNTLEROY CIRCUS,London,Unknown,EC2 5NT,UK,,,,,,-0.33318381601184827,0.052044675495516016
10540,QUICK,3,,1997-06-16 00:00:00.000,1997-06-13 00:00:00.000,3,1007.64,QUICK-Stop,Taucherstraße 10,CUNEWALDE,Unknown,01307,Germany,,,,,,3.6015519350276963,0.30382625634020166
10541,HANAR,2,,1997/06/16,1997-05-29 00:00:00.000,1,68.65,Hanari Carnes,"Rua do Paço, 67",RIO DE JANEIRO,RJ,Unknown,Brazil,,,,,,-0.11064716760535362,0.066284673471711
10542,KOENE,1,,1997-06-17 00:00:00.000,1997-05-26 00:00:00.000,3,10.95,Königlich Essen,maubelstr. 90,Brandenburg,Unknown,14776,Germany,,,,,,-0.3387581040604032,0.05168797986314019
10543,LILAS,8,,18.06.1997,1997-05-23 00:00:00.000,2,48.17,LILA-Supermercado,Carrera 52 con Ave. Bolívar #65-98 Llano Largo,Barquisimeto,Lara,3508,Venezuela,,,,,,-0.1916127131616693,0.061103732655358664
10544,LONEP,4,,1997-06-18 00:00:00.000,1997-05-30 00:00:00.000,1,24.91,Lonesome Pine Restaurant,89 Chiaroscuro Rd.,PORTLAND,OR,97219,USA,,,,,,-0.2835686989839302,0.055219519599286615
10545,LAZYK,8,,19-06-1997,1997/06/26,2,11.92,Lazy K Kountry Store,12 ORCHESTRA TERRACE,WALLA WALLA,WA,99362,USA,,,,,,-0.3349233101546597,0.051933366220164694
10546,VICTE,1,,20-06-1997,1997-05-27 00:00:00.000,3,194.72,Victuailles en stock,"2, rue du Commerce",Lyon,Unknown,69004,France,,,,,,0.38775743826792364,0.09817731061612214
10547,SEVES,3,,1997-06-20 00:00:00.000,1997-06-02 00:00:00.000,2,178.43,Seven Seas Imports,90 Wadhurst Rd.,london,Unknown,OX15 4NB,UK,,,,,,0.3233566210261081,0.09405633767186533
10548,TOMSP,3,,06/23/1997,1997-06-02 00:00:00.000,2,1.43,TOMS SPEZIALITÄTEN,Luisenstr. 48,Münster,Unknown,44087,Germany,,,,,,-0.3763944318775968,0.04927965190553891
10549,QUICK,5,,1997-06-10 00:00:00.000,30-05-1997,1,171.24,QUICK-Stop,TAUCHERSTRASSE 10,Cunewalde,Unknown,01307,Germany,,,,,,0.29493170537425706,0.09223744292237444
10550,GODOS,7,,1997-06-25 00:00:00.000,06-06-1997,3,4.32,Godos Cocina Típica,"c/ romero, 33",Sevilla,Unknown,41101,Spain,,,,,,-0.3649691180759488,0.05001075146409644
10551,FURIB,4,,1997-07-09 00:00:00.000,1997-06-06 00:00:00.000,3,72.95,Furia Bacalhau e Frutos do Mar,JARDIM DAS ROSAS N. 32,Lisboa,Unknown,1675,Portugal,,,,,,-0.09364756575515062,0.06737246866264436
10552,HILAA,2,,26-06-1997,1997-06-05 00:00:00.000,1,83.22,HILARION-Abastos,Carrera 22 con Ave. Carlos Soublette #8-35,SAN CRISTÓBAL,Táchira,5022,Venezuela,,,,,,-0.053046191103619286,0.0699705283395945
10553,WARTH,2,,1997-06-27 00:00:00.000,1997-06-03 00:00:00.000,2,149.49,wartian herkku,Torikatu 38,Oulu,Unknown,90110,Finland,,,,,,0.2089453471784628,0.08673522306125805
10554,OTTIK,4,,1997-06-27 00:00:00.000,05.06.1997,3,120.97,Ottilies Käseladen,Mehrheimerstr. 369,Köln,Unknown,50739,Germany,,,,,,0.09619449955804658,0.07952035821348614
10555,SAVEA,6,,1997-06-30 00:00:00.000,1997-06-04 00:00:00.000,3,252.49,Save-a-lot Markets,187 Suffolk Ln.,Boise,ID,83720,USA,,,,,,0.6161451124275115,0.11279171251849886
10556,SIMOB,2,1997-03-06,1997/07/15,13.06.1997,1,9.8,SIMONS BISTRO,Vinbæltet 34,Kobenhavn,Unknown,1734,Denmark,1997.0,3.0,6.0,Thursday,1.0,-0.3433045092063877,0.05139705789347197
10557,LEHMS,9,,1997-06-17 00:00:00,06-06-1997,2,96.72,Lehmanns Marktstand,Magazinweg 7,Frankfurt a.M.,Unknown,60528,Germany,,,,,,0.0003246519144598997,0.07338569928787363
10558,AROUT,1,,1997/07/02,1997-06-10 00:00:00.000,2,72.97,Around the Horn,Brook Farm Stratford St. Mary,colchester,Essex,CO7 6JX,UK,,,,,,-0.0935684978395683,0.06737752817516032
10559,BLONP,6,,03.07.1997,1997-06-13 00:00:00.000,1,8.05,BLONDEL PÈRE ET FILS,"24, place Kléber",STRASBOURG,Unknown,67000,France,,,,,,-0.3502229518198424,0.05095435054832467
10560,FRANK,8,1997-06-06,1997-07-04 00:00:00.000,1997-06-09 00:00:00.000,1,36.65,Frankenversand,BERLINER PLATZ 43,München,Unknown,80805,Germany,1997.0,6.0,6.0,Friday,2.0,-0.2371558325370969,0.05818945344616047
10561,FOLKO,2,,04.07.1997,09.06.1997,2,242.21,Folk och fä HB,åkergatan 24,BRÄCKE,Unknown,S-844 67,Sweden,,,,,,0.5755042038181889,0.11019112308529075
10562,REGGC,1,,1997-07-07 00:00:00,12-06-1997,1,22.95,Reggiani Caseifici,Strada Provinciale 124,Reggio Emilia,Unknown,42100,Italy,,,,,,-0.29131735471099945,0.054723687372721645
10563,RICAR,2,,1997-07-22 00:00:00.000,24.06.1997,2,60.43,RICARDO ADOCICADOS,"Av. Copacabana, 267",Rio de Janeiro,RJ,02389-890,Brazil,,,,,,-0.1431440809096952,0.06420521382764771
10564,RATTC,4,,08-07-1997,1997-06-16 00:00:00.000,3,13.75,Rattlesnake Canyon Grocery,2817 MILTON DR.,Albuquerque,NM,87110,USA,,,,,,-0.32768859587887567,0.05239631161537586
10565,MEREP,8,,1997/07/09,1997-06-18 00:00:00.000,2,7.15,Mère Paillarde,43 RUE ST. LAURENT,MONTRÉAL,Québec,H1J 1C3,Canada,,,,,,-0.35378100802104767,0.05072667248510607
10566,BLONP,9,,1997-07-10 00:00:00.000,1997-06-18 00:00:00.000,1,88.4,Blondel père et fils,"24, PLACE KLÉBER",Strasbourg,Unknown,67000,France,,,,,,-0.03256760096779332,0.07128094208123048
10567,HUNGO,1,,1997-07-10 00:00:00.000,06/17/1997,1,33.97,Hungry Owl All-Night Grocers,8 johnstown road,Cork,Co. Cork,Unknown,Ireland,,,,,,-0.2477509332251304,0.05751147876902061
10568,GALED,3,,11.07.1997,1997-07-09 00:00:00,3,6.54,Galería del gastronómo,"Rambla de Cataluña, 23",barcelona,Unknown,8022,Spain,,,,,,-0.35619257944630905,0.050572357353369006
10569,RATTC,5,,1997/07/14,07/11/1997,1,58.98,Rattlesnake Canyon Grocery,2817 Milton Dr.,Albuquerque,NM,87110,USA,,,,,,-0.1488765047894148,0.06383839917023995
10570,MEREP,3,,1997-07-15 00:00:00,1997/06/19,3,188.99,Mère Paillarde,43 rue St. Laurent,Montréal,Québec,H1J 1C3,Canada,,,,,,0.3651044804535834,0.096727760280297
10571,ERNSH,8,,29-07-1997,1997-07-04 00:00:00.000,3,26.06,Ernst Handel,Kirchgasse 6,Graz,Unknown,8010,Austria,,,,,,-0.2790222938379457,0.055510441568954835
10572,BERGS,3,,1997/07/16,1997-06-25 00:00:00.000,2,116.43,Berglunds snabbköp,Berguvsvägen 8,Luleå,Unknown,S-958 22,Sweden,,,,,,0.07824608272085555,0.07837184887236116
10573,ANTON,7,,1997-07-17 00:00:00.000,1997-06-20 00:00:00.000,3,84.84,ANTONIO MORENO TAQUERÍA,MATADEROS 2312,México D.F.,Unknown,05023,Mexico,,,,,,-0.046641689941449765,0.07038034885338798
10574,TRAIH,4,,1997-07-17 00:00:00.000,1997-06-30 00:00:00,2,37.6,trail's head gourmet provisioners,722 DAVINCI BLVD.,Kirkland,WA,98034,USA,,,,,,-0.23340010654693577,0.058429780290669
10575,MORGK,5,,1997-07-04 00:00:00.000,1997-06-30 00:00:00.000,1,127.34,Morgenstern Gesundkost,Heerstr. 22,Leipzig,Unknown,04179,Germany,,,,,,0.12137763067102175,0.0811318129498223
10576,TORTU,3,,07/07/1997,06/30/1997,3,18.56,Tortuga Restaurante,Avda. Azteca 123,MÉXICO D.F.,Unknown,05033,Mexico,,,,,,-0.308672762181323,0.05361312437546643
10577,TRAIH,9,,08/04/1997,30.06.1997,2,25.41,Trail's Head Gourmet Provisioners,722 DaVinci Blvd.,Kirkland,WA,98034,USA,,,,,,-0.2815920010943717,0.055346007412185844
10578,BSBEV,4,,1997/07/22,1997-07-25 00:00:00.000,3,29.6,B'S BEVERAGES,Fauntleroy Circus,London,Unknown,EC2 5NT,UK,,,,,,-0.2650272727798716,0.056405975284281366
10579,LETSS,1,,1997-07-23 00:00:00.000,07/04/1997,2,13.73,Let's Stop N Shop,87 Polk St. Suite 5,SAN FRANCISCO,CA,94117,USA,,,,,,-0.327767663794458,0.052391252102859893
10580,OTTIK,4,,1997/07/24,1997-07-01 00:00:00.000,3,75.89,OTTILIES KÄSELADEN,Mehrheimerstr. 369,köln,Unknown,50739,Germany,,,,,,-0.08202458216454672,0.06811621700249182
10581,FAMIA,3,,24.07.1997,1997-07-02 00:00:00.000,1,3.01,Familia Arquibaldo,"Rua Orós, 92",Sao Paulo,SP,05442-030,Brazil,,,,,,-0.370148066546592,0.04967935339430046
10582,BLAUS,3,,1997-07-25 00:00:00.000,1997-07-14 00:00:00,2,27.71,Blauer See Delikatessen,Forsterstr. 57,Mannheim,Unknown,68306,Germany,,,,,,-0.27249919080240265,0.055927851351522284
10583,WARTH,2,,1997-07-28 00:00:00.000,1997/07/04,2,7.28,Wartian Herkku,Torikatu 38,Oulu,Unknown,90110,Finland,,,,,,-0.3532670665697625,0.05075955931645987
10584,BLONP,4,,1997-07-28 00:00:00,1997-07-04 00:00:00.000,1,59.14,Blondel père et fils,"24, place Kléber",Strasbourg,Unknown,67000,France,,,,,,-0.14824396146475607,0.0638788752703677
10585,WELLI,7,,1997-07-29 00:00:00.000,10-07-1997,1,13.41,Wellington Importadora,"RUA DO MERCADO, 12",RESENDE,SP,08737-363,Brazil,,,,,,-0.32903275044377545,0.05231029990260439
10586,REGGC,9,,1997-07-30 00:00:00.000,1997-07-09 00:00:00.000,1,0.48,Reggiani Caseifici,Strada Provinciale 124,Reggio Emilia,Unknown,42100,Italy,,,,,,-0.3801501578677579,0.04903932506103038
10587,QUEDE,1,,1997/07/30,07/09/1997,1,62.52,Que Delícia,"RUA DA PANIFICADORA, 12",Rio de Janeiro,RJ,02389-673,Brazil,,,,,,-0.13488148373134068,0.06473393288556649
10588,QUICK,2,,1997-07-31 00:00:00.000,1997-07-10 00:00:00,3,194.67,QUICK-Stop,Taucherstraße 10,Cunewalde,Unknown,01307,Germany,,,,,,0.3875597684789677,0.09816466183483222
10589,GREAL,8,,01-08-1997,1997-07-14 00:00:00.000,2,4.42,GREAT LAKES FOOD MARKET,2732 Baker Blvd.,Eugene,OR,97403,USA,,,,,,-0.36457377849803707,0.050036049026676285
10590,MEREP,4,,08/04/1997,14-07-1997,3,44.77,MÈRE PAILLARDE,43 rue St. Laurent,Montréal,Québec,H1J 1C3,Canada,,,,,,-0.20505425881066702,0.060243615527643915
10591,VAFFE,1,,1997-07-21 00:00:00.000,16-07-1997,1,55.92,vaffeljernet,SMAGSLOGET 45,ÅRHUS,Unknown,8200,Denmark,,,,,,-0.16097389587351274,0.06306429375529668
10592,LEHMS,3,,08/05/1997,07/16/1997,1,32.1,Lehmanns Marktstand,magazinweg 7,Frankfurt a.M.,Unknown,60528,Germany,,,,,,-0.25514378333207915,0.0570384143487775
10593,LEHMS,7,,1997-08-06 00:00:00.000,13-08-1997,2,174.2,LEHMANNS MARKTSTAND,Magazinweg 7,frankfurt a.m.,Unknown,60528,Germany,,,,,,0.30663375688044325,0.09298625077473786
10594,OLDWO,3,,06-08-1997,16.07.1997,2,5.24,Old World Delicatessen,2743 Bering St.,Anchorage,AK,99508,USA,,,,,,-0.36133199395916116,0.050243489039831016
10595,ERNSH,2,,1997-08-07 00:00:00.000,1997-07-14 00:00:00.000,1,96.78,ernst handel,Kirchgasse 6,Graz,Unknown,8010,Austria,,,,,,0.0005618556612069273,0.07340087782542153
10596,WHITC,8,1997-11-07,1997-08-08 00:00:00.000,12-08-1997,1,16.34,White Clover Markets,1029 - 12th ave. s.,Seattle,WA,98124,USA,1997.0,11.0,7.0,Friday,4.0,-0.3174493008109627,0.05305151848619386
10597,PICCO,7,,1997-08-08 00:00:00.000,07/18/1997,3,35.12,Piccolo und mehr,GEISLWEG 14,salzburg,Unknown,5020,Austria,,,,,,-0.2432045280791459,0.057802400738688836
10598,RATTC,1,,1997-08-11 00:00:00,1997-07-18 00:00:00.000,3,44.42,Rattlesnake Canyon Grocery,2817 Milton Dr.,Albuquerque,NM,Unknown,USA,,,,,,-0.206437947333358,0.06015507405861446
10599,BSBEV,6,,26.08.1997,1997-07-21 00:00:00,3,29.98,B'S BEVERAGES,Fauntleroy Circus,London,Unknown,EC2 5NT,UK,,,,,,-0.2635249823838071,0.056502106022084775
10600,HUNGC,4,,1997/08/13,21.07.1997,1,45.13,HUNGRY COYOTE IMPORT STORE,City Center Plaza 516 Main St.,ELGIN,OR,97827,USA,,,,,,-0.20363103633018492,0.06033468675293136
10601,HILAA,7,,1997-08-27 00:00:00.000,1997-07-22 00:00:00,1,58.3,HILARION-Abastos,Carrera 22 con Ave. Carlos Soublette #8-35,San Cristóbal,Táchira,5022,Venezuela,,,,,,-0.15156481391921436,0.06366637574469701
10602,VAFFE,8,,1997-08-14 00:00:00,1997/07/22,2,2.92,Vaffeljernet,smagsloget 45,Århus,Unknown,8200,Denmark,,,,,,-0.37050387216671254,0.049656585587978606
10603,SAVEA,8,,1997-08-15 00:00:00.000,08.08.1997,2,48.77,SAVE-A-LOT MARKETS,187 Suffolk Ln.,Boise,ID,83720,USA,,,,,,-0.1892406756941991,0.06125551803083774
10604,FURIB,1,,1997-08-15 00:00:00.000,29.07.1997,1,7.46,Furia Bacalhau e Frutos do Mar,Jardim das rosas n. 32,lisboa,Unknown,1675,Portugal,,,,,,-0.3525554553295215,0.05080509492910359
10605,MEREP,1,,18.08.1997,29.07.1997,2,379.13,MÈRE PAILLARDE,43 rue st. laurent,montréal,Québec,H1J 1C3,Canada,,,,,,1.1168031538948853,0.14482854576961512
10606,TRADH,4,,1997-08-19 00:00:00.000,31-07-1997,3,79.4,Tradiçao Hipermercados,"av. inês de castro, 414",SAO PAULO,SP,05634-030,Brazil,,,,,,-0.06814816297984612,0.0690041614490444
10607,SAVEA,5,,1997/08/19,25-07-1997,1,2960.0,Save-a-lot Markets,187 Suffolk Ln.,Boise,ID,83720,USA,,,,,,11.320003718344516,0.7977257491240719
10608,TOMSP,4,,1997-08-20 00:00:00.000,1997-08-01 00:00:00.000,2,27.79,TOMS SPEZIALITÄTEN,LUISENSTR. 48,Münster,Unknown,44087,Germany,,,,,,-0.27218291914007336,0.05594808940158616
10609,DUMON,7,,08/21/1997,30.07.1997,2,1.85,Du monde entier,"67, RUE DES CINQUANTE OTAGES",Nantes,Unknown,44000,France,,,,,,-0.3747340056503677,0.049385901668374255
10610,LAMAI,8,,22-08-1997,1997-08-06 00:00:00.000,1,26.78,la maison d'asie,1 rue Alsace-Lorraine,toulouse,Unknown,31000,France,,,,,,-0.27617584887698143,0.05569258401952973
10611,WOLZA,6,,1997-08-22 00:00:00.000,1997-08-01 00:00:00.000,2,80.65,Wolski Zajazd,ul. filtrowa 68,Warszawa,Unknown,01-012,Poland,,,,,,-0.06320641825594989,0.06932038098129246
10612,SAVEA,1,,1997-08-25 00:00:00.000,1997-08-01 00:00:00.000,2,544.08,save-a-lot markets,187 Suffolk Ln.,Boise,ID,83720,USA,,,,,,1.7689157876602308,0.18655687524507017
10613,HILAA,4,,1997-08-26 00:00:00.000,1997-08-01 00:00:00.000,2,8.11,HILARION-ABASTOS,Carrera 22 con Ave. Carlos Soublette #8-35,San Cristóbal,Táchira,5022,Venezuela,,,,,,-0.3499857480730954,0.05096952908587258
10614,BLAUS,8,,1997/08/26,1997-08-01 00:00:00.000,3,1.93,blauer see delikatessen,Forsterstr. 57,Mannheim,Unknown,68306,Germany,,,,,,-0.3744177339880383,0.04940613971843814
10615,WILMK,2,,1997-08-27 00:00:00.000,06.08.1997,3,0.75,Wilman Kala,KESKUSKATU 45,Helsinki,Unknown,21240,Finland,,,,,,-0.37908274100739636,0.04910762847999596
10616,GREAL,1,,1997-08-28 00:00:00.000,1997-08-05 00:00:00.000,2,116.53,Great Lakes Food Market,2732 Baker Blvd.,Eugene,OR,97403,USA,,,,,,0.07864142229876722,0.078397146434941
10617,GREAL,4,,1997-08-28 00:00:00.000,1997-08-04 00:00:00.000,2,18.53,Great Lakes Food Market,2732 Baker Blvd.,eugene,OR,97403,USA,,,,,,-0.30879136405469654,0.05360553510669248
10618,MEREP,1,,12.09.1997,1997-08-08 00:00:00,1,154.68,Mère Paillarde,43 rue st. laurent,Montréal,Québec,H1J 1C3,Canada,,,,,,0.22946347127207992,0.08804816655915204
10619,MEREP,3,,1997-09-01 00:00:00.000,1997-08-07 00:00:00.000,3,91.05,Mère Paillarde,43 rue St. Laurent,Montréal,Québec,H1J 1C3,Canada,,,,,,-0.022091102153133365,0.07195132748959639
10620,LAUGB,2,1997-05-08,02-09-1997,1997-08-14 00:00:00.000,3,0.94,Laughing Bacchus Wine Cellars,2319 Elm St.,vancouver,BC,V3F 2K1,Canada,1997.0,5.0,8.0,Thursday,2.0,-0.37833159580936415,0.04915569384889766
10621,ISLAT,4,,09/02/1997,1997-08-11 00:00:00.000,2,23.73,island trading,Garden House Crowther Way,Cowes,Isle of Wight,PO31 7PJ,UK,,,,,,-0.28823370600328824,0.05492100836084444
10622,RICAR,4,,1997-09-03 00:00:00.000,11.08.1997,3,50.97,Ricardo Adocicados,"Av. Copacabana, 267",Rio de Janeiro,RJ,02389-890,Brazil,,,,,,-0.18054320498014179,0.06181206440759433
10623,FRANK,8,,1997-09-04 00:00:00.000,08/12/1997,2,97.18,Frankenversand,Berliner Platz 43,MÜNCHEN,Unknown,80805,Germany,,,,,,0.0021432139728537404,0.07350206807574092
10624,THECR,4,,09/04/1997,1997-08-19 00:00:00.000,2,94.8,The Cracker Box,55 grizzly peak rd.,Butte,MT,59801,USA,,,,,,-0.007265867981444703,0.07289998608634059
10625,ANATR,3,,09/05/1997,1997-08-14 00:00:00.000,1,43.9,ana trujillo emparedados y helados,Avda. de la Constitución 2222,MÉXICO D.F.,Unknown,05021,Mexico,,,,,,-0.20849371313849882,0.06002352673319926
10626,BERGS,1,1997-11-08,08-09-1997,1997-08-20 00:00:00,2,138.69,Berglunds snabbköp,BERGUVSVÄGEN 8,LULEÅ,Unknown,S-958 22,Sweden,1997.0,11.0,8.0,Saturday,4.0,0.1662486727639994,0.08400308630263476
10627,SAVEA,8,,22.09.1997,1997/08/21,3,107.46,save-a-lot markets,187 suffolk ln.,Boise,ID,83720,USA,,,,,,0.04278412258217621,0.07610265750894901
10628,BLONP,4,,1997/09/09,20.08.1997,3,30.36,Blondel père et fils,"24, place kléber",Strasbourg,Unknown,67000,France,,,,,,-0.2620226919877427,0.05659823675988819
10629,GODOS,4,,1997-09-09 00:00:00,1997-08-20 00:00:00.000,3,85.46,Godos Cocina Típica,"C/ Romero, 33",Sevilla,Unknown,41101,Spain,,,,,,-0.04419058455839728,0.07053719374138302
10630,KOENE,1,,1997/09/10,1997-08-19 00:00:00.000,2,32.35,königlich essen,Maubelstr. 90,Brandenburg,Unknown,Unknown,Germany,,,,,,-0.25415543438729993,0.05710165825522712
10631,LAMAI,8,,1997-09-11 00:00:00.000,15-08-1997,1,0.87,La maison d'Asie,1 RUE ALSACE-LORRAINE,Toulouse,Unknown,31000,France,,,,,,-0.37860833351390233,0.04913798555509177
10632,WANDK,8,,1997-09-11 00:00:00.000,1997-08-19 00:00:00.000,1,41.38,Die Wandernde Kuh,ADENAUERALLEE 900,Stuttgart,Unknown,70563,Germany,,,,,,-0.21845627050187358,0.05938602815618716
10633,ERNSH,7,,09/12/1997,18.08.1997,3,477.9,Ernst Handel,Kirchgasse 6,Graz,Unknown,8010,Austria,,,,,,1.507280054998269,0.16981494832972843
10634,FOLIG,4,,1997/09/12,1997-08-21 00:00:00.000,3,487.38,Folies gourmandes,"184, chaussée de Tournai",Lille,Unknown,59000,France,,,,,,1.544758246984298,0.1722131572622978
10635,MAGAA,8,,09/15/1997,1997-08-21 00:00:00.000,3,47.46,Magazzini Alimentari Riuniti,Via Ludovico il Moro 22,BERGAMO,Unknown,24100,Italy,,,,,,-0.19441962416484238,0.06092411996104176
10636,WARTH,4,,1997-09-16 00:00:00.000,1997-08-26 00:00:00.000,1,1.15,WARTIAN HERKKU,TORIKATU 38,Oulu,Unknown,90110,Finland,,,,,,-0.37750138269574957,0.04920881873031534
10637,QUEEN,6,,1997-09-16 00:00:00.000,1997-08-26 00:00:00.000,1,201.29,Queen Cozinha,"ALAMEDA DOS CANÀRIOS, 891",sao paulo,SP,05487-020,Brazil,,,,,,0.41373124853672216,0.09983936047761799
10638,LINOD,3,,09/17/1997,01-09-1997,1,158.44,LINO-Delicateses,Ave. 5 de Mayo Porlamar,i. de margarita,Nueva Esparta,4980,Venezuela,,,,,,0.2443282394015597,0.08899935491215422
10639,SANTG,7,,17-09-1997,1997-08-27 00:00:00.000,3,38.64,Santé Gourmet,Erling Skakkes gate 78,STAVERN,Unknown,4110,Norway,,,,,,-0.2292885749366541,0.05869287494149939
10640,WANDK,4,,1997-09-18 00:00:00.000,1997-08-28 00:00:00.000,1,23.55,die wandernde kuh,Adenauerallee 900,Stuttgart,Unknown,70563,Germany,,,,,,-0.2889453172435293,0.05487547274820072
10641,HILAA,4,,1997/09/19,1997-08-26 00:00:00,2,179.61,HILARION-Abastos,Carrera 22 con Ave. Carlos Soublette #8-35,San Cristóbal,Táchira,5022,Venezuela,,,,,,0.3280216280454662,0.09435484891030751
10642,SIMOB,7,,1997-09-19 00:00:00.000,1997-09-05 00:00:00.000,3,41.89,Simons bistro,Vinbæltet 34,KOBENHAVN,Unknown,1734,Denmark,,,,,,-0.21644003865452394,0.05951504572534437
10643,ALFKI,6,,22-09-1997,1997/09/02,1,29.46,Alfreds Futterkiste,obere str. 57,berlin,Unknown,12209,Germany,,,,,,-0.26558074818894795,0.056370558696669584
10644,WELLI,3,,1997-09-22 00:00:00,1997-09-01 00:00:00.000,2,0.14,Wellington Importadora,"Rua do Mercado, 12",Resende,SP,08737-363,Brazil,,,,,,-0.38149431243265775,0.0489533133482589
10645,HANAR,4,,1997-09-23 00:00:00.000,1997-09-02 00:00:00,1,12.41,Hanari Carnes,"rua do paço, 67",Rio de Janeiro,RJ,05454-876,Brazil,,,,,,-0.3329861462228924,0.052057324276805934
10646,HUNGO,9,,1997-10-08 00:00:00.000,1997-09-03 00:00:00.000,3,142.33,HUNGRY OWL ALL-NIGHT GROCERS,8 Johnstown Road,Cork,Co. Cork,Unknown,Ireland,,,,,,0.18063903339998527,0.08492391758054113
10647,QUEDE,4,,1997-09-10 00:00:00.000,03.09.1997,2,45.54,Que Delícia,"RUA DA PANIFICADORA, 12",Rio de Janeiro,RJ,02389-673,Brazil,,,,,,-0.20201014406074697,0.06043840675950873
10648,RICAR,5,,1997/10/09,1997-09-09 00:00:00.000,2,14.25,ricardo adocicados,"Av. Copacabana, 267",Rio de Janeiro,RJ,02389-890,Brazil,,,,,,-0.32571189798931716,0.05252279942827509
10649,MAISD,5,,1997-09-25 00:00:00.000,1997-08-29 00:00:00.000,3,6.2,Maison Dewey,RUE JOSEPH-BENS 532,Bruxelles,Unknown,B-1180,Belgium,,,,,,-0.35753673401120883,0.050486345640597535
10650,FAMIA,5,,1997/09/26,1997-09-03 00:00:00.000,3,176.81,Familia Arquibaldo,"RUA ORÓS, 92",Sao Paulo,SP,05442-030,Brazil,,,,,,0.31695211986393856,0.09364651715807183
10651,WANDK,8,,29-09-1997,1997-09-11 00:00:00.000,2,20.6,Die Wandernde Kuh,adenauerallee 900,Stuttgart,Unknown,70563,Germany,,,,,,-0.3006078347919244,0.05412919465209528
10652,GOURL,4,,1997-09-29 00:00:00,09/08/1997,2,7.14,Gourmet Lanchonetes,"Av. Brasil, 442",Campinas,SP,04876-786,Brazil,,,,,,-0.3538205419788389,0.05072414272884808
10653,FRANK,1,,1997/09/30,19-09-1997,1,93.25,Frankenversand,Berliner Platz 43,München,Unknown,80805,Germany,,,,,,-0.013393631439076006,0.07250787386635299
10654,BERGS,5,,1997-09-30 00:00:00.000,1997-09-11 00:00:00.000,1,55.26,Berglunds snabbköp,Berguvsvägen 8,Luleå,Unknown,S-958 22,Sweden,,,,,,-0.16358313708772995,0.0628973298422697
10655,REGGC,1,,1997/10/01,11.09.1997,2,4.41,Reggiani Caseifici,Strada Provinciale 124,REGGIO EMILIA,Unknown,42100,Italy,,,,,,-0.36461331245582823,0.0500335192704183
10656,GREAL,6,,1997/10/02,1997-09-10 00:00:00.000,1,57.15,GREAT LAKES FOOD MARKET,2732 BAKER BLVD.,Eugene,OR,97403,USA,,,,,,-0.15611121906519887,0.06337545377502879
10657,SAVEA,2,,1997-10-02 00:00:00,15-09-1997,2,352.69,save-a-lot markets,187 SUFFOLK LN.,Boise,ID,83720,USA,,,,,,1.0122753694950326,0.138139870223504
10658,QUICK,4,,1997-10-03 00:00:00.000,1997/09/08,1,364.15,QUICK-STOP,TAUCHERSTRASSE 10,Cunewalde,Unknown,01307,Germany,,,,,,1.0575812851237127,0.14103897089515427
10659,QUEEN,7,,10/03/1997,1997-09-10 00:00:00.000,2,105.81,QUEEN COZINHA,"Alameda dos Canàrios, 891",SAO PAULO,SP,05487-020,Brazil,,,,,,0.03626101954663323,0.07568524772638158
10660,HUNGC,8,,1997-10-06 00:00:00,1997/10/15,1,111.29,Hungry Coyote Import Store,City Center Plaza 516 Main St.,Elgin,OR,97827,USA,,,,,,0.05792562841619428,0.0770715541557571
10661,HUNGO,7,,07.10.1997,15-09-1997,3,17.55,Hungry Owl All-Night Grocers,8 Johnstown Road,CORK,Co. Cork,Unknown,Ireland,,,,,,-0.3126656919182312,0.05335761899340999
10662,LONEP,3,,1997-10-07 00:00:00,1997-09-18 00:00:00.000,2,1.28,Lonesome Pine Restaurant,89 chiaroscuro rd.,PORTLAND,OR,97219,USA,,,,,,-0.37698744124446437,0.04924170556166914
10663,BONAP,2,1997-10-09,1997-09-24 00:00:00,10/03/1997,2,113.15,Bon app',"12, RUE DES BOUCHERS",Marseille,Unknown,13008,France,1997.0,10.0,9.0,Thursday,4.0,0.06527894456535185,0.07754208881974223
10664,FURIB,1,,1997-10-08 00:00:00.000,1997-09-19 00:00:00,3,1.27,Furia Bacalhau e Frutos do Mar,Jardim das rosas n. 32,Lisboa,Unknown,1675,Portugal,,,,,,-0.37702697520225553,0.04923917580541116
10665,LONEP,1,,09-10-1997,1997-09-17 00:00:00.000,2,26.31,Lonesome Pine Restaurant,89 Chiaroscuro Rd.,Portland,OR,97219,USA,,,,,,-0.2780339448931664,0.05557368547540445
10666,RICSU,7,,1997-10-10 00:00:00.000,22.09.1997,2,232.42,RICHTER SUPERMARKT,STARENWEG 5,Genève,Unknown,1204,Switzerland,,,,,,0.5368004591406336,0.10771449170872388
10667,ERNSH,7,,1997-10-10 00:00:00,09/19/1997,1,78.09,ernst handel,Kirchgasse 6,Graz,Unknown,8010,Austria,,,,,,-0.07332711145048935,0.06867276337924842
10668,WANDK,1,,1997-10-13 00:00:00.000,1997-09-23 00:00:00.000,2,47.22,die wandernde kuh,Adenauerallee 900,stuttgart,Unknown,70563,Germany,,,,,,-0.19536843915183044,0.06086340581085013
10669,SIMOB,2,,13.10.1997,1997-09-22 00:00:00.000,1,24.39,Simons bistro,VINBÆLTET 34,Kobenhavn,Unknown,1734,Denmark,,,,,,-0.28562446478907105,0.05508797227387142
10670,FRANK,4,,1997-10-14 00:00:00.000,18-09-1997,1,203.48,frankenversand,Berliner Platz 43,münchen,Unknown,80805,Germany,,,,,,0.4223891852929883,0.1003933770981166
10671,FRANR,1,,1997-10-15 00:00:00.000,24.09.1997,1,30.34,France restauration,"54, rue royale",Nantes,Unknown,44000,France,,,,,,-0.262101759903325,0.05659317724737222
10672,BERGS,9,,01.10.1997,09/26/1997,2,95.75,berglunds snabbköp,Berguvsvägen 8,Luleå,Unknown,S-958 22,Sweden,,,,,,-0.0035101419912835635,0.07314031293084912
10673,WILMK,2,,1997/10/16,1997-09-19 00:00:00.000,1,22.76,Wilman Kala,Keskuskatu 45,Helsinki,Unknown,21240,Finland,,,,,,-0.29206849990903166,0.05467562200381994
10674,ISLAT,4,,16-10-1997,09/30/1997,2,0.9,ISLAND TRADING,GARDEN HOUSE CROWTHER WAY,Cowes,Isle of Wight,PO31 7PJ,UK,,,,,,-0.3784897316405288,0.04914557482386572
10675,FRANK,5,,17.10.1997,1997-09-23 00:00:00.000,2,31.85,Frankenversand,Berliner Platz 43,MÜNCHEN,Unknown,80805,Germany,,,,,,-0.2561321322768584,0.05697517044232789
10676,TORTU,2,,20.10.1997,1997-09-29 00:00:00.000,2,2.01,Tortuga Restaurante,Avda. Azteca 123,México D.F.,Unknown,05033,Mexico,,,,,,-0.37410146232570896,0.04942637776850201
10677,ANTON,1,,1997-10-20 00:00:00.000,26-09-1997,3,4.03,Antonio Moreno Taquería,Mataderos 2312,México D.F.,Unknown,05023,Mexico,,,,,,-0.36611560285189265,0.04993738853261489
10678,SAVEA,7,,1997-10-21 00:00:00.000,1997-10-16 00:00:00.000,3,388.98,Save-a-lot Markets,187 Suffolk Ln.,Boise,ID,83720,USA,,,,,,1.1557441023191874,0.1473203556837299
10679,BLONP,8,,1997-10-21 00:00:00.000,1997-09-30 00:00:00.000,3,27.94,Blondel père et fils,"24, PLACE KLÉBER",strasbourg,Unknown,67000,France,,,,,,-0.2715899097732058,0.05598603574545593
10680,OLDWO,1,,22.10.1997,1997-09-26 00:00:00.000,1,26.61,Old World Delicatessen,2743 Bering St.,ANCHORAGE,AK,99508,USA,,,,,,-0.2768479261594313,0.05564957816314399
10681,GREAL,3,,1997-10-23 00:00:00.000,30-09-1997,3,76.13,Great Lakes Food Market,2732 BAKER BLVD.,eugene,OR,97403,USA,,,,,,-0.08107576717755867,0.06817693115268345
10682,ANTON,3,,23.10.1997,01.10.1997,2,36.13,antonio moreno taquería,Mataderos 2312,México D.F.,Unknown,05023,Mexico,,,,,,-0.2392115983422377,0.058057906120745274
10683,DUMON,2,,1997-10-24 00:00:00.000,10/01/1997,1,4.4,Du monde entier,"67, rue des Cinquante Otages",Nantes,Unknown,44000,France,,,,,,-0.3646528464136194,0.050030989514160316
10684,OTTIK,3,,24-10-1997,1997-09-30 00:00:00.000,1,145.63,ottilies käseladen,mehrheimerstr. 369,Köln,Unknown,50739,Germany,,,,,,0.19368523947107122,0.08575873714567603
10685,GOURL,4,,13.10.1997,1997-10-03 00:00:00.000,2,33.75,Gourmet Lanchonetes,"Av. Brasil, 442",Campinas,SP,04876-786,Brazil,,,,,,-0.24862068029653614,0.05745582413134495
10686,PICCO,2,,10/28/1997,1997-10-08 00:00:00.000,1,96.5,Piccolo und mehr,Geislweg 14,Salzburg,Unknown,5020,Austria,,,,,,-0.0005450951569458307,0.07333004465019796
10687,HUNGO,9,,1997-10-28 00:00:00,1997-10-30 00:00:00,2,296.43,Hungry Owl All-Night Grocers,8 JOHNSTOWN ROAD,Cork,Co. Cork,Unknown,Ireland,,,,,,0.7898573229619114,0.12390746151608294
10688,VAFFE,4,,1997-10-15 00:00:00.000,1997-10-07 00:00:00.000,2,299.09,Vaffeljernet,smagsloget 45,Århus,Unknown,8200,Denmark,,,,,,0.8003733557343624,0.12458037668070682
10689,BERGS,1,1997-01-10,1997-10-29 00:00:00.000,1997/10/07,2,13.42,berglunds snabbköp,Berguvsvägen 8,Luleå,Unknown,S-958 22,Sweden,1997.0,1.0,10.0,Friday,1.0,-0.3289932164859843,0.05231282965886237
10690,HANAR,1,,1997-10-30 00:00:00.000,1997-10-03 00:00:00.000,1,15.8,Hanari Carnes,"Rua do Paço, 67",Rio de Janeiro,RJ,05454-876,Brazil,,,,,,-0.3195841345316859,0.052914911648262695
10691,QUICK,2,,1997-11-14 00:00:00.000,22.10.1997,2,810.05,QUICK-Stop,Taucherstraße 10,CUNEWALDE,Unknown,01307,Germany,,,,,,2.8204004630319726,0.25384080243868506
10692,ALFKI,4,,31-10-1997,1997/10/13,2,61.02,Alfred's Futterkiste,Obere Str. 57,Berlin,Unknown,12209,Germany,,,,,,-0.14081157740001615,0.0643544694468688
10693,WHITC,3,,1997/10/20,10/10/1997,3,139.34,White Clover Markets,1029 - 12th Ave. S.,SEATTLE,WA,98124,USA,,,,,,0.16881838002042548,0.08416752045940375
10694,QUICK,8,,1997-11-03 00:00:00.000,1997/10/09,3,398.36,QUICK-Stop,TAUCHERSTRASSE 10,Cunewalde,Unknown,01307,Germany,,,,,,1.1928269547273047,0.14969326705371938
10695,WILMK,7,1997-07-10,1997-11-18 00:00:00.000,1997-10-14 00:00:00.000,1,16.72,Wilman Kala,Keskuskatu 45,Helsinki,Unknown,21240,Finland,1997.0,7.0,10.0,Thursday,3.0,-0.31594701041489825,0.05314764922399727
10696,WHITC,8,1997-08-10,1997-11-19 00:00:00.000,1997-10-14 00:00:00.000,3,102.55,White Clover Markets,1029 - 12th Ave. S.,SEATTLE,WA,98124,USA,1997.0,8.0,10.0,Sunday,3.0,0.023372949306711868,0.0748605471862786
10697,LINOD,3,,1997-11-05 00:00:00.000,14.10.1997,1,45.52,LINO-DELICATESES,Ave. 5 de Mayo Porlamar,i. de margarita,Nueva Esparta,4980,Venezuela,,,,,,-0.20208921197632929,0.06043334724699276
10698,ERNSH,4,,06-11-1997,17.10.1997,1,272.47,ERNST HANDEL,Kirchgasse 6,Graz,Unknown,8010,Austria,,,,,,0.6951339600942686,0.11784616552195198
10699,MORGK,3,,06.11.1997,13-10-1997,3,0.58,Morgenstern Gesundkost,Heerstr. 22,Leipzig,Unknown,04179,Germany,,,,,,-0.37975481828984625,0.04906462262361022
10700,SAVEA,3,,11/07/1997,1997-10-16 00:00:00.000,1,65.1,Save-a-lot Markets,187 Suffolk Ln.,Boise,ID,83720,USA,,,,,,-0.12468172262121893,0.0653866100001265
10701,HUNGO,6,,1997-10-27 00:00:00.000,15-10-1997,3,220.31,hungry owl all-night grocers,8 Johnstown Road,Cork,Co. Cork,Unknown,Ireland,,,,,,0.4889248362555271,0.1046509568803046
10702,ALFKI,4,,11/24/1997,1997-10-21 00:00:00.000,1,23.94,Alfred's Futterkiste,Obere Str. 57,Berlin,Unknown,12209,Germany,,,,,,-0.2874034928896737,0.054974133242262115
10703,FOLKO,6,,1997-11-11 00:00:00.000,1997-10-20 00:00:00.000,2,152.3,folk och fä hb,Åkergatan 24,Bräcke,Unknown,S-844 67,Sweden,,,,,,0.2200543893177815,0.08744608456975173
10704,QUEEN,6,,1997-11-11 00:00:00.000,1997-11-07 00:00:00.000,1,4.78,Queen Cozinha,"ALAMEDA DOS CANÀRIOS, 891",Sao Paulo,SP,05487-020,Brazil,,,,,,-0.36315055601755497,0.05012712025196373
10705,HILAA,9,,1997-11-12 00:00:00.000,18.11.1997,2,3.52,HILARION-ABASTOS,Carrera 22 con Ave. Carlos Soublette #8-35,san cristóbal,Táchira,5022,Venezuela,,,,,,-0.3681318346992424,0.04980837096345768
10706,OLDWO,8,,1997-11-13 00:00:00,1997-10-21 00:00:00.000,3,135.63,Old World Delicatessen,2743 Bering St.,Anchorage,AK,99508,USA,,,,,,0.15415128167990147,0.08322898088769148
10707,AROUT,4,,1997-10-30 00:00:00.000,1997-10-23 00:00:00.000,3,21.74,AROUND THE HORN,Brook Farm Stratford St. Mary,Colchester,Essex,CO7 6JX,UK,,,,,,-0.29610096360373106,0.05441758686550551
10708,THEBI,6,,1997/11/28,1997-11-05 00:00:00.000,2,2.96,The Big Cheese,89 Jefferson Way Suite 2,Portland,OR,97201,USA,,,,,,-0.37034573633554785,0.049666704613010544
10709,GOURL,1,,14-11-1997,1997-11-20 00:00:00.000,3,210.8,Gourmet Lanchonetes,"AV. BRASIL, 442",campinas,SP,04876-786,Brazil,,,,,,0.4513280423961247,0.1022451586789613
10710,FRANS,1,,1997-11-17 00:00:00.000,1997/10/23,1,4.98,Franchi S.p.A.,Via Monte Bianco 34,torino,Unknown,10100,Italy,,,,,,-0.36235987686173154,0.05017771537712342
10711,SAVEA,5,,1997-12-02 00:00:00,1997-10-29 00:00:00.000,2,52.41,Save-a-lot Markets,187 suffolk ln.,Boise,ID,83720,USA,,,,,,-0.17485031505821336,0.062176349308744105
10712,HUNGO,3,,18.11.1997,10/31/1997,1,89.93,hungry owl all-night grocers,8 johnstown road,CORK,Co. Cork,Unknown,Ireland,,,,,,-0.02651890542574434,0.07166799478870212
10713,SAVEA,1,,19-11-1997,1997-10-24 00:00:00.000,1,167.05,Save-a-lot Markets,187 suffolk ln.,boise,ID,83720,USA,,,,,,0.27836697705975694,0.09117747505027893
10714,SAVEA,5,,19-11-1997,1997-10-27 00:00:00,3,24.49,save-a-lot markets,187 Suffolk Ln.,Boise,ID,83720,USA,,,,,,-0.28522912521115934,0.05511326983645126
10715,BONAP,3,,1997-11-06 00:00:00.000,29-10-1997,1,63.2,Bon app',"12, rue des Bouchers",MARSEILLE,Unknown,13008,France,,,,,,-0.13219317460154115,0.06490595631110943
10716,RANCH,4,,1997-11-21 00:00:00.000,1997-10-27 00:00:00.000,2,22.57,RANCHO GRANDE,Av. del Libertador 900,Buenos Aires,Unknown,1010,Argentina,,,,,,-0.29281964510706393,0.05462755663491823
10717,FRANK,1,,1997/11/21,1997-10-29 00:00:00.000,2,59.25,Frankenversand,BERLINER PLATZ 43,München,Unknown,80805,Germany,,,,,,-0.14780908792905323,0.06390670258920554
10718,KOENE,1,,24-11-1997,1997/10/29,3,170.88,Königlich Essen,Maubelstr. 90,Brandenburg,Unknown,14776,Germany,,,,,,0.2935084828937749,0.092146371697087
10719,LETSS,8,,1997-11-24 00:00:00.000,1997-11-05 00:00:00.000,2,51.44,Let's Stop N Shop,87 Polk St. Suite 5,San Francisco,CA,94117,USA,,,,,,-0.1786851089639568,0.06193096295171961
10720,QUEDE,8,,1997-11-11 00:00:00.000,1997-11-05 00:00:00.000,2,9.53,Que Delícia,"Rua da Panificadora, 12",Rio de Janeiro,RJ,02389-673,Brazil,,,,,,-0.3443719260667493,0.05132875447450639
10721,QUICK,5,,1997-11-26 00:00:00.000,1997-10-31 00:00:00.000,3,48.92,QUICK-Stop,Taucherstraße 10,Cunewalde,Unknown,01307,Germany,,,,,,-0.18864766632733157,0.06129346437470751
10722,SAVEA,8,,1997-12-10 00:00:00.000,1997-11-04 00:00:00.000,1,74.58,SAVE-A-LOT MARKETS,187 SUFFOLK LN.,boise,ID,83720,USA,,,,,,-0.08720353063518997,0.06778481893269583
10723,WHITC,3,,1997-11-27 00:00:00,11/25/1997,1,21.72,white clover markets,1029 - 12th Ave. S.,Seattle,WA,98124,USA,,,,,,-0.2961800315193134,0.05441252735298954
10724,MEREP,8,,1997-12-11 00:00:00.000,05-11-1997,2,57.75,Mère Paillarde,43 rue St. Laurent,MONTRÉAL,Québec,H1J 1C3,Canada,,,,,,-0.15373918159772867,0.06352723915050786
10725,FAMIA,4,,11/28/1997,1997-11-05 00:00:00,3,10.83,Familia Arquibaldo,"rua orós, 92",Sao Paulo,SP,05442-030,Brazil,,,,,,-0.3392325115538972,0.05165762278804438
10726,EASTC,4,,17-11-1997,1997-12-05 00:00:00.000,1,16.56,Eastern Connection,35 King George,LONDON,Unknown,WX3 6FW,UK,,,,,,-0.31657955373955693,0.05310717312386952
10727,REGGC,2,,1997-12-01 00:00:00.000,1997-12-05 00:00:00,1,89.9,Reggiani Caseifici,Strada Provinciale 124,Reggio Emilia,Unknown,42100,Italy,,,,,,-0.026637507299117857,0.07166040551992817
10728,QUEEN,4,,1997-12-02 00:00:00,1997-11-11 00:00:00.000,2,3239.0,Queen Cozinha,"Alameda dos Canàrios, 891",Sao Paulo,SP,05487-020,Brazil,,,,,,12.423001140718153,0.8683059487218407
10729,LINOD,8,,1997-12-16 00:00:00.000,1997-11-14 00:00:00.000,3,-141.06,lino-delicateses,ave. 5 de mayo porlamar,I. de Margarita,Nueva Esparta,4980,Venezuela,,,,,,-0.9397137964439749,0.013233154985517144
10730,BONAP,5,,03.12.1997,1997-11-14 00:00:00.000,1,20.12,BON APP',"12, RUE DES BOUCHERS",MARSEILLE,Unknown,13008,France,,,,,,-0.3025054647659005,0.05400776635171202
10731,CHOPS,7,,1997-12-04 00:00:00.000,1997/11/14,1,96.65,Chop-suey Chinese,HAUPTSTR. 31,Bern,Unknown,3012,Switzerland,,,,,,4.791420992173828e-05,0.07336799099406774
10732,BONAP,3,,1997-12-04 00:00:00.000,1997-11-07 00:00:00.000,1,16.97,Bon app',"12, rue des Bouchers",marseille,Unknown,13008,France,,,,,,-0.31495866147011903,0.053210893130446885
10733,BERGS,1,1997-07-11,1997-12-05 00:00:00.000,1997-11-10 00:00:00.000,3,110.11,Berglunds snabbköp,berguvsvägen 8,Luleå,Unknown,S-958 22,Sweden,1997.0,7.0,11.0,Friday,3.0,0.053260621396836225,0.07677304291731493
10734,GOURL,2,,05.12.1997,1997-11-12 00:00:00.000,3,1.63,Gourmet Lanchonetes,"Av. Brasil, 442",Campinas,SP,04876-786,Brazil,,,,,,-0.37560375272177343,0.0493302470306986
10735,LETSS,6,,1997-12-08 00:00:00.000,1997-11-21 00:00:00.000,2,45.97,LET'S STOP N SHOP,87 POLK ST. SUITE 5,san francisco,CA,94117,USA,,,,,,-0.2003101838757267,0.06054718627860206
10736,HUNGO,9,,12/09/1997,1997-11-21 00:00:00.000,2,44.1,Hungry Owl All-Night Grocers,8 Johnstown Road,Cork,Co. Cork,Unknown,Ireland,,,,,,-0.20770303398267542,0.060074121858358955
10737,VINET,2,,1997/12/09,1997-11-18 00:00:00.000,2,7.79,Vins et alcools Chevalier,59 rue de l'abbaye,REIMS,Unknown,51100,France,,,,,,-0.3512508347224128,0.05088857688561708
10738,SPECD,2,,1997-12-10 00:00:00.000,1997-11-18 00:00:00.000,1,2.91,Spécialités du monde,"25, rue Lauriston",paris,Unknown,75016,France,,,,,,-0.3705434061245037,0.04965405583172062
10739,VINET,3,,1997-12-10 00:00:00.000,Unknown,3,11.08,Vins et alcools Chevalier,59 RUE DE L'ABBAYE,Reims,Unknown,51100,France,,,,,,-0.338244162609118,0.051720866694493994
10740,WHITC,4,,11.12.1997,1997-11-25 00:00:00.000,2,81.88,White Clover Markets,1029 - 12th Ave. S.,SEATTLE,WA,98124,USA,,,,,,-0.05834374144763605,0.06963154100102456
10741,AROUT,4,,28.11.1997,1997-11-18 00:00:00.000,3,10.96,Around the Horn,Brook Farm Stratford St. Mary,Colchester,Essex,CO7 6JX,UK,,,,,,-0.338718570102612,0.051690509619398174
10742,BOTTM,3,,12.12.1997,1997-11-18 00:00:00.000,3,243.73,Bottom-Dollar Markets,23 Tsawassen Blvd.,Tsawassen,BC,T2F 8M4,Canada,,,,,,0.5815133654024466,0.1105756460365044
10743,AROUT,1,,15.12.1997,1997-11-21 00:00:00,2,23.72,AROUND THE HORN,Brook Farm Stratford St. Mary,colchester,Essex,CO7 6JX,UK,,,,,,-0.2882732399610794,0.05491847860458646
10744,VAFFE,6,,1997-12-15 00:00:00,1997-11-24 00:00:00.000,1,1916.0,VAFFELJERNET,Smagsloget 45,Århus,Unknown,8200,Denmark,,,,,,7.192658524946394,0.5336191957904857
10745,QUICK,9,,1997/12/16,1997-11-27 00:00:00.000,1,3.52,QUICK-Stop,Taucherstraße 10,Cunewalde,Unknown,01307,Germany,,,,,,-0.3681318346992424,0.04980837096345768
10746,CHOPS,1,,12/17/1997,11/21/1997,3,31.43,Chop-suey Chinese,HAUPTSTR. 31,Bern,Unknown,3012,Switzerland,,,,,,-0.2577925585040875,0.056868920679492535
10747,PICCO,6,,1997/12/17,26-11-1997,1,117.33,Piccolo und mehr,Geislweg 14,Salzburg,Unknown,5020,Austria,,,,,,0.08180413892206079,0.07859952693557977
10748,SAVEA,3,,1997-12-18 00:00:00.000,1997-11-28 00:00:00.000,1,232.55,Save-a-lot Markets,187 suffolk ln.,Boise,ID,83720,USA,,,,,,0.5373144005919189,0.10774737854007768
10749,ISLAT,4,,1997-12-18 00:00:00.000,12/19/1997,2,61.53,Island Trading,Garden House Crowther Way,cowes,Isle of Wight,PO31 7PJ,UK,,,,,,-0.1387953455526665,0.06448348701602602
10750,WARTH,9,,1997-12-19 00:00:00.000,11/24/1997,1,79.3,Wartian Herkku,TORIKATU 38,Oulu,Unknown,90110,Finland,,,,,,-0.06854350255775785,0.06897886388646454
10751,RICSU,3,,1997/12/22,1997-12-03 00:00:00.000,3,130.79,Richter Supermarkt,Starenweg 5,Genève,Unknown,1204,Switzerland,,,,,,0.13501684610897527,0.08200457885882696
10752,NORTS,2,,22-12-1997,11/28/1997,3,1.39,NORTH/SOUTH,SOUTH HOUSE 300 QUEENSBRIDGE,London,Unknown,SW7 1RZ,UK,,,,,,-0.3765525677087615,0.04926953288050697
10753,FRANS,3,,1997-12-23 00:00:00.000,1997/11/27,1,7.7,Franchi S.p.A.,via monte bianco 34,Torino,Unknown,10100,Italy,,,,,,-0.35160664034253336,0.050865809079295214
10754,MAGAA,6,,1997/12/23,11/27/1997,3,2.38,MAGAZZINI ALIMENTARI RIUNITI,Via Ludovico il Moro 22,Bergamo,Unknown,24100,Italy,,,,,,-0.3726387058874357,0.04951997875004744
10755,BONAP,4,,1997-12-24 00:00:00.000,28-11-1997,2,16.71,Bon app',"12, rue des Bouchers",Marseille,Unknown,13008,France,,,,,,-0.31598654437268936,0.05314511946773929
10756,SPLIR,8,,1997-12-25 00:00:00,12/02/1997,2,73.21,Split Rail Beer & Ale,P.O. Box 555,lander,WY,82520,USA,,,,,,-0.09261968285258025,0.06743824232535196
10757,SAVEA,6,,1997-12-25 00:00:00.000,15.12.1997,1,8.19,SAVE-A-LOT MARKETS,187 Suffolk Ln.,BOISE,ID,83720,USA,,,,,,-0.34966947641076607,0.05098976713593646
10758,RICSU,3,,1997-12-26 00:00:00.000,04-12-1997,3,138.17,Richter Supermarkt,Starenweg 5,Genève,Unknown,1204,Switzerland,,,,,,0.16419290695885855,0.08387153897721955
10759,ANATR,3,,1997-12-26 00:00:00.000,12-12-1997,3,11.99,Ana Trujillo Emparedados y helados,Avda. de la Constitución 2222,México D.F.,Unknown,05021,Mexico,,,,,,-0.3346465724501216,0.05195107451397059
10760,MAISD,4,1997-01-12,1997-12-29 00:00:00,10-12-1997,1,155.64,Maison Dewey,rue joseph-bens 532,bruxelles,Unknown,B-1180,Belgium,1997.0,1.0,12.0,Sunday,1.0,0.23325873122003213,0.08829102315991855
10761,RATTC,5,,1997-12-30 00:00:00,1997-12-08 00:00:00.000,2,18.66,rattlesnake canyon grocery,2817 Milton Dr.,Albuquerque,NM,87110,USA,,,,,,-0.30827742260341134,0.05363842193804628
10762,FOLKO,3,1997-02-12,1997-12-30 00:00:00,09-12-1997,1,328.74,Folk och fä HB,ÅKERGATAN 24,BRÄCKE,Unknown,S-844 67,Sweden,1997.0,2.0,12.0,Wednesday,1.0,0.9175915405851809,0.132081103985631
10763,FOLIG,3,,1997-12-31 00:00:00.000,1997-12-08 00:00:00.000,3,37.35,Folies gourmandes,"184, chaussée de Tournai",Lille,Unknown,59000,France,,,,,,-0.234388455491715,0.05836653638421939
10764,ERNSH,6,,1997-12-31 00:00:00.000,1997-12-08 00:00:00.000,3,145.45,Ernst Handel,kirchgasse 6,GRAZ,Unknown,8010,Austria,,,,,,0.19297362823083014,0.0857132015330323
10765,QUICK,3,,1998-01-01 00:00:00.000,1997/12/09,3,42.74,QUICK-Stop,Taucherstraße 10,CUNEWALDE,Unknown,01307,Germany,,,,,,-0.2130796522422745,0.05973007500727306
10766,OTTIK,4,,1998-01-02 00:00:00,Unknown,1,157.55,OTTILIES KÄSELADEN,Mehrheimerstr. 369,KÖLN,Unknown,50739,Germany,,,,,,0.24080971715814564,0.08877420660519361
10767,SUPRD,4,,1998/01/02,1997-12-15 00:00:00.000,3,1.59,Suprêmes délices,"Boulevard Tirou, 255",Charleroi,Unknown,B-6000,Belgium,,,,,,-0.3757618885529381,0.04932012800566666
10768,AROUT,3,,01/05/1998,1997-12-15 00:00:00.000,2,146.32,Around the Horn,Brook Farm Stratford St. Mary,Colchester,Essex,CO7 6JX,UK,,,,,,0.19641308255866194,0.08593329032747696
10769,VAFFE,3,,1998/01/05,1997-12-12 00:00:00.000,1,65.06,VAFFELJERNET,Smagsloget 45,Århus,Unknown,8200,Denmark,,,,,,-0.12483985845238357,0.06537649097509456
10770,HANAR,8,,06-01-1998,1997-12-17 00:00:00.000,3,5.32,Hanari Carnes,"RUA DO PAÇO, 67",rio de janeiro,RJ,05454-876,Brazil,,,,,,-0.3610157222968318,0.05026372708989489
10771,ERNSH,9,1997-10-12,1998-01-07 00:00:00.000,1998-01-02 00:00:00.000,2,11.19,Ernst Handel,Kirchgasse 6,GRAZ,Unknown,8010,Austria,1997.0,10.0,12.0,Sunday,4.0,-0.3378092890734151,0.05174869401333182
10772,LEHMS,3,,1998/01/07,1997-12-19 00:00:00,2,91.28,Lehmanns Marktstand,Magazinweg 7,Frankfurt a.M.,Unknown,60528,Germany,,,,,,-0.021181821123936444,0.07200951188353003
10773,ERNSH,1,,1998-01-08 00:00:00.000,12/16/1997,3,96.43,Ernst Handel,Kirchgasse 6,graz,Unknown,8010,Austria,,,,,,-0.0008218328614839921,0.07331233635639207
10774,FOLKO,4,,1997-12-25 00:00:00.000,12.12.1997,1,48.2,Folk och fä HB,åkergatan 24,Bräcke,Unknown,S-844 67,Sweden,,,,,,-0.1914941112882958,0.061111321924132614
10775,THECR,7,,09.01.1998,1997-12-26 00:00:00.000,1,20.25,THE CRACKER BOX,55 Grizzly Peak Rd.,Butte,MT,59801,USA,,,,,,-0.3019915233146153,0.05404065318306582
10776,ERNSH,1,,1998-01-12 00:00:00.000,18.12.1997,3,351.53,Ernst Handel,KIRCHGASSE 6,Graz,Unknown,8010,Austria,,,,,,1.0076894303912567,0.13784641849757778
10777,GOURL,7,,1997-12-29 00:00:00.000,21-01-1998,2,3.01,Gourmet Lanchonetes,"Av. Brasil, 442",Campinas,SP,04876-786,Brazil,,,,,,-0.370148066546592,0.04967935339430046
10778,BERGS,3,,1998-01-13 00:00:00.000,1997-12-24 00:00:00.000,1,6.79,BERGLUNDS SNABBKÖP,Berguvsvägen 8,Luleå,Unknown,S-958 22,Sweden,,,,,,-0.3552042305015298,0.05063560125981862
10779,MORGK,3,,13-01-1998,14.01.1998,2,58.13,Morgenstern Gesundkost,Heerstr. 22,LEIPZIG,Unknown,04179,Germany,,,,,,-0.15223689120166423,0.06362336988831127
10780,LILAS,2,,1997-12-30 00:00:00.000,1997-12-25 00:00:00.000,1,42.13,lila-supermercado,Carrera 52 con Ave. Bolívar #65-98 Llano Largo,Barquisimeto,Lara,3508,Venezuela,,,,,,-0.21549122366753584,0.059575759875536
10781,WARTH,2,,1998/01/14,19.12.1997,3,73.16,wartian herkku,TORIKATU 38,Oulu,Unknown,90110,Finland,,,,,,-0.09281735264153608,0.06742559354406204
10782,CACTU,9,,14-01-1998,12/22/1997,3,1.1,Cactus Comidas para llevar,Cerrito 333,buenos aires,Unknown,1010,Argentina,,,,,,-0.3776990524847054,0.04919616994902542
10783,HANAR,4,,1998-01-15 00:00:00.000,19-12-1997,2,124.98,hanari carnes,"Rua do Paço, 67",Rio de Janeiro,RJ,05454-876,Brazil,,,,,,0.11204761663230568,0.08053479047293793
10784,MAGAA,4,,15.01.1998,1997/12/22,3,70.09,magazzini alimentari riuniti,Via Ludovico il Moro 22,Bergamo,Unknown,24100,Italy,,,,,,-0.10495427768342518,0.06664895837286078
10785,GROSR,1,,1998-01-15 00:00:00.000,Unknown,3,55.87,grosella-restaurante,5ª Ave. Los Palos Grandes,CARACAS,DF,1081,Venezuela,,,,,,-0.16117156566246862,0.06305164497400675
10786,QUEEN,8,,1998-01-16 00:00:00.000,1997/12/23,1,110.87,Queen Cozinha,"Alameda dos Canàrios, 891",Sao Paulo,SP,05487-020,Brazil,,,,,,0.05626520218896514,0.07696530439292175
10787,LAMAI,2,,01/02/1998,26-12-1997,1,249.93,La maison d'Asie,1 rue alsace-lorraine,toulouse,Unknown,31000,France,,,,,,0.6060244192329719,0.11214409491645481
10788,QUICK,1,,1998/01/19,1998/01/19,2,42.7,QUICK-Stop,TAUCHERSTRASSE 10,Cunewalde,Unknown,01307,Germany,,,,,,-0.21323778807343918,0.05971995598224112
10789,FOLIG,1,,19.01.1998,31.12.1997,2,100.6,Folies gourmandes,"184, chaussée de Tournai",Lille,Unknown,59000,France,,,,,,0.015663827537433752,0.07436724471597163
10790,GOURL,6,,1998-01-19 00:00:00.000,1997-12-26 00:00:00.000,1,28.23,GOURMET LANCHONETES,"AV. BRASIL, 442",Campinas,SP,04876-786,Brazil,,,,,,-0.2704434249972618,0.05605939867693748
10791,FRANK,6,,1998/01/20,01/01/1998,2,16.85,Frankenversand,Berliner Platz 43,München,Unknown,80805,Germany,,,,,,-0.31543306896361306,0.05318053605535107
10792,WOLZA,1,,1998-01-20 00:00:00,1997-12-31 00:00:00,3,23.79,Wolski Zajazd,ul. Filtrowa 68,Warszawa,Unknown,01-012,Poland,,,,,,-0.2879965022565413,0.054936186898392345
10793,AROUT,3,,21.01.1998,1998-01-08 00:00:00.000,3,4.52,around the horn,brook farm stratford st. mary,Colchester,Essex,CO7 6JX,UK,,,,,,-0.36417843892012536,0.05006134658925613
10794,QUEDE,6,,1998/01/21,02-01-1998,1,21.49,Que Delícia,"rua da panificadora, 12",RIO DE JANEIRO,RJ,02389-673,Brazil,,,,,,-0.2970893125485103,0.054354342959055904
10795,ERNSH,8,,21-01-1998,20-01-1998,2,126.66,Ernst Handel,Kirchgasse 6,Graz,Unknown,8010,Austria,,,,,,0.11868932154122218,0.08095978952427935
10796,HILAA,3,,1998-01-22 00:00:00.000,01/14/1998,1,26.52,HILARION-ABASTOS,Carrera 22 con Ave. Carlos Soublette #8-35,San Cristóbal,Táchira,5022,Venezuela,,,,,,-0.2772037317795519,0.055626810356822126
10797,DRACD,7,,1998-01-22 00:00:00.000,1998-01-05 00:00:00,2,33.35,Drachenblut Delikatessen,walserweg 21,Aachen,Unknown,52066,Germany,,,,,,-0.2502020386081829,0.057354633881025574
10798,ISLAT,2,,1998/01/23,05-01-1998,1,2.33,Island Trading,Garden House Crowther Way,COWES,Isle of Wight,PO31 7PJ,UK,,,,,,-0.37283637567639155,0.049507329968757514
10799,KOENE,9,,1998-02-06 00:00:00,1998-01-05 00:00:00.000,3,30.76,KÖNIGLICH ESSEN,Maubelstr. 90,Brandenburg,Unknown,14776,Germany,,,,,,-0.26044133367609584,0.056699427010207575
10800,SEVES,1,,01/23/1998,1998-01-05 00:00:00.000,3,137.44,Seven Seas Imports,90 Wadhurst Rd.,London,Unknown,OX15 4NB,UK,,,,,,0.1613069280401032,0.08368686677038668
10801,BOLID,4,,26.01.1998,1997-12-31 00:00:00.000,2,97.09,bólido comidas preparadas,"C/ ARAQUIL, 67",madrid,Unknown,28023,Spain,,,,,,0.001787408352733199,0.07347930026941905
10802,SIMOB,4,,01/26/1998,1998-01-02 00:00:00.000,2,257.26,SIMONS BISTRO,Vinbæltet 34,Kobenhavn,Unknown,1734,Denmark,,,,,,0.6350028102938994,0.11399840625355748
10803,WELLI,99,,1998-01-27 00:00:00.000,1998-01-06 00:00:00.000,1,55.23,wellington importadora,"Rua do Mercado, 12",Resende,SP,08737-363,Brazil,,,,,,-0.1637017389611035,0.06288974057349575
10804,SEVES,6,,1998-01-27 00:00:00,1998-01-07 00:00:00.000,2,27.33,Seven Seas Imports,90 Wadhurst Rd.,London,Unknown,OX15 4NB,UK,,,,,,-0.2740014811984671,0.055831720613718876
10805,THEBI,2,,1998-01-27 00:00:00,1998-01-09 00:00:00.000,3,237.34,THE BIG CHEESE,89 Jefferson Way Suite 2,Portland,OR,97201,USA,,,,,,0.5562511663738892,0.10895913178765228
10806,VICTE,3,,28-01-1998,1998-01-05 00:00:00.000,2,22.11,Victuailles en stock,"2, rue du Commerce",lyon,Unknown,69004,France,,,,,,-0.29463820716545774,0.054511187847050946
10807,FRANS,4,,1998-01-28 00:00:00.000,30-01-1998,1,1.36,Franchi S.p.A.,via monte bianco 34,Torino,Unknown,10100,Italy,,,,,,-0.37667116958213503,0.049261943611733014
10808,OLDWO,2,,1998-01-29 00:00:00.000,1998/01/09,3,45.53,Old World Delicatessen,2743 bering st.,anchorage,AK,99508,USA,,,,,,-0.20204967801853813,0.060435877003250746
10809,WELLI,7,,1998/01/29,1998-01-07 00:00:00,1,4.87,WELLINGTON IMPORTADORA,"RUA DO MERCADO, 12",Resende,SP,08737-363,Brazil,,,,,,-0.3627947503974344,0.05014988805828559
10810,LAUGB,2,,01/29/1998,07.01.1998,3,4.33,Laughing Bacchus Wine Cellars,2319 Elm St.,Vancouver,BC,V3F 2K1,Canada,,,,,,-0.36492958411815757,0.05001328122035442
10811,LINOD,8,,1998-01-30 00:00:00.000,1998-01-08 00:00:00.000,1,31.22,LINO-Delicateses,ave. 5 de mayo porlamar,I. de Margarita,Nueva Esparta,4980,Venezuela,,,,,,-0.2586227716177021,0.05681579579807486
10812,REGGC,5,,30.01.1998,1998-01-12 00:00:00,1,59.78,reggiani caseifici,Strada Provinciale 124,Reggio Emilia,Unknown,42100,Italy,,,,,,-0.1457137881661212,0.06404077967087872
10813,RICAR,1,,1998/02/02,09.01.1998,1,47.38,ricardo adocicados,"AV. COPACABANA, 267",RIO DE JANEIRO,RJ,02389-890,Brazil,,,,,,-0.1947358958271717,0.06090388191097788
10814,VICTE,3,1998-05-01,1998-02-02 00:00:00.000,1998-01-14 00:00:00.000,3,130.94,Victuailles en stock,"2, RUE DU COMMERCE",LYON,Unknown,69004,France,1998.0,5.0,1.0,Friday,2.0,0.13560985547584284,0.08204252520269673
10815,SAVEA,2,,1998-02-02 00:00:00.000,1998/01/14,3,14.62,Save-a-lot Markets,187 Suffolk Ln.,Boise,ID,83720,USA,,,,,,-0.3242491415510439,0.05261640040982052
10816,GREAL,4,,03.02.1998,1998-02-04 00:00:00.000,2,719.78,Great Lakes Food Market,2732 baker blvd.,EUGENE,OR,97403,USA,,,,,,2.4635274260510833,0.2310046926978586
10817,KOENE,3,,1998-01-20 00:00:00.000,01/13/1998,2,306.07,Königlich Essen,Maubelstr. 90,brandenburg,Unknown,14776,Germany,,,,,,0.827968058272599,0.12634614654878004
10818,MAGAA,7,,1998-02-04 00:00:00.000,1998/01/12,3,65.48,Magazzini Alimentari Riuniti,Via Ludovico il Moro 22,Bergamo,Unknown,24100,Italy,,,,,,-0.12317943222515444,0.06548274073792991
10819,CACTU,2,1998-07-01,1998-02-04 00:00:00.000,01/16/1998,3,19.76,Cactus Comidas para llevar,Cerrito 333,Buenos Aires,Unknown,1010,Argentina,1998.0,7.0,1.0,Wednesday,3.0,-0.3039286872463826,0.05391669512642457
10820,RATTC,3,,02/04/1998,01/13/1998,2,37.52,Rattlesnake Canyon Grocery,2817 Milton Dr.,albuquerque,NM,87110,USA,,,,,,-0.2337163782092651,0.05840954224060513
10821,SPLIR,1,,1998/02/05,1998-01-15 00:00:00.000,1,36.68,split rail beer & ale,P.O. Box 555,LANDER,WY,82520,USA,,,,,,-0.2370372306637234,0.05819704271493442
10822,TRAIH,6,,1998-02-05 00:00:00.000,1998-01-16 00:00:00.000,3,7.0,Trail's Head Gourmet Provisioners,722 DaVinci Blvd.,Kirkland,WA,98034,USA,,,,,,-0.35437401738791524,0.0506887261412363
10823,LILAS,5,,1998-02-06 00:00:00.000,1998/01/13,2,163.97,LILA-Supermercado,carrera 52 con ave. bolívar #65-98 llano largo,Barquisimeto,Lara,3508,Venezuela,,,,,,0.2661905180600766,0.09039831012281968
10824,FOLKO,8,,1998-02-06 00:00:00.000,01/30/1998,1,1.23,Folk och fä HB,ÅKERGATAN 24,Bräcke,Unknown,S-844 67,Sweden,,,,,,-0.3771851110334202,0.04922905678037921
10825,DRACD,1,,1998-02-06 00:00:00.000,1998-01-14 00:00:00.000,1,79.25,drachenblut delikatessen,Walserweg 21,Aachen,Unknown,52066,Germany,,,,,,-0.06874117234671367,0.06896621510517462
10826,BLONP,6,,1998-02-09 00:00:00.000,1998-02-06 00:00:00.000,1,7.09,BLONDEL PÈRE ET FILS,"24, place Kléber",Strasbourg,Unknown,67000,France,,,,,,-0.35401821176779474,0.05071149394755816
10827,BONAP,1,,1998-01-26 00:00:00,Unknown,2,63.54,BON APP',"12, rue des Bouchers",Marseille,Unknown,13008,France,,,,,,-0.1308490200366414,0.06499196802388091
10828,RANCH,9,,27-01-1998,1998-02-04 00:00:00.000,1,90.85,Rancho grande,AV. DEL LIBERTADOR 900,Buenos Aires,Unknown,1010,Argentina,,,,,,-0.022881781308956774,0.0719007323644367
10829,ISLAT,9,,1998-02-10 00:00:00.000,1998-01-23 00:00:00.000,1,154.72,Island Trading,GARDEN HOUSE CROWTHER WAY,Cowes,Isle of Wight,PO31 7PJ,UK,,,,,,0.22962160710324456,0.08805828558418397
10830,TRADH,4,,1998-02-24 00:00:00.000,1998-01-21 00:00:00.000,2,81.83,tradiçao hipermercados,"Av. Inês de Castro, 414",Sao Paulo,SP,05634-030,Brazil,,,,,,-0.058541411236591887,0.06961889221973463
10831,SANTG,3,,1998-02-11 00:00:00,01/23/1998,2,72.19,Santé Gourmet,ERLING SKAKKES GATE 78,Stavern,Unknown,4110,Norway,,,,,,-0.09665214654727955,0.06718020718703754
10832,LAMAI,2,,1998-02-11 00:00:00,1998-01-19 00:00:00.000,2,43.26,LA MAISON D'ASIE,1 rue Alsace-Lorraine,TOULOUSE,Unknown,31000,France,,,,,,-0.21102388643713368,0.059861622332688255
10833,OTTIK,6,,12-02-1998,1998-01-23 00:00:00,2,71.49,Ottilies Käseladen,Mehrheimerstr. 369,köln,Unknown,50739,Germany,,,,,,-0.09941952359266144,0.06700312424897861
10834,TRADH,1,,1998-02-12 00:00:00.000,1998-01-19 00:00:00.000,3,29.78,Tradiçao Hipermercados,"Av. Inês de Castro, 414",Sao Paulo,SP,05634-030,Brazil,,,,,,-0.26431566153963054,0.056451510896925086
10835,ALFKI,1,,1998/02/12,01/21/1998,3,69.53,Alfred's Futterkiste,obere str. 57,Berlin,Unknown,12209,Germany,,,,,,-0.10716817931973069,0.06650729202241365
10836,ERNSH,7,,13.02.1998,21-01-1998,1,411.88,ERNST HANDEL,KIRCHGASSE 6,graz,Unknown,8010,Austria,,,,,,1.2462768656609662,0.1531134975145145
10837,BERGS,9,,02/13/1998,1998-01-23 00:00:00.000,3,13.32,Berglunds snabbköp,Berguvsvägen 8,Luleå,Unknown,S-958 22,Sweden,,,,,,-0.329388556063896,0.05228753209628253
10838,LINOD,3,,1998-02-16 00:00:00.000,1998-01-23 00:00:00.000,3,59.28,LINO-Delicateses,ave. 5 de mayo porlamar,I. de Margarita,Nueva Esparta,4980,Venezuela,,,,,,-0.1476904860556797,0.06391429185797949
10839,TRADH,3,,1998-02-16 00:00:00.000,1998-01-22 00:00:00.000,3,35.43,tradiçao hipermercados,"Av. Inês de Castro, 414",Sao Paulo,SP,05634-030,Brazil,,,,,,-0.24197897538761962,0.05788082318268636
10840,LINOD,4,,1998-03-02 00:00:00.000,16.02.1998,2,2.71,LINO-Delicateses,Ave. 5 de Mayo Porlamar,I. de Margarita,Nueva Esparta,4980,Venezuela,,,,,,-0.37133408528032713,0.04960346070656093
10841,SUPRD,5,,17.02.1998,1998-01-29 00:00:00.000,2,424.3,Suprêmes délices,"Boulevard Tirou, 255",Charleroi,Unknown,B-6000,Belgium,,,,,,1.2953780412375993,0.1562554547869313
10842,TORTU,1,,1998-02-17 00:00:00.000,1998-01-29 00:00:00.000,3,54.42,Tortuga Restaurante,Avda. Azteca 123,méxico d.f.,Unknown,05033,Mexico,,,,,,-0.1669039895421882,0.06268483031659901
10843,VICTE,4,,1998-02-18 00:00:00.000,Unknown,2,9.26,victuailles en stock,"2, rue du Commerce",Lyon,Unknown,69004,France,,,,,,-0.34543934292711087,0.05126045105554081
10844,PICCO,8,,18-02-1998,01/26/1998,2,25.22,Piccolo und mehr,GEISLWEG 14,Salzburg,Unknown,5020,Austria,,,,,,-0.2823431462924039,0.055297942043284136
10845,QUICK,8,,04.02.1998,01/30/1998,1,212.98,QUICK-Stop,Taucherstraße 10,cunewalde,Unknown,01307,Germany,,,,,,0.4599464451945996,0.10279664554320192
10846,SUPRD,2,,1998-03-05 00:00:00.000,1998-01-23 00:00:00.000,3,56.46,Suprêmes délices,"Boulevard Tirou, 255",Charleroi,Unknown,B-6000,Belgium,,,,,,-0.1588390621527896,0.06320090059322785
10847,SAVEA,4,,1998-02-05 00:00:00.000,1998-02-10 00:00:00.000,3,487.57,Save-a-lot Markets,187 Suffolk Ln.,Boise,ID,83720,USA,,,,,,1.5455093921823304,0.1722612226311995
10848,CONSH,7,,1998/02/20,1998-01-29 00:00:00,2,38.24,Consolidated Holdings,Berkeley Gardens 12 Brewery,London,Unknown,WX1 6LT,UK,,,,,,-0.2308699332483009,0.058591684691180014
10849,KOENE,9,,1998-02-20 00:00:00.000,1998-01-30 00:00:00.000,2,0.56,Königlich Essen,MAUBELSTR. 90,Brandenburg,Unknown,14776,Germany,,,,,,-0.3798338862054286,0.04905956311109425
10850,VICTE,1,,03/06/1998,1998-01-30 00:00:00.000,1,49.19,VICTUAILLES EN STOCK,"2, rue du Commerce",Lyon,Unknown,69004,France,,,,,,-0.18758024946697002,0.06136176779367308
10851,RICAR,5,,1998-02-23 00:00:00.000,1998-02-02 00:00:00.000,1,160.55,RICARDO ADOCICADOS,"AV. COPACABANA, 267",Rio de Janeiro,RJ,02389-890,Brazil,,,,,,0.2526699044954966,0.08953313348258897
10852,RATTC,8,,1998-02-09 00:00:00.000,1998-01-30 00:00:00.000,1,174.05,RATTLESNAKE CANYON GROCERY,2817 milton dr.,Albuquerque,NM,87110,USA,,,,,,0.3060407475135758,0.0929483044308681
10853,BLAUS,9,,1998-02-24 00:00:00.000,03-02-1998,2,53.83,blauer see delikatessen,Forsterstr. 57,Mannheim,Unknown,68306,Germany,,,,,,-0.16923649305186725,0.06253557469737792
10854,ERNSH,3,,1998-02-24 00:00:00,1998/02/05,2,100.22,Ernst Handel,Kirchgasse 6,graz,Unknown,8010,Austria,,,,,,0.014161537141369319,0.07427111397816821
10855,OLDWO,3,,1998-02-24 00:00:00.000,04-02-1998,1,170.97,Old World Delicatessen,2743 Bering St.,anchorage,AK,99508,USA,,,,,,0.29386428851389546,0.09216913950340885
10856,ANTON,3,,25-02-1998,1998-02-10 00:00:00.000,2,58.43,Antonio Moreno Taquería,Mataderos 2312,méxico d.f.,Unknown,05023,Mexico,,,,,,-0.15105087246792914,0.06369926257605081
10857,BERGS,8,,25-02-1998,1998-02-06 00:00:00.000,2,188.85,Berglunds snabbköp,Berguvsvägen 8,luleå,Unknown,S-958 22,Sweden,,,,,,0.36455100504450694,0.09669234369268523
10858,LACOR,2,,1998-02-26 00:00:00.000,1998-02-03 00:00:00.000,1,52.51,La corne d'abondance,"67, avenue de l'Europe",VERSAILLES,Unknown,Unknown,France,,,,,,-0.17445497548030164,0.06220164687132396
10859,FRANK,1,,1998-01-29 00:00:00.000,02-02-1998,2,76.1,frankenversand,berliner platz 43,MÜNCHEN,Unknown,80805,Germany,,,,,,-0.08119436905093218,0.0681693418839095
10860,FRANR,3,,1998-02-26 00:00:00,1998/02/04,3,19.26,FRANCE RESTAURATION,"54, rue Royale",NANTES,Unknown,44000,France,,,,,,-0.3059053851359411,0.05379020731352535
10861,WHITC,4,,1998-02-27 00:00:00.000,1998-02-17 00:00:00,2,14.93,WHITE CLOVER MARKETS,1029 - 12th Ave. S.,Seattle,WA,98124,USA,,,,,,-0.3230235888595176,0.05269482285381804
10862,LEHMS,8,,13-03-1998,1998-02-02 00:00:00.000,2,53.23,Lehmanns Marktstand,Magazinweg 7,Frankfurt a.M.,Unknown,60528,Germany,,,,,,-0.17160853051933744,0.06238378932189884
10863,HILAA,4,,1998-03-02 00:00:00,1998-02-17 00:00:00,2,30.26,HILARION-Abastos,Carrera 22 con Ave. Carlos Soublette #8-35,SAN CRISTÓBAL,Táchira,5022,Venezuela,,,,,,-0.26241803156565435,0.056572939197308346
10864,AROUT,4,,1998-03-02 00:00:00.000,1998-02-09 00:00:00.000,2,139.84,Around the Horn,Brook Farm Stratford St. Mary,Colchester,Essex,CO7 6JX,UK,,,,,,0.17079507790998397,0.08429400827230298
10865,QUICK,2,,1998-02-16 00:00:00.000,1998-02-12 00:00:00.000,1,348.14,QUICK-Stop,Taucherstraße 10,Cunewalde,Unknown,01307,Germany,,,,,,0.9942874187000502,0.136988831126121
10866,BERGS,5,,03/03/1998,12.02.1998,1,109.11,Berglunds snabbköp,BERGUVSVÄGEN 8,LULEÅ,Unknown,S-958 22,Sweden,,,,,,0.04930722561771925,0.07652006729151647
10867,LONEP,6,,1998-03-17 00:00:00,1998-02-11 00:00:00,1,1.93,lonesome pine restaurant,89 Chiaroscuro Rd.,Portland,OR,97219,USA,,,,,,-0.3744177339880383,0.04940613971843814
10868,QUEEN,7,,1998-03-04 00:00:00.000,23-02-1998,2,191.27,queen cozinha,"Alameda dos Canàrios, 891",sao paulo,SP,05487-020,Brazil,,,,,,0.3741182228299701,0.09730454470711748
10869,SEVES,5,,1998-03-04 00:00:00.000,1998-02-09 00:00:00.000,1,143.28,seven seas imports,90 Wadhurst Rd.,London,Unknown,OX15 4NB,UK,,,,,,0.18439475939014635,0.08516424442504966
10870,WOLZA,5,,1998-03-04 00:00:00.000,13-02-1998,3,12.04,WOLSKI ZAJAZD,ul. Filtrowa 68,Warszawa,Unknown,01-012,Poland,,,,,,-0.3344489026611657,0.05196372329526051
10871,BONAP,9,,03/05/1998,10-02-1998,2,112.27,BON APP',"12, RUE DES BOUCHERS",Marseille,Unknown,13008,France,,,,,,0.06179995627972888,0.07731947026903958
10872,GODOS,5,1998-05-02,1998-03-05 00:00:00.000,02/09/1998,2,175.32,godos cocina típica,"C/ Romero, 33",Sevilla,Unknown,41101,Spain,1998.0,5.0,2.0,Saturday,2.0,0.31106156015305425,0.09326958347563213
10873,WILMK,4,,03/06/1998,1998-02-09 00:00:00.000,1,0.82,WILMAN KALA,keskuskatu 45,Helsinki,Unknown,21240,Finland,,,,,,-0.3788060033028582,0.04912533677380185
10874,GODOS,5,1998-06-02,1998-03-06 00:00:00,1998-02-11 00:00:00,2,19.58,Godos Cocina Típica,"C/ Romero, 33",Sevilla,Unknown,41101,Spain,1998.0,6.0,2.0,Tuesday,2.0,-0.3046402984866237,0.05387115951378085
10875,BERGS,4,,1998-03-06 00:00:00.000,03.03.1998,2,32.37,BERGLUNDS SNABBKÖP,Berguvsvägen 8,Luleå,Unknown,S-958 22,Sweden,,,,,,-0.25407636647171755,0.057106717767743086
10876,BONAP,7,,1998-03-09 00:00:00,1998-02-12 00:00:00.000,3,60.42,BON APP',"12, RUE DES BOUCHERS",Marseille,Unknown,13008,France,,,,,,-0.14318361486748635,0.06420268407138974
10877,RICAR,1,,1998-03-09 00:00:00,1998-02-19 00:00:00.000,1,38.06,Ricardo Adocicados,"Av. Copacabana, 267",Rio de Janeiro,RJ,02389-890,Brazil,,,,,,-0.23158154448854196,0.058546149078536294
10878,QUICK,4,,1998-03-10 00:00:00.000,12.02.1998,1,46.69,QUICK-Stop,Taucherstraße 10,Cunewalde,Unknown,01307,Germany,,,,,,-0.19746373891476246,0.060729328729176954
10879,WILMK,3,,1998-03-10 00:00:00.000,12.02.1998,3,8.5,Wilman Kala,Keskuskatu 45,Helsinki,Unknown,21240,Finland,,,,,,-0.34844392371923977,0.051068189579933976
10880,FOLKO,7,1998-10-02,1998-03-24 00:00:00.000,18.02.1998,1,88.01,folk och fä hb,Åkergatan 24,bräcke,Unknown,S-844 67,Sweden,1998.0,10.0,2.0,Friday,4.0,-0.03410942532164894,0.07118228158716909
10881,CACTU,4,,1998-03-11 00:00:00.000,Unknown,1,2.84,Cactus Comidas para llevar,CERRITO 333,Buenos Aires,Unknown,1010,Argentina,,,,,,-0.3708201438290419,0.049636347537914724
10882,SAVEA,4,,1998-03-11 00:00:00.000,02/20/1998,3,23.1,save-a-lot markets,187 Suffolk Ln.,Boise,ID,83720,USA,,,,,,-0.29072434534413194,0.054761633716591415
10883,LONEP,8,,03/12/1998,20-02-1998,3,0.53,Lonesome Pine Restaurant,89 Chiaroscuro Rd.,PORTLAND,OR,97219,USA,,,,,,-0.3799524880788021,0.049051973842320296
10884,LETSS,4,,1998-03-12 00:00:00.000,1998-02-13 00:00:00.000,2,90.97,Let's Stop N Shop,87 Polk St. Suite 5,San Francisco,CA,94117,USA,,,,,,-0.022407373815462716,0.07193108943953251
10885,SUPRD,6,,12.03.1998,02/18/1998,3,5.64,Suprêmes délices,"Boulevard Tirou, 255",Charleroi,Unknown,B-6000,Belgium,,,,,,-0.35975063564751436,0.0503446792901504
10886,HANAR,1,,1998-03-13 00:00:00.000,02-03-1998,1,4.99,Hanari Carnes,"RUA DO PAÇO, 67",Rio de Janeiro,RJ,05454-876,Brazil,,,,,,-0.3623203429039404,0.0501802451333814
10887,GALED,8,,13-03-1998,1998/02/16,3,1.25,Galería del gastronómo,"Rambla de Cataluña, 23",BARCELONA,Unknown,8022,Spain,,,,,,-0.37710604311783785,0.04923411629289518
10888,GODOS,1,,1998-03-16 00:00:00.000,1998-02-23 00:00:00.000,2,51.87,godos cocina típica,"c/ romero, 33",Sevilla,Unknown,41101,Spain,,,,,,-0.1769851487789365,0.062039742470812946
10889,RATTC,9,,1998/03/16,1998-02-23 00:00:00.000,3,280.61,Rattlesnake Canyon Grocery,2817 milton dr.,albuquerque,NM,87110,USA,,,,,,0.7273146017362808,0.1199053871159514
10890,DUMON,7,,1998-03-16 00:00:00,Unknown,1,32.76,du monde entier,"67, rue des Cinquante Otages",Nantes,Unknown,44000,France,,,,,,-0.25253454211786197,0.05720537826180448
10891,LEHMS,7,,03/17/1998,1998/02/19,2,20.37,Lehmanns Marktstand,Magazinweg 7,Frankfurt a.M.,Unknown,60528,Germany,,,,,,-0.3015171158211213,0.054071010258161634
10892,MAISD,4,,1998-03-17 00:00:00.000,1998-02-19 00:00:00.000,2,120.27,Maison Dewey,RUE JOSEPH-BENS 532,Bruxelles,Unknown,B-1180,Belgium,,,,,,0.09342712251266469,0.07934327527542723
10893,KOENE,9,,1998-03-18 00:00:00,1998-02-20 00:00:00,2,77.78,Königlich Essen,Maubelstr. 90,Brandenburg,Unknown,14776,Germany,,,,,,-0.07455266414201563,0.0685943409352509
10894,SAVEA,1,,1998-03-18 00:00:00.000,1998-02-20 00:00:00,1,116.13,SAVE-A-LOT MARKETS,187 Suffolk Ln.,Boise,ID,83720,USA,,,,,,0.07706006398712041,0.07829595618462162
10895,ERNSH,3,,1998-03-18 00:00:00.000,1998-02-23 00:00:00.000,1,162.75,ernst handel,Kirchgasse 6,graz,Unknown,8010,Austria,,,,,,0.2613673752095539,0.09008967985934557
10896,MAISD,7,,1998/03/19,1998-02-19 00:00:00.000,3,32.45,Maison Dewey,RUE JOSEPH-BENS 532,Bruxelles,Unknown,B-1180,Belgium,,,,,,-0.2537600948093882,0.05712695581780696
10897,HUNGO,3,,1998-03-19 00:00:00,1998-02-25 00:00:00.000,2,603.54,HUNGRY OWL ALL-NIGHT GROCERS,8 JOHNSTOWN ROAD,Cork,Co. Cork,Unknown,Ireland,,,,,,2.0039847006865257,0.20159880595504626
10898,OCEAN,4,,1998-03-20 00:00:00.000,1998-03-06 00:00:00.000,2,1.27,Océano Atlántico Ltda.,ing. gustavo moncada 8585 piso 20-a,Buenos Aires,Unknown,1010,Argentina,,,,,,-0.37702697520225553,0.04923917580541116
10899,LILAS,5,,1998-03-20 00:00:00,26.02.1998,3,1.21,LILA-Supermercado,Carrera 52 con Ave. Bolívar #65-98 Llano Largo,Barquisimeto,Lara,3508,Venezuela,,,,,,-0.3772641789490026,0.049223997267863244
10900,WELLI,1,,1998-03-20 00:00:00.000,04-03-1998,2,1.66,Wellington Importadora,"Rua do Mercado, 12",Resende,SP,08737-363,Brazil,,,,,,-0.37548515084839995,0.049337836299472554
10901,HILAA,4,,23-03-1998,1998-02-26 00:00:00,1,62.09,HILARION-Abastos,Carrera 22 con Ave. Carlos Soublette #8-35,san cristóbal,Táchira,5022,Venezuela,,,,,,-0.13658144391636098,0.06462515336647315
10902,FOLKO,1,,1998-03-23 00:00:00.000,1998-03-03 00:00:00.000,1,44.15,FOLK OCH FÄ HB,åkergatan 24,Bräcke,Unknown,S-844 67,Sweden,,,,,,-0.20750536419371957,0.06008677063964887
10903,HANAR,3,,1998/03/24,1998/03/04,3,36.71,Hanari Carnes,"Rua do Paço, 67",Rio de Janeiro,RJ,05454-876,Brazil,,,,,,-0.23691862879034986,0.05820463198370838
10904,WHITC,3,,1998-03-24 00:00:00,27-02-1998,3,162.95,White Clover Markets,1029 - 12th Ave. S.,Seattle,WA,98124,USA,,,,,,0.26215805436537726,0.09014027498450525
10905,WELLI,9,,24.03.1998,1998-03-06 00:00:00.000,2,13.72,Wellington Importadora,"Rua do Mercado, 12",Resende,SP,08737-363,Brazil,,,,,,-0.3278071977522492,0.05238872234660191
10906,WOLZA,4,,1998-03-11 00:00:00.000,1998-03-03 00:00:00.000,3,26.29,Wolski Zajazd,ul. Filtrowa 68,Warszawa,Unknown,01-012,Poland,,,,,,-0.2781130128087488,0.05556862596288848
10907,SPECD,6,,25-03-1998,1998-02-27 00:00:00.000,3,9.19,Spécialités du monde,"25, rue Lauriston",PARIS,Unknown,75016,France,,,,,,-0.3457160806316491,0.05124274276173491
10908,REGGC,4,,1998-03-26 00:00:00.000,1998-03-06 00:00:00.000,2,32.96,Reggiani Caseifici,STRADA PROVINCIALE 124,REGGIO EMILIA,Unknown,42100,Italy,,,,,,-0.25174386296203854,0.05725597338696417
10909,SANTG,1,,1998-03-26 00:00:00.000,10.03.1998,2,53.05,SANTÉ GOURMET,erling skakkes gate 78,stavern,Unknown,4110,Norway,,,,,,-0.1723201417595785,0.06233825370925512
10910,WILMK,1,,1998-03-26 00:00:00,1998-03-04 00:00:00.000,3,38.11,WILMAN KALA,Keskuskatu 45,Helsinki,Unknown,21240,Finland,,,,,,-0.2313838746995861,0.05855879785982621
10911,GODOS,3,,1998-03-26 00:00:00.000,1998/03/05,1,38.19,Godos Cocina Típica,"C/ ROMERO, 33",Sevilla,Unknown,41101,Spain,,,,,,-0.23106760303725676,0.05857903590989009
10912,HUNGO,2,,1998-03-26 00:00:00.000,03/18/1998,2,580.91,hungry owl all-night grocers,8 Johnstown Road,Cork,Co. Cork,Unknown,Ireland,,,,,,1.9145193542051087,0.19587396754322722
10913,QUEEN,4,,1998-03-26 00:00:00.000,1998-03-04 00:00:00,1,33.05,QUEEN COZINHA,"Alameda dos Canàrios, 891",Sao Paulo,SP,05487-020,Brazil,,,,,,-0.25138805734191805,0.057278741193286034
10914,QUEEN,6,,1998-03-27 00:00:00.000,1998-03-02 00:00:00.000,1,21.19,Queen Cozinha,"Alameda dos Canàrios, 891",Sao Paulo,SP,05487-020,Brazil,,,,,,-0.29827533128224537,0.054278450271316364
10915,TORTU,2,,27-03-1998,02.03.1998,2,3.51,tortuga restaurante,Avda. Azteca 123,méxico d.f.,Unknown,05033,Mexico,,,,,,-0.3681713686570335,0.04980584120719969
10916,RANCH,1,,1998-03-27 00:00:00.000,03/09/1998,2,63.77,rancho grande,Av. del Libertador 900,buenos aires,Unknown,1010,Argentina,,,,,,-0.12993973900744446,0.06505015241781455
10917,ROMEY,4,,1998-03-30 00:00:00.000,1998/03/11,2,8.29,Romero y tomillo,"gran vía, 1",Madrid,Unknown,28001,Spain,,,,,,-0.3492741368328544,0.051015064698516306
10918,BOTTM,3,,03/30/1998,1998-03-11 00:00:00.000,3,48.83,Bottom-Dollar Markets,23 Tsawassen Blvd.,Tsawassen,BC,T2F 8M4,Canada,,,,,,-0.18900347194745212,0.061270696568385644
10919,LINOD,2,1998-02-03,1998-03-30 00:00:00.000,1998/03/04,2,19.8,LINO-Delicateses,ave. 5 de mayo porlamar,I. de Margarita,Nueva Esparta,4980,Venezuela,1998.0,2.0,3.0,Tuesday,1.0,-0.30377055141521797,0.05392681415145651
10920,AROUT,4,,1998-03-31 00:00:00.000,09-03-1998,2,29.61,Around the Horn,BROOK FARM STRATFORD ST. MARY,Colchester,Essex,CO7 6JX,UK,,,,,,-0.26498773882208043,0.05640850504053935
10921,VAFFE,1,,1998-04-14 00:00:00.000,1998-03-09 00:00:00.000,1,176.48,Vaffeljernet,Smagsloget 45,Århus,Unknown,8200,Denmark,,,,,,0.31564749925682994,0.09356303520155834
10922,HANAR,5,,1998-03-31 00:00:00.000,1998-03-05 00:00:00.000,3,2357.0,Hanari Carnes,"Rua do Paço, 67",Rio de Janeiro,RJ,05454-876,Brazil,,,,,,8.93610606353698,0.645181446767604
10923,LAMAI,7,,1998-04-14 00:00:00,13-03-1998,3,68.26,La maison d'Asie,1 rue Alsace-Lorraine,Toulouse,Unknown,31000,France,,,,,,-0.11218899195920924,0.06618601297764962
10924,BERGS,3,,1998-04-01 00:00:00.000,08-04-1998,2,151.52,BERGLUNDS SNABBKÖP,Berguvsvägen 8,LULEÅ,Unknown,S-958 22,Sweden,,,,,,0.21697074061007027,0.08724876358162892
10925,HANAR,3,,01-04-1998,03/13/1998,1,2.27,hanari carnes,"RUA DO PAÇO, 67",Rio de Janeiro,RJ,05454-876,Brazil,,,,,,-0.37307357942313857,0.04949215143120961
10926,ANATR,4,,01.04.1998,1998-03-11 00:00:00.000,3,39.92,Ana Trujillo Emparedados y helados,Avda. de la Constitución 2222,méxico d.f.,Unknown,05021,Mexico,,,,,,-0.22422822833938438,0.05901668374252141
10927,LACOR,4,,1998-04-02 00:00:00.000,04/08/1998,1,19.79,La corne d'abondance,"67, avenue de l'Europe",versailles,Unknown,78000,France,,,,,,-0.30381008537300913,0.05392428439519853
10928,GALED,1,,1998/04/02,1998/03/18,1,1.36,Galería del gastronómo,"Rambla de Cataluña, 23",Barcelona,Unknown,8022,Spain,,,,,,-0.37667116958213503,0.049261943611733014
10929,FRANK,6,,04/02/1998,12-03-1998,1,33.93,Frankenversand,berliner platz 43,münchen,Unknown,80805,Germany,,,,,,-0.24790906905629506,0.05750135974398867
10930,SUPRD,4,,1998-04-17 00:00:00.000,1998-03-18 00:00:00,3,15.55,SUPRÊMES DÉLICES,"Boulevard Tirou, 255",Charleroi,Unknown,B-6000,Belgium,,,,,,-0.3205724834764651,0.05285166774181308
10931,RICSU,4,,1998-03-20 00:00:00.000,1998-03-19 00:00:00,2,13.6,Richter Supermarkt,Starenweg 5,Genève,Unknown,1204,Switzerland,,,,,,-0.32828160524574324,0.0523583652715061
10932,BONAP,8,,1998/04/03,03/24/1998,1,134.64,Bon app',"12, rue des Bouchers",Marseille,Unknown,13008,France,,,,,,0.1502374198585756,0.082978535018151
10933,ISLAT,6,,04/03/1998,1998-03-16 00:00:00.000,3,54.15,Island Trading,Garden House Crowther Way,cowes,Isle of Wight,PO31 7PJ,UK,,,,,,-0.16797140640254982,0.06261652689763342
10934,LEHMS,3,,1998-04-06 00:00:00.000,1998-03-12 00:00:00.000,3,32.01,Lehmanns Marktstand,MAGAZINWEG 7,Frankfurt a.M.,Unknown,60528,Germany,,,,,,-0.2554995889521997,0.05701564654245564
10935,WELLI,4,,1998-04-06 00:00:00.000,18-03-1998,3,47.59,Wellington Importadora,"Rua do Mercado, 12",Resende,SP,08737-363,Brazil,,,,,,-0.19390568271355715,0.06095700679239556
10936,GREAL,3,,1998-04-06 00:00:00.000,1998-03-18 00:00:00,2,33.68,Great Lakes Food Market,2732 BAKER BLVD.,EUGENE,OR,97403,USA,,,,,,-0.24889741800107432,0.057438115837539064
10937,CACTU,7,1998-10-03,03/24/1998,1998/03/13,3,31.51,Cactus Comidas para llevar,Cerrito 333,buenos aires,Unknown,1010,Argentina,1998.0,10.0,3.0,Saturday,4.0,-0.25747628684175816,0.05688915872955641
10938,QUICK,3,,07.04.1998,1998/03/16,2,31.89,QUICK-Stop,Taucherstraße 10,Cunewalde,Unknown,01307,Germany,,,,,,-0.2559739964456937,0.056985289467359826
10939,MAGAA,2,,1998-04-07 00:00:00.000,1998-03-13 00:00:00.000,2,76.33,Magazzini Alimentari Riuniti,Via Ludovico il Moro 22,bergamo,Unknown,24100,Italy,,,,,,-0.08028508802173526,0.06822752627784313
10940,BONAP,8,,1998-04-08 00:00:00.000,1998-03-23 00:00:00.000,3,19.77,Bon app',"12, RUE DES BOUCHERS",Marseille,Unknown,13008,France,,,,,,-0.3038891532885915,0.05391922488268256
10941,SAVEA,7,,1998-04-08 00:00:00.000,03/20/1998,2,400.81,Save-a-lot Markets,187 SUFFOLK LN.,boise,ID,83720,USA,,,,,,1.2025127743861415,0.15031305733692563
10942,REGGC,9,,1998-04-08 00:00:00.000,1998-03-18 00:00:00.000,3,17.95,Reggiani Caseifici,strada provinciale 124,reggio emilia,Unknown,42100,Italy,,,,,,-0.31108433360658433,0.05345880924372937
10943,BSBEV,4,,1998-04-08 00:00:00.000,1998/03/19,2,2.17,b's beverages,FAUNTLEROY CIRCUS,London,Unknown,EC2 5NT,UK,,,,,,-0.3734689190010502,0.04946685386862976
10944,BOTTM,6,,1998-03-26 00:00:00.000,1998-03-13 00:00:00.000,3,52.92,Bottom-Dollar Markets,23 Tsawassen Blvd.,Tsawassen,BC,T2F 8M4,Canada,,,,,,-0.1728340832108637,0.06230536687790132
10945,MORGK,4,,1998-04-09 00:00:00.000,1998-03-18 00:00:00.000,1,10.22,Morgenstern Gesundkost,HEERSTR. 22,leipzig,Unknown,04179,Germany,,,,,,-0.3416440829791586,0.05150330765630732
10946,VAFFE,1,,1998-04-09 00:00:00.000,1998-03-19 00:00:00,2,27.2,Vaffeljernet,Smagsloget 45,Århus,Unknown,8200,Denmark,,,,,,-0.2745154226497523,0.055798833782365075
10947,BSBEV,3,,1998-04-10 00:00:00.000,1998-03-16 00:00:00.000,2,3.26,B'S BEVERAGES,fauntleroy circus,London,Unknown,EC2 5NT,UK,,,,,,-0.3691597176018127,0.04974259730075008
10948,GODOS,3,,1998-04-10 00:00:00.000,1998/03/19,3,23.39,Godos Cocina Típica,"C/ Romero, 33",Sevilla,Unknown,41101,Spain,,,,,,-0.289577860568188,0.05483499664807297
10949,BOTTM,2,,1998-04-10 00:00:00,1998-03-17 00:00:00.000,3,74.44,Bottom-Dollar Markets,23 TSAWASSEN BLVD.,tsawassen,BC,T2F 8M4,Canada,,,,,,-0.08775700604426635,0.06774940234508406
10950,MAGAA,1,,1998/04/13,1998/03/23,2,2.5,Magazzini Alimentari Riuniti,Via Ludovico il Moro 22,Bergamo,Unknown,24100,Italy,,,,,,-0.37216429839394166,0.04955033582514325
10951,RICSU,9,,1998-04-27 00:00:00.000,1998-04-07 00:00:00,2,30.85,Richter Supermarkt,Starenweg 5,Genève,Unknown,1204,Switzerland,,,,,,-0.2600855280559754,0.05672219481652943
10952,ALFKI,1,,1998-04-27 00:00:00.000,24-03-1998,1,40.42,Alfred's Futterkiste,Obere Str. 57,BERLIN,Unknown,12209,Germany,,,,,,-0.22225153044982587,0.05914317155542064
10953,AROUT,9,,1998-03-30 00:00:00.000,1998-03-25 00:00:00.000,2,23.72,Around the Horn,Brook Farm Stratford St. Mary,Colchester,Essex,CO7 6JX,UK,,,,,,-0.2882732399610794,0.05491847860458646
10954,LINOD,5,,28-04-1998,1998-03-20 00:00:00.000,1,27.91,LINO-Delicateses,Ave. 5 de Mayo Porlamar,I. DE MARGARITA,Nueva Esparta,4980,Venezuela,,,,,,-0.2717085116465793,0.05597844647668198
10955,FOLKO,8,,1998-04-14 00:00:00.000,20-03-1998,2,3.26,Folk och fä HB,Åkergatan 24,BRÄCKE,Unknown,S-844 67,Sweden,,,,,,-0.3691597176018127,0.04974259730075008
10956,BLAUS,6,,1998-04-28 00:00:00.000,1998/03/20,2,44.65,Blauer See Delikatessen,Forsterstr. 57,Mannheim,Unknown,68306,Germany,,,,,,-0.20552866630416108,0.0602132584525481
10957,HILAA,8,,04/15/1998,1998-03-27 00:00:00.000,3,105.36,HILARION-ABASTOS,Carrera 22 con Ave. Carlos Soublette #8-35,San Cristóbal,Táchira,5022,Venezuela,,,,,,0.034481991446030584,0.07557140869477227
10958,OCEAN,7,,1998-04-15 00:00:00.000,1998-03-27 00:00:00.000,2,49.56,Océano Atlántico Ltda.,ing. gustavo moncada 8585 piso 20-a,Buenos Aires,Unknown,1010,Argentina,,,,,,-0.1861174930286967,0.06145536877521852
10959,GOURL,6,,1998-04-29 00:00:00.000,1998-03-23 00:00:00.000,2,4.98,gourmet lanchonetes,"Av. Brasil, 442",Campinas,SP,04876-786,Brazil,,,,,,-0.36235987686173154,0.05017771537712342
10960,HILAA,3,,1998-04-02 00:00:00.000,1998/04/08,1,2.08,HILARION-Abastos,Carrera 22 con Ave. Carlos Soublette #8-35,SAN CRISTÓBAL,Táchira,5022,Venezuela,,,,,,-0.3738247246211708,0.0494440860623079
10961,QUEEN,8,,1998-04-16 00:00:00.000,1998-03-30 00:00:00,1,104.47,QUEEN COZINHA,"Alameda dos Canàrios, 891",Sao Paulo,SP,05487-020,Brazil,,,,,,0.03096346920261647,0.07534626038781164
10962,QUICK,8,,1998/04/16,23.03.1998,2,275.79,quick-stop,Taucherstraße 10,Cunewalde,Unknown,01307,Germany,,,,,,0.708259234080937,0.11868604459960284
10963,FURIB,9,,04/16/1998,1998/03/26,3,2.7,Furia Bacalhau e Frutos do Mar,Jardim das rosas n. 32,Lisboa,Unknown,1675,Portugal,,,,,,-0.37137361923811824,0.04960093095030294
10964,SPECD,3,,1998-04-17 00:00:00.000,24-03-1998,2,87.38,Spécialités du monde,"25, rue lauriston",Paris,Unknown,75016,France,,,,,,-0.03660006466249268,0.07102290694291606
10965,OLDWO,6,,1998-04-17 00:00:00.000,1998-03-30 00:00:00.000,3,144.38,Old World Delicatessen,2743 Bering St.,Anchorage,AK,99508,USA,,,,,,0.188743494747175,0.08544251761342796
10966,CHOPS,4,,1998-04-17 00:00:00.000,1998-04-08 00:00:00.000,1,27.19,Chop-suey Chinese,Hauptstr. 31,Bern,Unknown,3012,Switzerland,,,,,,-0.27455495660754353,0.055796304026107094
10967,TOMSP,2,,1998-04-20 00:00:00.000,02-04-1998,2,62.22,Toms Spezialitäten,LUISENSTR. 48,münster,Unknown,44087,Germany,,,,,,-0.1360675024650758,0.06465804019782695
10968,ERNSH,1,,1998-04-20 00:00:00.000,01.04.1998,3,74.6,Ernst Handel,Kirchgasse 6,graz,Unknown,8010,Austria,,,,,,-0.08712446271960765,0.06778987844521181
10969,COMMI,1,,1998-04-20 00:00:00.000,1998-03-30 00:00:00.000,2,0.21,Comércio Mineiro,"av. dos lusíadas, 23",Sao Paulo,SP,05432-043,Brazil,,,,,,-0.38121757472811957,0.048971021642064794
10970,BOLID,9,,07-04-1998,1998-04-24 00:00:00.000,1,16.16,Bólido Comidas preparadas,"C/ Araquil, 67",Madrid,Unknown,28023,Spain,,,,,,-0.3181609120512038,0.05300598287355014
10971,FRANR,2,,1998-04-21 00:00:00.000,1998-04-02 00:00:00.000,2,121.82,France restauration,"54, RUE ROYALE",Nantes,Unknown,44000,France,,,,,,0.09955488597029599,0.07973538749541483
10972,LACOR,4,,04/21/1998,26-03-1998,2,0.02,La corne d'abondance,"67, avenue de l'Europe",Versailles,Unknown,78000,France,,,,,,-0.3819687199261518,0.048922956273163086
10973,LACOR,6,,21.04.1998,1998-03-27 00:00:00,2,15.17,La corne d'abondance,"67, avenue de l'europe",Versailles,Unknown,78000,France,,,,,,-0.32207477387252953,0.05275553700400967
10974,SPLIR,3,,1998/04/08,03-04-1998,3,12.96,Split Rail Beer & Ale,P.O. Box 555,Lander,WY,82520,USA,,,,,,-0.33081177854437804,0.05219646087099509
10975,BOTTM,1,,22.04.1998,1998/03/27,3,32.27,BOTTOM-DOLLAR MARKETS,23 Tsawassen Blvd.,Tsawassen,BC,T2F 8M4,Canada,,,,,,-0.2544717060496292,0.05708142020516324
10976,HILAA,1,,1998-05-06 00:00:00.000,1998-04-03 00:00:00,1,37.97,hilarion-abastos,Carrera 22 con Ave. Carlos Soublette #8-35,San Cristóbal,Táchira,5022,Venezuela,,,,,,-0.23193735010866248,0.05852338127221443
10977,FOLKO,8,,1998-04-23 00:00:00.000,1998-04-10 00:00:00.000,3,208.5,Folk och fä HB,Åkergatan 24,Bräcke,Unknown,S-844 67,Sweden,,,,,,0.44223523210415555,0.10166331473962485
10978,MAISD,9,,23-04-1998,1998-04-23 00:00:00.000,2,32.82,MAISON DEWEY,Rue Joseph-Bens 532,Bruxelles,Unknown,B-1180,Belgium,,,,,,-0.2522973383711149,0.05722055679935239
10979,ERNSH,8,,1998-04-23 00:00:00.000,31.03.1998,2,353.07,Ernst Handel,Kirchgasse 6,Graz,Unknown,8010,Austria,,,,,,1.013777659891097,0.1382360009613074
10980,FOLKO,4,,1998-05-08 00:00:00.000,04/17/1998,1,1.26,FOLK OCH FÄ HB,Åkergatan 24,Bräcke,Unknown,S-844 67,Sweden,,,,,,-0.3770665091600467,0.04923664604915317
10981,HANAR,1,,04/24/1998,1998-04-02 00:00:00,2,-193.37,Hanari Carnes,"RUA DO PAÇO, 67",Rio de Janeiro,RJ,05454-876,Brazil,,,,,,-1.1465159296495842,0.0
10982,BOTTM,2,,24-04-1998,08.04.1998,1,14.01,Bottom-Dollar Markets,23 Tsawassen Blvd.,Tsawassen,BC,T2F 8M4,Canada,,,,,,-0.3266607129763052,0.052462085278083465
10983,SAVEA,2,,24-04-1998,1998-04-06 00:00:00.000,2,657.54,Save-a-lot Markets,187 Suffolk Ln.,Boise,ID,83720,USA,,,,,,2.2174680727588427,0.21525948974816278
10984,SAVEA,1,,27.04.1998,1998-04-03 00:00:00.000,3,211.22,save-a-lot markets,187 suffolk ln.,boise,ID,83720,USA,,,,,,0.45298846862335373,0.10235140844179665
10985,HUNGO,2,,1998-04-27 00:00:00.000,02-04-1998,1,91.51,HUNGRY OWL ALL-NIGHT GROCERS,8 Johnstown Road,Cork,Co. Cork,Unknown,Ireland,,,,,,-0.020272540094739524,0.07206769627746368
10986,OCEAN,8,,1998-04-27 00:00:00.000,04/21/1998,2,217.86,océano atlántico ltda.,ing. gustavo moncada 8585 piso 20-a,Buenos Aires,Unknown,1010,Argentina,,,,,,0.47923901659669055,0.10403116659709838
10987,EASTC,8,,28-04-1998,1998-04-06 00:00:00.000,1,185.48,Eastern Connection,35 King George,LONDON,Unknown,WX3 6FW,UK,,,,,,0.35122806126888273,0.09583981583374443
10988,RATTC,3,,1998-04-28 00:00:00.000,10.04.1998,2,61.14,Rattlesnake Canyon Grocery,2817 Milton Dr.,Albuquerque,NM,87110,USA,,,,,,-0.14033716990652212,0.06438482652196462
10989,QUEDE,2,,28-04-1998,02-04-1998,1,34.76,Que Delícia,"Rua da Panificadora, 12",Rio de Janeiro,RJ,02389-673,Brazil,,,,,,-0.244627750559628,0.05771132951340139
10990,ERNSH,2,,1998/05/13,1998-04-07 00:00:00.000,3,117.61,ERNST HANDEL,Kirchgasse 6,Graz,Unknown,8010,Austria,,,,,,0.08291108974021355,0.07867036011080333
10991,QUICK,1,,04/29/1998,1998-04-07 00:00:00.000,1,38.51,QUICK-STOP,TAUCHERSTRASSE 10,Cunewalde,Unknown,01307,Germany,,,,,,-0.22980251638793933,0.0586599881101456
10992,THEBI,1,1998-01-04,29-04-1998,03.04.1998,3,4.27,The Big Cheese,89 Jefferson Way Suite 2,portland,OR,97201,USA,1998.0,1.0,4.0,Sunday,1.0,-0.36516678786490464,0.049998102682806515
10993,FOLKO,7,,1998-04-29 00:00:00.000,1998/04/10,3,8.81,Folk och fä HB,Åkergatan 24,Bräcke,Unknown,S-844 67,Sweden,,,,,,-0.3472183710277135,0.051146612023931504
10994,VAFFE,2,1998-02-04,1998/04/16,1998-04-09 00:00:00.000,3,65.53,Vaffeljernet,Smagsloget 45,Århus,Unknown,8200,Denmark,1998.0,2.0,4.0,Wednesday,1.0,-0.1229817624361986,0.06549538951921983
10995,PERIC,1,,1998-04-30 00:00:00,1998-04-06 00:00:00.000,3,46.0,pericles comidas clásicas,Calle Dr. Jorge Cash 321,México D.F.,Unknown,05033,Mexico,,,,,,-0.20019158200235315,0.06055477554737602
10996,QUICK,4,,1998-04-30 00:00:00.000,10.04.1998,2,1.12,QUICK-Stop,Taucherstraße 10,Cunewalde,Unknown,01307,Germany,,,,,,-0.37761998456912305,0.04920122946154139
10997,LILAS,8,1998-03-04,1998-05-15 00:00:00,1998-04-13 00:00:00.000,2,73.91,LILA-Supermercado,Carrera 52 con Ave. Bolívar #65-98 Llano Largo,Barquisimeto,Lara,3508,Venezuela,1998.0,3.0,4.0,Wednesday,1.0,-0.08985230580719836,0.06761532526341088
10998,WOLZA,8,,1998/04/17,1998-04-17 00:00:00.000,2,20.31,Wolski Zajazd,ul. Filtrowa 68,Warszawa,Unknown,01-012,Poland,,,,,,-0.3017543195678683,0.05405583172061373
10999,OTTIK,6,,1998-05-01 00:00:00.000,04/10/1998,2,96.35,Ottilies Käseladen,MEHRHEIMERSTR. 369,KÖLN,Unknown,50739,Germany,,,,,,-0.0011381045238133998,0.07329209830632819
11000,RATTC,2,,1998-05-04 00:00:00.000,04/14/1998,3,55.12,Rattlesnake Canyon Grocery,2817 milton dr.,Albuquerque,NM,87110,USA,,,,,,-0.16413661249680633,0.06286191325465793
11001,FOLKO,2,,1998-05-04 00:00:00.000,14.04.1998,2,197.3,Folk och fä HB,Åkergatan 24,BRÄCKE,Unknown,Unknown,Sweden,,,,,,0.39795719937804547,0.09882998773068216
11002,SAVEA,4,,1998-05-04 00:00:00.000,1998-04-16 00:00:00.000,1,141.16,SAVE-A-LOT MARKETS,187 suffolk ln.,Boise,ID,83720,USA,,,,,,0.17601356033841833,0.08462793609835693
11003,THECR,3,,1998-05-04 00:00:00.000,08-04-1998,3,14.91,The Cracker Box,55 Grizzly Peak Rd.,Butte,MT,59801,USA,,,,,,-0.3231026567751,0.05268976334130207
11004,MAISD,3,1998-07-04,1998-05-05 00:00:00.000,1998/04/20,1,44.84,Maison Dewey,Rue Joseph-Bens 532,Bruxelles,Unknown,B-1180,Belgium,1998.0,7.0,4.0,Saturday,3.0,-0.20477752110612885,0.06026132382144981
11005,WILMK,2,,1998/05/05,1998-04-10 00:00:00,1,0.75,Wilman Kala,Keskuskatu 45,Helsinki,Unknown,21240,Finland,,,,,,-0.37908274100739636,0.04910762847999596
11006,GREAL,3,,1998-05-05 00:00:00.000,1998/04/15,2,25.19,Great Lakes Food Market,2732 Baker Blvd.,Eugene,OR,97403,USA,,,,,,-0.28246174816577746,0.05529035277451018
11007,PRINI,8,,05/06/1998,1998-04-13 00:00:00.000,2,202.24,Princesa Isabel Vinhos,Estrada da saúde n. 58,Lisboa,Unknown,1756,Portugal,,,,,,0.4174869745268833,0.10007968732212652
11008,ERNSH,7,,1998/05/06,Unknown,3,79.46,ERNST HANDEL,Kirchgasse 6,Graz,Unknown,8010,Austria,,,,,,-0.06791095923309914,0.06901933998659229
11009,GODOS,2,,06.05.1998,1998-04-10 00:00:00.000,1,59.11,godos cocina típica,"C/ Romero, 33",Sevilla,Unknown,41101,Spain,,,,,,-0.1483625633381296,0.06387128600159375
11010,REGGC,2,,1998/05/07,1998-04-21 00:00:00.000,2,28.71,Reggiani Caseifici,Strada Provinciale 124,Reggio Emilia,Unknown,42100,Italy,,,,,,-0.2685457950232857,0.05618082697732074
11011,ALFKI,3,,1998-05-07 00:00:00.000,1998-04-13 00:00:00.000,1,1.21,alfred's futterkiste,Obere Str. 57,BERLIN,Unknown,12209,Germany,,,,,,-0.3772641789490026,0.049223997267863244
11012,FRANK,1,,04/23/1998,04/17/1998,3,242.95,Frankenversand,Berliner Platz 43,MÜNCHEN,Unknown,80805,Germany,,,,,,0.5784297166947354,0.1103783250483816
11013,ROMEY,2,,07.05.1998,1998/04/10,1,32.99,romero y tomillo,"GRAN VÍA, 1",Madrid,Unknown,28001,Spain,,,,,,-0.251625261088665,0.05726356265573813
11014,LINOD,2,,1998-05-08 00:00:00.000,15-04-1998,3,23.6,LINO-Delicateses,Ave. 5 de Mayo Porlamar,i. de margarita,Nueva Esparta,4980,Venezuela,,,,,,-0.2887476474545735,0.054888121529490644
11015,SANTG,2,,24-04-1998,1998-04-20 00:00:00.000,2,4.62,Santé Gourmet,Erling Skakkes gate 78,Stavern,Unknown,4110,Norway,,,,,,-0.36378309934221364,0.050086644151835974
11016,AROUT,9,,1998-05-08 00:00:00,1998-04-13 00:00:00.000,2,33.8,Around the Horn,Brook Farm Stratford St. Mary,Colchester,Essex,Unknown,UK,,,,,,-0.24842301050758028,0.05746847291263488
11017,ZZZZZ,9,,11-05-1998,1998-04-20 00:00:00.000,2,754.26,ernst handel,Kirchgasse 6,Graz,Unknown,8010,Austria,,,,,,2.5998405125150366,0.2397272922753893
11018,LONEP,4,,1998-05-11 00:00:00,Unknown,2,11.65,Lonesome Pine Restaurant,89 Chiaroscuro Rd.,Portland,OR,97219,USA,,,,,,-0.3359907270150213,0.05186506280119911
11019,RANCH,6,,11-05-1998,Unknown,3,3.17,Rancho grande,Av. del Libertador 900,Buenos Aires,Unknown,1010,Argentina,,,,,,-0.36951552322193326,0.04971982949442822
11020,OTTIK,2,,1998-05-12 00:00:00.000,1998-04-16 00:00:00.000,2,43.3,Ottilies Käseladen,MEHRHEIMERSTR. 369,Köln,Unknown,50739,Germany,,,,,,-0.21086575060596902,0.05987174135772019
11021,QUICK,3,,1998/05/12,1998-04-21 00:00:00.000,1,297.18,QUICK-Stop,Taucherstraße 10,Cunewalde,Unknown,01307,Germany,,,,,,0.7928223697962491,0.12409719323543178
11022,HANAR,9,,1998-05-12 00:00:00.000,04.05.1998,2,6.27,Hanari Carnes,"Rua do Paço, 67",Rio de Janeiro,RJ,05454-876,Brazil,,,,,,-0.35725999630667066,0.05050405393440342
11023,BSBEV,1,,04/28/1998,1998/04/24,2,123.83,B's Beverages,Fauntleroy Circus,london,Unknown,EC2 5NT,UK,,,,,,0.10750121148632114,0.08024386850326973
11024,EASTC,4,,1998-05-13 00:00:00.000,1998-04-20 00:00:00.000,1,74.36,Eastern Connection,35 king george,london,Unknown,WX3 6FW,UK,,,,,,-0.0880732777065957,0.06772916429502018
11025,WARTH,6,,1998-05-13 00:00:00.000,1998-04-24 00:00:00.000,3,29.17,Wartian Herkku,torikatu 38,Oulu,Unknown,90110,Finland,,,,,,-0.26672723296489187,0.05629719576518803
11026,FRANS,4,,05/13/1998,28-04-1998,1,47.09,Franchi S.p.A.,Via Monte Bianco 34,TORINO,Unknown,10100,Italy,,,,,,-0.19588238060311564,0.06083051897949633
11027,BOTTM,1,,1998-05-14 00:00:00.000,1998-04-20 00:00:00.000,1,52.52,Bottom-Dollar Markets,23 Tsawassen Blvd.,Tsawassen,BC,T2F 8M4,Canada,,,,,,-0.17441544152251046,0.062204176627581945
11028,KOENE,2,,1998-05-14 00:00:00.000,22-04-1998,1,29.59,Königlich Essen,MAUBELSTR. 90,Brandenburg,Unknown,14776,Germany,,,,,,-0.26506680673766275,0.05640344552802338
11029,CHOPS,4,,1998-05-14 00:00:00.000,1998-04-27 00:00:00.000,1,47.84,Chop-suey Chinese,Hauptstr. 31,BERN,Unknown,3012,Switzerland,,,,,,-0.1929173337687779,0.061020250698845174
11030,SAVEA,7,,1998/05/15,27.04.1998,2,830.75,Save-a-lot Markets,187 Suffolk Ln.,Boise,ID,83720,USA,,,,,,2.9022357556596945,0.2590773978927131
11031,SAVEA,6,,1998-05-15 00:00:00.000,1998-04-24 00:00:00.000,2,227.22,Save-a-lot Markets,187 Suffolk Ln.,Boise,ID,83720,USA,,,,,,0.5162428010892254,0.10639901845457192
11032,WHITC,2,,1998/05/15,1998-04-23 00:00:00.000,3,606.19,White Clover Markets,1029 - 12th ave. s.,Seattle,WA,98124,USA,,,,,,2.014461199501186,0.20226919136341218
11033,RICSU,7,,1998-05-15 00:00:00,1998-04-23 00:00:00.000,3,84.74,Richter Supermarkt,Starenweg 5,Genève,Unknown,1204,Switzerland,,,,,,-0.0470370295193615,0.07035505129080813
11034,OLDWO,8,,06/01/1998,1998-04-27 00:00:00.000,1,40.32,Old World Delicatessen,2743 Bering St.,Anchorage,AK,99508,USA,,,,,,-0.2226468700277376,0.0591178739928408
11035,SUPRD,2,,18-05-1998,1998-04-24 00:00:00.000,2,0.17,Suprêmes délices,"Boulevard Tirou, 255",Charleroi,Unknown,B-6000,Belgium,,,,,,-0.3813757105592842,0.048960902617032856
11036,DRACD,8,,1998/05/18,1998-04-22 00:00:00.000,3,149.47,DRACHENBLUT DELIKATESSEN,Walserweg 21,Aachen,Unknown,Unknown,Germany,,,,,,0.20886627926288043,0.08673016354874209
11037,GODOS,7,,1998/05/19,1998-04-27 00:00:00.000,1,3.2,Godos Cocina Típica,"C/ Romero, 33",Sevilla,Unknown,41101,Spain,,,,,,-0.3693969213485598,0.04972741876320217
11038,SUPRD,1,,1998-05-19 00:00:00.000,1998-04-30 00:00:00.000,2,29.59,SUPRÊMES DÉLICES,"BOULEVARD TIROU, 255",Charleroi,Unknown,B-6000,Belgium,,,,,,-0.26506680673766275,0.05640344552802338
11039,LINOD,1,,19.05.1998,Unknown,2,65.0,LINO-DELICATESES,ave. 5 de mayo porlamar,I. de Margarita,Nueva Esparta,4980,Venezuela,,,,,,-0.1250770621991306,0.06536131243754664
11040,GREAL,4,,1998-05-20 00:00:00.000,Unknown,3,1281.0,Great Lakes Food Market,2732 Baker Blvd.,Eugene,OR,97403,USA,,,,,,4.682252205207114,0.37297967340846716
11041,CHOPS,3,,1998/05/20,1998/04/28,2,48.22,Chop-suey Chinese,Hauptstr. 31,Bern,Unknown,3012,Switzerland,,,,,,-0.19141504337271348,0.06111638143664859
11042,COMMI,2,,1998-05-06 00:00:00.000,01-05-1998,1,29.99,Comércio Mineiro,"Av. dos Lusíadas, 23",Sao Paulo,SP,05432-043,Brazil,,,,,,-0.26348544842601596,0.05650463577834276
11043,SPECD,5,,1998-05-20 00:00:00.000,1998-04-29 00:00:00.000,2,8.8,Spécialités du monde,"25, RUE LAURISTON",Paris,Unknown,75016,France,,,,,,-0.34725790498550474,0.051144082267673516
11044,WOLZA,4,,1998/05/21,1998-05-01 00:00:00.000,1,8.72,wolski zajazd,ul. Filtrowa 68,Warszawa,Unknown,01-012,Poland,,,,,,-0.3475741766478341,0.05112384421760964
11045,BOTTM,6,,21.05.1998,Unknown,2,70.58,Bottom-Dollar Markets,23 tsawassen blvd.,Tsawassen,BC,T2F 8M4,Canada,,,,,,-0.10301711375165788,0.06677291642950203
11046,WANDK,8,,05/21/1998,1998-04-24 00:00:00.000,2,71.64,Die Wandernde Kuh,ADENAUERALLEE 900,Stuttgart,Unknown,70563,Germany,,,,,,-0.09882651422579387,0.06704107059284839
11047,EASTC,7,,1998-05-22 00:00:00.000,1998-05-01 00:00:00.000,3,46.62,eastern connection,35 King George,London,Unknown,WX3 6FW,UK,,,,,,-0.19774047661930064,0.06071162043537106
11048,BOTTM,7,,1998-05-22 00:00:00.000,1998-04-30 00:00:00.000,3,24.12,bottom-dollar markets,23 Tsawassen Blvd.,Tsawassen,BC,T2F 8M4,Canada,,,,,,-0.2866918816494326,0.055019668854905834
11049,GOURL,3,,1998-05-22 00:00:00,1998-05-04 00:00:00.000,1,8.34,Gourmet Lanchonetes,"AV. BRASIL, 442",CAMPINAS,SP,04876-786,Brazil,,,,,,-0.3490764670438985,0.051027713479806225
11050,FOLKO,8,,1998/05/25,1998-05-05 00:00:00.000,2,59.41,Folk och fä HB,Åkergatan 24,BRÄCKE,Unknown,S-844 67,Sweden,,,,,,-0.14717654460439453,0.06394717868933329
11051,LAMAI,7,,1998-05-25 00:00:00.000,Unknown,3,2.79,La maison d'Asie,1 rue Alsace-Lorraine,Toulouse,Unknown,31000,France,,,,,,-0.3710178136179977,0.049623698756624805
11052,HANAR,3,,1998-05-25 00:00:00.000,1998-05-01 00:00:00.000,1,67.26,HANARI CARNES,"Rua do Paço, 67",Rio de Janeiro,RJ,05454-876,Brazil,,,,,,-0.11614238773832622,0.06593303735185116
11053,PICCO,2,,1998-05-25 00:00:00.000,1998-04-29 00:00:00,2,53.05,Piccolo und mehr,geislweg 14,SALZBURG,Unknown,5020,Austria,,,,,,-0.1723201417595785,0.06233825370925512
11054,CACTU,8,,26-05-1998,Unknown,1,0.33,Cactus Comidas para llevar,Cerrito 333,Buenos Aires,Unknown,1010,Argentina,,,,,,-0.3807431672346255,0.04900137871716061
11055,HILAA,7,,1998/05/26,05-05-1998,2,120.92,HILARION-Abastos,Carrera 22 con Ave. Carlos Soublette #8-35,San Cristóbal,Táchira,5022,Venezuela,,,,,,0.09599682976909076,0.07950770943219622
11056,EASTC,8,,1998-05-12 00:00:00.000,1998-05-01 00:00:00.000,2,278.96,Eastern Connection,35 KING GEORGE,London,Unknown,WX3 6FW,UK,,,,,,0.7207914987007377,0.11948797733338394
11057,NORTS,3,,1998-05-27 00:00:00.000,01.05.1998,3,4.13,North/South,south house 300 queensbridge,london,Unknown,SW7 1RZ,UK,,,,,,-0.365720263273981,0.04996268609519473
11058,BLAUS,9,,1998-05-27 00:00:00.000,Unknown,3,31.14,Blauer See Delikatessen,Forsterstr. 57,Mannheim,Unknown,68306,Germany,,,,,,-0.2589390432800314,0.05679555774801098
11059,RICAR,2,,1998/06/10,Unknown,2,85.8,Ricardo Adocicados,"AV. COPACABANA, 267",Rio de Janeiro,RJ,02389-890,Brazil,,,,,,-0.04284642999349749,0.0706232054541545
11060,FRANS,2,,1998-05-28 00:00:00.000,1998-05-04 00:00:00,2,10.98,Franchi S.p.A.,VIA MONTE BIANCO 34,Torino,Unknown,10100,Italy,,,,,,-0.33863950218702965,0.05169556913191414
11061,GREAL,4,,1998/06/11,Unknown,3,14.01,Great Lakes Food Market,2732 baker blvd.,Eugene,OR,97403,USA,,,,,,-0.3266607129763052,0.052462085278083465
11062,REGGC,4,,1998-05-28 00:00:00.000,Unknown,2,29.93,Reggiani Caseifici,Strada Provinciale 124,Reggio Emilia,Unknown,42100,Italy,,,,,,-0.263722652172763,0.056489457240794856
11063,HUNGO,3,,1998-05-28 00:00:00.000,1998-05-06 00:00:00.000,2,3759.58,Hungry Owl All-Night Grocers,8 Johnstown Road,cork,Co. Cork,Unknown,Ireland,,,,,,14.481059915410869,1.0000000000000002
11064,SAVEA,1,,05/29/1998,1998-05-04 00:00:00.000,1,511.53,SAVE-A-LOT MARKETS,187 suffolk ln.,Boise,ID,83720,USA,,,,,,1.640232755049973,0.17832251862533047
11065,LILAS,8,,1998/05/29,Unknown,1,12.91,LILA-Supermercado,CARRERA 52 CON AVE. BOLÍVAR #65-98 LLANO LARGO,Barquisimeto,Lara,3508,Venezuela,,,,,,-0.33100944833333396,0.05218381208970516
11066,WHITC,7,,29-05-1998,05/04/1998,2,44.72,White Clover Markets,1029 - 12th Ave. S.,seattle,WA,98124,USA,,,,,,-0.2052519285996229,0.060230966746353996
11067,DRACD,1,,1998-05-18 00:00:00.000,1998-05-06 00:00:00.000,2,7.98,Drachenblut Delikatessen,Walserweg 21,Aachen,Unknown,52066,Germany,,,,,,-0.3504996895243806,0.050936642254518785
11068,QUEEN,8,,1998-06-01 00:00:00.000,Unknown,2,81.75,Queen Cozinha,"Alameda dos Canàrios, 891",Sao Paulo,SP,05487-020,Brazil,,,,,,-0.05885768289892124,0.06959865416967076
11069,TORTU,1,,06/01/1998,05/06/1998,2,15.67,Tortuga Restaurante,AVDA. AZTECA 123,méxico d.f.,Unknown,05033,Mexico,,,,,,-0.3200980759829711,0.052882024816908894
11070,LEHMS,2,,1998-05-05 00:00:00.000,Unknown,1,136.0,Lehmanns Marktstand,Magazinweg 7,Frankfurt a.M.,Unknown,60528,Germany,,,,,,0.15561403811817476,0.08332258186923691
11071,LILAS,1,,1998/06/02,Unknown,1,0.93,LILA-Supermercado,Carrera 52 con Ave. Bolívar #65-98 Llano Largo,Barquisimeto,Lara,3508,Venezuela,,,,,,-0.37837112976715526,0.04915316409263968
11072,ERNSH,4,,02-06-1998,Unknown,2,258.64,Ernst Handel,Kirchgasse 6,graz,Unknown,8010,Austria,,,,,,0.6404584964690807,0.11434751261715935
11073,PERIC,2,,1998-06-02 00:00:00.000,Unknown,2,24.95,pericles comidas clásicas,Calle Dr. Jorge Cash 321,méxico d.f.,Unknown,05033,Mexico,,,,,,-0.2834105631527655,0.05522963862431855
11074,SIMOB,7,,06/03/1998,Unknown,2,18.44,Simons bistro,Vinbæltet 34,Kobenhavn,Unknown,1734,Denmark,,,,,,-0.30914716967481704,0.053582767300370614
11075,RICSU,8,,1998-06-03 00:00:00.000,Unknown,2,6.19,RICHTER SUPERMARKT,Starenweg 5,genève,Unknown,1204,Switzerland,,,,,,-0.357576267969,0.05048381588433955
11076,BONAP,4,,1998-06-03 00:00:00.000,Unknown,2,38.28,BON APP',"12, rue des Bouchers",marseille,Unknown,13008,France,,,,,,-0.2307117974171362,0.05860180371621195
11077,RATTC,1,,1998/06/03,Unknown,2,8.53,Rattlesnake Canyon Grocery,2817 Milton Dr.,ALBUQUERQUE,NM,87110,USA,,,,,,-0.3483253218458663,0.05107577884870793
10322,PERIC,7,1996-04-10,11/01/1996,1996-10-23 00:00:00.000,3,0.4,Pericles Comidas clásicas,Calle Dr. Jorge Cash 321,México D.F.,Unknown,05033,Mexico,1996.0,4.0,10.0,Wednesday,2.0,-0.3804664295300873,0.0490190870109665
10384,BERGS,3,,1997-01-13 00:00:00,1996-12-20 00:00:00,3,168.64,Berglunds snabbköp,Berguvsvägen 8,Luleå,Unknown,S-958 22,Sweden,,,,,,0.28465287634855285,0.09157970629529846
10849,KOENE,9,,1998-02-20 00:00:00,1998-01-30 00:00:00.000,2,0.56,Königlich Essen,Maubelstr. 90,Brandenburg,Unknown,14776,Germany,,,,,,-0.3798338862054286,0.04905956311109425
10647,QUEDE,4,,1997-09-10 00:00:00,1997/09/03,2,45.54,Que Delícia,"rua da panificadora, 12",Rio de Janeiro,RJ,02389-673,Brazil,,,,,,-0.20201014406074697,0.06043840675950873
10752,NORTS,2,,1997-12-22 00:00:00.000,1997-11-28 00:00:00.000,3,1.39,NORTH/SOUTH,South House 300 Queensbridge,LONDON,Unknown,SW7 1RZ,UK,,,,,,-0.3765525677087615,0.04926953288050697
