OrderID,ProductID,UnitPrice,Quantity,Discount,OrderValue,UnitPrice_Standardized,UnitPrice_Normalized,Quantity_Standardized,Quantity_Normalized,OrderValue_Standardized,OrderValue_Normalized,UnitPrice_Winsorized
10248,11,14.0,12.0,0.0,168.0,-0.26713855275114673,0.009284332688588007,-0.44694002328998206,0.02217741935483871,-0.1855852432557586,0.0014966459096132773,14.0
10248,42,9.8,10.0,0.0,98.0,-0.34317831164900103,0.006034816247582205,-0.5146654012216911,0.01814516129032258,-0.20888820063148408,0.0008730434472744117,9.8
10248,72,34.8,5.0,0.0,174.0,0.10943930083822724,0.025377176015473887,-0.6839788460509638,0.008064516129032258,-0.18358784690926783,0.001550097549242323,34.8
10249,14,18.6,9.0,0.0,167.4,-0.18385691205349666,0.012843326885880078,-0.5485280901875457,0.016129032258064516,-0.18578498289040768,0.0014913007456503727,18.6
10249,51,42.4,40.0,0.0,1696.0,0.2470350550343447,0.03125725338491296,0.5012152677539453,0.07862903225806452,0.3230850263172204,0.015108996801810229,42.4
10250,41,7.7,10.0,0.0,77.0,-0.38119819109792824,0.004410058027079304,-0.5146654012216911,0.01814516129032258,-0.2158790878442017,0.0006859627085727522,7.7
10250,51,42.4,35.0,0.15,1261.3999999999999,0.2470350550343447,0.03125725338491296,0.3319018229246726,0.06854838709677419,0.17840695095307332,0.011237316371346355,42.4
10250,65,16.8,15.0,0.15,214.2,-0.2164453801525771,0.011450676982591876,-0.3453519563924184,0.028225806451612906,-0.1702052913877798,0.0019082235347569285,16.8
10251,22,16.8,6.0,0.05,95.76,-0.2164453801525771,0.011450676982591876,-0.6501161570851093,0.010080645161290322,-0.20963389526750728,0.0008530881684795681,16.8
10251,57,15.6,20.0,0.05,296.4,-0.2381710255519641,0.010522243713733075,-0.17603851156314565,0.038306451612903226,-0.14284096144085645,0.0026405109976748533,15.6
10251,65,16.8,20.0,0.0,336.0,-0.2164453801525771,0.011450676982591876,-0.17603851156314565,0.038306451612903226,-0.12965814555401745,0.0029932918192265546,16.8
10252,20,64.8,40.0,0.05,2462.4,0.6525804358229013,0.048588007736943904,0.5012152677539453,0.07862903225806452,0.5782191196423062,0.02193655290376032,64.8
10252,33,2.0,25.0,0.05,47.5,-0.48439500674501634,0.0,-0.006725066733872924,0.04838709677419355,-0.2256996198811146,0.00042315881372994446,2.5
10252,60,27.2,40.0,0.0,1088.0,-0.02815645335789014,0.019497098646034817,0.5012152677539453,0.07862903225806452,0.12068219653949055,0.00969256398606694,27.2
10253,31,10.0,20.0,0.0,200.0,-0.33955737074910325,0.006189555125725338,-0.17603851156314565,0.038306451612903226,-0.17493246274114124,0.0017817213209681874,10.0
10253,39,14.4,42.0,0.0,604.8000000000001,-0.25989667095135105,0.009593810444874274,0.5689406456856544,0.08266129032258064,-0.040174789231231585,0.005387925274607799,14.4
10253,49,16.0,40.0,0.0,640.0,-0.23092914375216844,0.010831721470019342,0.5012152677539453,0.07862903225806452,-0.028456730665152512,0.005701508227098199,16.0
10254,24,3.6,15.0,0.15,45.9,-0.4554274795458337,0.0012379110251450676,-0.3453519563924184,0.028225806451612906,-0.22623225890684548,0.00040890504316219896,3.6
10254,55,19.2,21.0,0.15,342.71999999999997,-0.17299408935380323,0.013307543520309476,-0.1421758225972911,0.04032258064516129,-0.1274210616459478,0.0030531576556110853,19.2
10254,74,8.0,21.0,0.0,168.0,-0.37576677974808154,0.0046421663442940036,-0.1421758225972911,0.04032258064516129,-0.1855852432557586,0.0014966459096132773,8.0
10255,2,15.2,20.0,0.0,304.0,-0.24541290735175975,0.010212765957446808,-0.17603851156314565,0.038306451612903226,-0.1403109260686348,0.0027082164078716447,15.2
10255,16,13.9,35.0,0.0,486.5,-0.2689490232010956,0.00920696324951644,0.3319018229246726,0.06854838709677419,-0.07955678719620767,0.004334037113255115,13.9
10255,36,15.2,25.0,0.0,380.0,-0.24541290735175975,0.010212765957446808,-0.006725066733872924,0.04838709677419355,-0.11501057234641858,0.0033852705098395557,15.2
10255,59,44.0,30.0,0.0,1320.0,0.27600258223352736,0.03249516441005803,0.1625883780953998,0.058467741935483875,0.19791485527046643,0.011759360718390037,44.0
10256,53,26.2,15.0,0.0,393.0,-0.046261157857379276,0.01872340425531915,-0.3453519563924184,0.028225806451612906,-0.11068288026235527,0.003501082395702488,26.2
10256,77,10.4,12.0,0.0,124.80000000000001,-0.3323154889493076,0.006499032882011606,-0.44694002328998206,0.02217741935483871,-0.199966496950492,0.001111794104284149,10.4
10257,27,35.1,25.0,0.0,877.5,0.11487071218807407,0.02560928433268859,-0.006725066733872924,0.04838709677419355,0.05060687471677322,0.007817302295747921,35.1
10257,39,14.4,6.0,0.0,86.4,-0.25989667095135105,0.009593810444874274,-0.6501161570851093,0.010080645161290322,-0.21274983356803287,0.000769703610658257,14.4
10257,77,10.4,15.0,0.0,156.0,-0.3323154889493076,0.006499032882011606,-0.3453519563924184,0.028225806451612906,-0.1895800359487401,0.001389742630355186,10.4
10258,2,15.2,50.0,0.2,608.0,-0.24541290735175975,0.010212765957446808,0.8398421574124908,0.09879032258064516,-0.03910951117976987,0.005416432815743289,15.2
10258,5,17.0,65.0,0.2,884.0,-0.2128244392526793,0.011605415860735008,1.347782491900309,0.12903225806451613,0.052770720758804866,0.007875208238679389,17.0
10258,32,25.6,6.0,0.2,122.88000000000002,-0.05712398055707271,0.018259187620889752,-0.6501161570851093,0.010080645161290322,-0.20060566378136907,0.0010946895796028545,25.6
10259,21,8.0,10.0,0.0,80.0,-0.37576677974808154,0.0046421663442940036,-0.5146654012216911,0.01814516129032258,-0.21488038967095632,0.0007126885283872749,8.0
10259,37,20.8,1.0,0.0,20.8,-0.14402656215462056,0.014545454545454547,-0.8194296019143821,0.0,-0.23458803362299846,0.0001852990173806915,20.8
10260,41,7.7,16.0,0.25,92.4,-0.38119819109792824,0.004410058027079304,-0.31148926742656385,0.03024193548387097,-0.2107524372215421,0.0008231552502873026,7.7
10260,57,15.6,50.0,0.0,780.0,-0.2381710255519641,0.010522243713733075,0.8398421574124908,0.09879032258064516,0.018149184086298446,0.00694871315177593,15.6
10260,62,39.4,15.0,0.25,443.25,0.1927209415358773,0.02893617021276596,-0.3453519563924184,0.028225806451612906,-0.0939546858604952,0.003948739877595745,39.4
10260,70,12.0,21.0,0.25,189.0,-0.30334796175012496,0.007736943907156672,-0.1421758225972911,0.04032258064516129,-0.17859435604304094,0.001683726648314937,12.0
10261,21,8.0,20.0,0.0,160.0,-0.37576677974808154,0.0046421663442940036,-0.17603851156314565,0.038306451612903226,-0.18824843838441294,0.0014253770567745497,8.0
10261,35,14.4,20.0,0.0,288.0,-0.25989667095135105,0.009593810444874274,-0.17603851156314565,0.038306451612903226,-0.14563731632594348,0.0025656787021941896,14.4
10262,5,17.0,12.0,0.2,163.20000000000002,-0.2128244392526793,0.011605415860735008,-0.44694002328998206,0.02217741935483871,-0.18718316033295118,0.001453884597910041,17.0
10262,7,24.0,15.0,0.0,360.0,-0.08609150775625536,0.01702127659574468,-0.3453519563924184,0.028225806451612906,-0.12166856016805443,0.003207098377742737,24.0
10262,56,30.4,2.0,0.0,60.8,0.02977860104047508,0.021972920696324953,-0.7855669129485275,0.0020161290322580645,-0.22127205797972677,0.0005416432815743289,30.4
10263,16,13.9,60.0,0.25,625.5,-0.2689490232010956,0.00920696324951644,1.1784690470710362,0.11895161290322581,-0.033283771835838506,0.005572333431328006,13.9
10263,24,3.6,28.0,0.0,100.8,-0.4554274795458337,0.0012379110251450676,0.09486300016369072,0.05443548387096774,-0.20795608233645507,0.0008979875457679663,3.6
10263,30,20.7,60.0,0.25,931.5,-0.1458370326045695,0.01446808510638298,1.1784690470710362,0.11895161290322581,0.06858344183519001,0.008298367052409333,20.7
10263,74,8.0,36.0,0.25,216.0,-0.37576677974808154,0.0046421663442940036,0.3657645118905271,0.07056451612903225,-0.16960607248383255,0.0019242590266456423,8.0
10264,2,15.2,35.0,0.0,532.0,-0.24541290735175975,0.010212765957446808,0.3319018229246726,0.06854838709677419,-0.06440986490198611,0.004739378713775378,15.2
10264,41,7.7,25.0,0.15,163.625,-0.38119819109792824,0.004410058027079304,-0.006725066733872924,0.04838709677419355,-0.18704167809174144,0.0014576707557170982,7.7
10265,17,31.2,30.0,0.0,936.0,0.0442623646400664,0.022591876208897486,0.1625883780953998,0.058467741935483875,0.07008148909505808,0.008338455782131117,31.2
10265,70,12.0,20.0,0.0,240.0,-0.30334796175012496,0.007736943907156672,-0.17603851156314565,0.038306451612903226,-0.16161648709786952,0.0021380655851618246,12.0
10266,12,30.4,12.0,0.05,346.55999999999995,0.02977860104047508,0.021972920696324953,-0.44694002328998206,0.02217741935483871,-0.12614272798419374,0.0030873667049736743,30.4
10267,40,14.7,50.0,0.0,735.0,-0.25446525960150435,0.009825918762088975,0.8398421574124908,0.09879032258064516,0.00316871148761778,0.0065478258545580885,14.7
10267,59,44.0,70.0,0.15,2618.0,0.27600258223352736,0.03249516441005803,1.5170959367295818,0.13911290322580644,0.6300182648946331,0.02332273209147357,44.0
10267,76,14.4,15.0,0.15,183.6,-0.25989667095135105,0.009593810444874274,-0.3453519563924184,0.028225806451612906,-0.18039201275488262,0.0016356201726487958,14.4
10268,29,99.0,10.0,0.0,990.0,1.2717613297054295,0.07504835589941973,-0.5146654012216911,0.01814516129032258,0.08805805621347487,0.008819520538792527,99.0
10268,72,27.8,4.0,0.0,111.2,-0.017293630658196633,0.019961315280464218,-0.7178415350168185,0.006048387096774193,-0.2044939286692044,0.0009906370544583121,27.8
10269,33,2.0,60.0,0.05,114.0,-0.48439500674501634,0.0,1.1784690470710362,0.11895161290322581,-0.2035618103741754,0.0010155811529518667,2.5
10269,72,27.8,20.0,0.05,528.1999999999999,-0.017293630658196633,0.019961315280464218,-0.17603851156314565,0.038306451612903226,-0.06567488258809694,0.004705526008676982,27.8
10270,36,15.2,30.0,0.0,456.0,-0.24541290735175975,0.010212765957446808,0.1625883780953998,0.058467741935483875,-0.08971021862420234,0.004062324611807467,15.2
10270,43,36.8,25.0,0.0,919.9999999999999,0.14564870983720551,0.02692456479690522,-0.006725066733872924,0.04838709677419355,0.06475509883774937,0.008195918076453661,36.8
10271,33,2.0,24.0,0.0,48.0,-0.48439500674501634,0.0,-0.040587755699727474,0.046370967741935484,-0.2255331701855737,0.00042761311703236495,2.5
10272,20,64.8,6.0,0.0,388.79999999999995,0.6525804358229013,0.048588007736943904,-0.6501161570851093,0.010080645161290322,-0.11208105770489882,0.003463666247962156,64.8
10272,31,10.0,40.0,0.0,400.0,-0.33955737074910325,0.006189555125725338,0.5012152677539453,0.07862903225806452,-0.10835258452478272,0.0035634426419363747,10.0
10272,72,27.8,24.0,0.0,667.2,-0.017293630658196633,0.019961315280464218,-0.040587755699727474,0.046370967741935484,-0.01940186722772774,0.005943822326749873,27.8
10273,10,24.8,24.0,0.05,565.44,-0.07160774415666403,0.017640232108317215,-0.040587755699727474,0.046370967741935484,-0.053277709264210944,0.00503728251864126,24.8
10273,31,10.0,15.0,0.05,142.5,-0.33955737074910325,0.006189555125725338,-0.3453519563924184,0.028225806451612906,-0.19407417772834432,0.0012694764411898334,10.0
10273,33,2.0,20.0,0.0,40.0,-0.48439500674501634,0.0,-0.17603851156314565,0.038306451612903226,-0.22819636531422804,0.00035634426419363743,2.5
10273,40,14.7,60.0,0.05,837.9,-0.25446525960150435,0.009825918762088975,1.1784690470710362,0.11895161290322581,0.03742405882993423,0.0074645214741962205,14.7
10273,76,14.4,33.0,0.05,451.43999999999994,-0.25989667095135105,0.009593810444874274,0.26417644499296344,0.06451612903225806,-0.09122823984753534,0.004021701365689392,14.4
10274,71,17.2,20.0,0.0,344.0,-0.2092034983527815,0.011760154738878143,-0.17603851156314565,0.038306451612903226,-0.1269949504253631,0.003064560672065282,17.2
10274,72,27.8,7.0,0.0,194.6,-0.017293630658196633,0.019961315280464218,-0.6162534681192547,0.012096774193548387,-0.1767301194529829,0.001733614845302046,27.8
10275,24,3.6,12.0,0.05,41.04,-0.4554274795458337,0.0012379110251450676,-0.44694002328998206,0.02217741935483871,-0.227850149947503,0.000365609215062672,3.6
10275,59,44.0,6.0,0.05,250.79999999999998,0.27600258223352736,0.03249516441005803,-0.6501161570851093,0.010080645161290322,-0.1580211736741862,0.0022342785364941067,44.0
10276,10,24.8,15.0,0.0,372.0,-0.07160774415666403,0.017640232108317215,-0.3453519563924184,0.028225806451612906,-0.11767376747507291,0.0033140016570008283,24.8
10276,13,4.8,497.0,0.0,2385.6,-0.43370183414644675,0.002166344294003868,15.976464125149473,0.9999999999999999,0.5526524464072244,0.02125237191650854,4.8
10277,28,36.4,20.0,0.0,728.0,0.1384068280374099,0.026615087040618955,-0.17603851156314565,0.038306451612903226,0.0008384157500452323,0.006485465608324202,36.4
10277,62,39.4,12.0,0.0,472.79999999999995,0.1927209415358773,0.02893617021276596,-0.44694002328998206,0.02217741935483871,-0.08411750885402824,0.004211989202768794,39.4
10278,44,15.5,16.0,0.0,248.0,-0.23998149600191301,0.010444874274661509,-0.31148926742656385,0.03024193548387097,-0.15895329196921518,0.0022093344380005524,15.5
10278,59,44.0,15.0,0.0,660.0,0.27600258223352736,0.03249516441005803,-0.3453519563924184,0.028225806451612906,-0.021798742843516662,0.005879680359195018,44.0
10278,63,35.1,8.0,0.0,280.8,0.11487071218807407,0.02560928433268859,-0.5823907791534002,0.014112903225806451,-0.1480341919417324,0.002501536734639335,35.1
10278,73,12.0,25.0,0.0,300.0,-0.30334796175012496,0.007736943907156672,-0.006725066733872924,0.04838709677419355,-0.14164252363296198,0.002672581981452281,12.0
10279,17,31.2,15.0,0.25,351.0,0.0442623646400664,0.022591876208897486,-0.3453519563924184,0.028225806451612906,-0.12466465468779056,0.0031269209182991685,31.2
10280,24,3.6,12.0,0.0,43.2,-0.4554274795458337,0.0012379110251450676,-0.44694002328998206,0.02217741935483871,-0.2271310872627663,0.0003848518053291285,3.6
10280,55,19.2,20.0,0.0,384.0,-0.17299408935380323,0.013307543520309476,-0.17603851156314565,0.038306451612903226,-0.11367897478209141,0.0034209049362589196,19.2
10280,75,6.2,30.0,0.0,186.0,-0.408355247847162,0.0032495164410058022,0.1625883780953998,0.058467741935483875,-0.17959305421628632,0.0016570008285004142,6.2
10281,19,7.3,1.0,0.0,7.3,-0.3884400728977239,0.004100580270793036,-0.8194296019143821,0.0,-0.23908217540260268,6.503282821533884e-05,7.3
10281,35,14.4,4.0,0.0,57.6,-0.25989667095135105,0.009593810444874274,-0.7178415350168185,0.006048387096774193,-0.2223373360311885,0.0005131357404388379,14.4
10282,30,20.7,6.0,0.0,124.19999999999999,-0.1458370326045695,0.01446808510638298,-0.6501161570851093,0.010080645161290322,-0.20016623658514113,0.0011064489403212442,20.7
10282,57,15.6,2.0,0.0,31.2,-0.2381710255519641,0.010522243713733075,-0.7855669129485275,0.0020161290322580645,-0.2311258799557478,0.0002779485260710372,15.6
10283,15,12.4,20.0,0.0,248.0,-0.29610607995032934,0.00804642166344294,-0.17603851156314565,0.038306451612903226,-0.15895329196921518,0.0022093344380005524,12.4
10283,19,7.3,18.0,0.0,131.4,-0.3884400728977239,0.004100580270793036,-0.24376388949485475,0.034274193548387094,-0.19776936096935221,0.0011705909078760992,7.3
10283,60,27.2,35.0,0.0,952.0,-0.02815645335789014,0.019497098646034817,0.3319018229246726,0.06854838709677419,0.07540787935236676,0.008480993487808572,27.2
10283,72,27.8,3.0,0.0,83.4,-0.017293630658196633,0.019961315280464218,-0.751704223982673,0.004032258064516129,-0.21374853174127825,0.0007429777908437342,27.8
10284,27,35.1,15.0,0.25,394.875,0.11487071218807407,0.02560928433268859,-0.3453519563924184,0.028225806451612906,-0.11005869390407691,0.003517786033086565,35.1
10284,44,15.5,21.0,0.0,325.5,-0.23998149600191301,0.010444874274661509,-0.1421758225972911,0.04032258064516129,-0.13315358916037626,0.0028997514498757247,15.5
10284,60,27.2,20.0,0.25,408.0,-0.02815645335789014,0.019497098646034817,-0.17603851156314565,0.038306451612903226,-0.10568938939612839,0.003634711494775102,27.2
10284,67,11.2,5.0,0.25,42.0,-0.3178317253497163,0.007117988394584138,-0.6839788460509638,0.008064516129032258,-0.22753056653206447,0.0003741614774033193,11.2
10285,1,14.4,45.0,0.2,518.4,-0.25989667095135105,0.009593810444874274,0.670528712583218,0.08870967741935484,-0.06893729662069849,0.004618221663949541,14.4
10285,40,14.7,40.0,0.2,470.40000000000003,-0.25446525960150435,0.009825918762088975,0.5012152677539453,0.07862903225806452,-0.08491646739262451,0.004190608546917177,14.7
10285,53,26.2,36.0,0.2,754.56,-0.046261157857379276,0.01872340425531915,0.3657645118905271,0.07056451612903225,0.009680223577177623,0.006722078199748777,26.2
10286,35,14.4,100.0,0.0,1440.0,-0.25989667095135105,0.009593810444874274,2.532976605705218,0.19959677419354838,0.23786278220028154,0.012828393510970948,14.4
10286,62,39.4,40.0,0.0,1576.0,0.1927209415358773,0.02893617021276596,0.5012152677539453,0.07862903225806452,0.28313709938740533,0.014039964009229315,39.4
10287,16,13.9,40.0,0.15,472.59999999999997,-0.2689490232010956,0.00920696324951644,0.5012152677539453,0.07862903225806452,-0.08418408873224459,0.004210207481447827,13.9
10287,34,11.2,20.0,0.0,224.0,-0.3178317253497163,0.007117988394584138,-0.17603851156314565,0.038306451612903226,-0.1669428773551782,0.00199552787948437,11.2
10287,46,9.6,15.0,0.15,122.39999999999999,-0.3467992525488989,0.0058800773694390705,-0.3453519563924184,0.028225806451612906,-0.20076545548908833,0.0010904134484325306,9.6
10288,54,5.9,10.0,0.1,53.1,-0.41378665919700874,0.0030174081237911024,-0.5146654012216911,0.01814516129032258,-0.22383538329105654,0.00047304701071705375,5.9
10288,68,10.0,3.0,0.1,27.0,-0.33955737074910325,0.006189555125725338,-0.751704223982673,0.004032258064516129,-0.23252405739829135,0.00024053237833070529,10.0
10289,3,8.0,20.0,0.0,160.0,-0.37576677974808154,0.0046421663442940036,-0.17603851156314565,0.038306451612903226,-0.18824843838441294,0.0014253770567745497,8.0
10289,64,26.6,9.0,0.0,239.4,-0.03901927605758358,0.01903288201160542,-0.5485280901875457,0.016129032258064516,-0.1618162267325186,0.00213272042119892,26.6
10290,5,17.0,20.0,0.0,340.0,-0.2128244392526793,0.011605415860735008,-0.17603851156314565,0.038306451612903226,-0.1283265479896903,0.0030289262456459185,17.0
10290,29,99.0,15.0,0.0,1485.0,1.2717613297054295,0.07504835589941973,-0.3453519563924184,0.028225806451612906,0.2528432547989622,0.01322928080818879,99.0
10290,49,16.0,15.0,0.0,240.0,-0.23092914375216844,0.010831721470019342,-0.3453519563924184,0.028225806451612906,-0.16161648709786952,0.0021380655851618246,16.0
10290,77,10.4,10.0,0.0,104.0,-0.3323154889493076,0.006499032882011606,-0.5146654012216911,0.01814516129032258,-0.20689080428499332,0.0009264950869034574,10.4
10291,13,4.8,20.0,0.1,86.4,-0.43370183414644675,0.002166344294003868,-0.17603851156314565,0.038306451612903226,-0.21274983356803287,0.000769703610658257,4.8
10291,44,15.5,24.0,0.1,334.8,-0.23998149600191301,0.010444874274661509,-0.040587755699727474,0.046370967741935484,-0.1300576248233156,0.0029826014913007454,15.5
10291,51,42.4,2.0,0.1,76.32,0.2470350550343447,0.03125725338491296,-0.7855669129485275,0.0020161290322580645,-0.21610545943013731,0.0006799048560814602,42.4
10292,20,64.8,20.0,0.0,1296.0,0.6525804358229013,0.048588007736943904,-0.17603851156314565,0.038306451612903226,0.1899252698845034,0.011545554159873853,64.8
10293,18,50.0,12.0,0.0,600.0,0.38463080923046217,0.03713733075435203,-0.44694002328998206,0.02217741935483871,-0.041772706308424216,0.005345163962904562,50.0
10293,24,3.6,10.0,0.0,36.0,-0.4554274795458337,0.0012379110251450676,-0.5146654012216911,0.01814516129032258,-0.2295279628785552,0.0003207098377742737,3.6
10293,63,35.1,5.0,0.0,175.5,0.11487071218807407,0.02560928433268859,-0.6839788460509638,0.008064516129032258,-0.18308849782264514,0.0015634604591495843,35.1
10293,75,6.2,6.0,0.0,37.2,-0.408355247847162,0.0032495164410058022,-0.6501161570851093,0.010080645161290322,-0.22912848360925706,0.00033140016570008286,6.2
10294,1,230.4,18.0,0.0,4147.2,3.650719500938302,0.1767117988394584,-0.24376388949485475,0.034274193548387094,1.1390880137369102,0.036945773311596326,230.4
10294,17,31.2,15.0,0.0,468.0,0.0442623646400664,0.022591876208897486,-0.3453519563924184,0.028225806451612906,-0.08571542593122083,0.004169227891065558,31.2
10294,43,36.8,15.0,0.0,552.0,0.14564870983720551,0.02692456479690522,-0.3453519563924184,0.028225806451612906,-0.057751877080350254,0.004917550845872197,36.8
10294,60,27.2,21.0,0.0,571.1999999999999,-0.02815645335789014,0.019497098646034817,-0.1421758225972911,0.04032258064516129,-0.05136020877157986,0.0050885960926851425,27.2
10295,56,30.4,4.0,0.0,121.6,0.02977860104047508,0.021972920696324953,-0.7178415350168185,0.006048387096774193,-0.20103177500195377,0.0010832865631486578,30.4
10296,11,16.8,12.0,0.0,201.60000000000002,-0.2164453801525771,0.011450676982591876,-0.44694002328998206,0.02217741935483871,-0.17439982371541035,0.001795975091535933,16.8
10296,16,13.9,30.0,0.0,417.0,-0.2689490232010956,0.00920696324951644,0.1625883780953998,0.058467741935483875,-0.10269329487639225,0.0037148889542186706,13.9
10296,69,28.8,15.0,0.0,432.0,0.0008110738412925027,0.020735009671179885,-0.3453519563924184,0.028225806451612906,-0.09769980401016536,0.0038485180532912846,28.8
10297,39,14.4,60.0,0.0,864.0,-0.25989667095135105,0.009593810444874274,1.1784690470710362,0.11895161290322581,0.04611273293716902,0.007697036106582569,14.4
10297,72,27.8,20.0,0.0,556.0,-0.017293630658196633,0.019961315280464218,-0.17603851156314565,0.038306451612903226,-0.05642027951602308,0.0049531852722915605,27.8
10298,2,15.2,40.0,0.0,608.0,-0.24541290735175975,0.010212765957446808,0.5012152677539453,0.07862903225806452,-0.03910951117976987,0.005416432815743289,15.2
10298,36,15.2,40.0,0.25,456.0,-0.24541290735175975,0.010212765957446808,0.5012152677539453,0.07862903225806452,-0.08971021862420234,0.004062324611807467,15.2
10298,59,44.0,30.0,0.25,990.0,0.27600258223352736,0.03249516441005803,0.1625883780953998,0.058467741935483875,0.08805805621347487,0.008819520538792527,44.0
10298,62,39.4,15.0,0.0,591.0,0.1927209415358773,0.02893617021276596,-0.3453519563924184,0.028225806451612906,-0.04476880082816034,0.0052649865034609935,39.4
10299,19,7.3,15.0,0.0,109.5,-0.3884400728977239,0.004100580270793036,-0.3453519563924184,0.028225806451612906,-0.20505985763404347,0.0009754924232300825,7.3
10299,70,12.0,20.0,0.0,240.0,-0.30334796175012496,0.007736943907156672,-0.17603851156314565,0.038306451612903226,-0.16161648709786952,0.0021380655851618246,12.0
10300,66,13.6,30.0,0.0,408.0,-0.27438043455094235,0.00897485493230174,0.1625883780953998,0.058467741935483875,-0.10568938939612839,0.003634711494775102,13.6
10300,68,10.0,20.0,0.0,200.0,-0.33955737074910325,0.006189555125725338,-0.17603851156314565,0.038306451612903226,-0.17493246274114124,0.0017817213209681874,10.0
10301,40,14.7,10.0,0.0,147.0,-0.25446525960150435,0.009825918762088975,-0.5146654012216911,0.01814516129032258,-0.19257613046847624,0.0013095651709116177,14.7
10301,56,30.4,20.0,0.0,608.0,0.02977860104047508,0.021972920696324953,-0.17603851156314565,0.038306451612903226,-0.03910951117976987,0.005416432815743289,30.4
10302,17,31.2,40.0,0.0,1248.0,0.0442623646400664,0.022591876208897486,0.5012152677539453,0.07862903225806452,0.17394609911257736,0.011117941042841488,31.2
10302,28,36.4,28.0,0.0,1019.1999999999999,0.1384068280374099,0.026615087040618955,0.09486300016369072,0.05443548387096774,0.0977787184330632,0.009079651851653882,36.4
10302,43,36.8,12.0,0.0,441.59999999999997,0.14564870983720551,0.02692456479690522,-0.44694002328998206,0.02217741935483871,-0.09450396985578016,0.0039340406766977575,36.8
10303,40,14.7,40.0,0.1,529.2,-0.25446525960150435,0.009825918762088975,0.5012152677539453,0.07862903225806452,-0.0653419831970151,0.004714434615281824,14.7
10303,65,16.8,30.0,0.1,453.6,-0.2164453801525771,0.011450676982591876,0.1625883780953998,0.058467741935483875,-0.09050917716279863,0.004040943955955849,16.8
10303,68,10.0,15.0,0.1,135.0,-0.33955737074910325,0.006189555125725338,-0.3453519563924184,0.028225806451612906,-0.19657092316145774,0.0012026618916535265,10.0
10304,49,16.0,30.0,0.0,480.0,-0.23092914375216844,0.010831721470019342,0.1625883780953998,0.058467741935483875,-0.08172063323823932,0.004276131170323649,16.0
10304,59,44.0,10.0,0.0,440.0,0.27600258223352736,0.03249516441005803,-0.5146654012216911,0.01814516129032258,-0.09503660888151103,0.003919786906130012,44.0
10304,71,17.2,2.0,0.0,34.4,-0.2092034983527815,0.011760154738878143,-0.7855669129485275,0.0020161290322580645,-0.2300606019042861,0.0003064560672065282,17.2
10305,18,50.0,25.0,0.1,1125.0,0.38463080923046217,0.03713733075435203,-0.006725066733872924,0.04838709677419355,0.13299947400951687,0.010022182430446053,50.0
10305,29,99.0,25.0,0.1,2227.5,1.2717613297054295,0.07504835589941973,-0.006725066733872924,0.04838709677419355,0.5000210526771931,0.019843921212283185,99.0
10305,39,14.4,30.0,0.1,388.8,-0.25989667095135105,0.009593810444874274,0.1625883780953998,0.058467741935483875,-0.11208105770489879,0.0034636662479621562,14.4
10306,30,20.7,10.0,0.0,207.0,-0.1458370326045695,0.01446808510638298,-0.5146654012216911,0.01814516129032258,-0.17260216700356867,0.0018440815672020737,20.7
10306,53,26.2,10.0,0.0,262.0,-0.046261157857379276,0.01872340425531915,-0.5146654012216911,0.01814516129032258,-0.1542927004940701,0.002334054930468325,26.2
10306,54,5.9,5.0,0.0,29.5,-0.41378665919700874,0.0030174081237911024,-0.6839788460509638,0.008064516129032258,-0.23169180892058686,0.00026280389484280764,5.9
10307,62,39.4,10.0,0.0,394.0,0.1927209415358773,0.02893617021276596,-0.5146654012216911,0.01814516129032258,-0.11034998087127348,0.003509991002307329,39.4
10307,68,10.0,3.0,0.0,30.0,-0.33955737074910325,0.006189555125725338,-0.751704223982673,0.004032258064516129,-0.23152535922504597,0.00026725819814522807,10.0
10308,69,28.8,1.0,0.0,28.8,0.0008110738412925027,0.020735009671179885,-0.8194296019143821,0.0,-0.23192483849434414,0.00025656787021941896,28.8
10308,70,12.0,5.0,0.0,60.0,-0.30334796175012496,0.007736943907156672,-0.6839788460509638,0.008064516129032258,-0.2215383774925922,0.0005345163962904561,12.0
10309,4,17.6,20.0,0.0,352.0,-0.2019616165529858,0.012069632495164411,-0.17603851156314565,0.038306451612903226,-0.12433175529670877,0.0031358295249040097,17.6
10309,42,11.2,2.0,0.0,22.4,-0.3178317253497163,0.007117988394584138,-0.7855669129485275,0.0020161290322580645,-0.2340553945972676,0.00019955278794843697,11.2
10309,43,36.8,20.0,0.0,736.0,0.14564870983720551,0.02692456479690522,-0.17603851156314565,0.038306451612903226,0.003501610878699573,0.006556734461162929,36.8
10309,71,17.2,3.0,0.0,51.599999999999994,-0.2092034983527815,0.011760154738878143,-0.751704223982673,0.004032258064516129,-0.22433473237767923,0.0004596841008097923,17.2
10310,16,13.9,10.0,0.0,139.0,-0.2689490232010956,0.00920696324951644,-0.5146654012216911,0.01814516129032258,-0.1952393255971306,0.0012382963180728901,13.9
10310,62,39.4,5.0,0.0,197.0,0.1927209415358773,0.02893617021276596,-0.6839788460509638,0.008064516129032258,-0.1759311609143866,0.0017549955011536644,39.4
10311,42,11.2,6.0,0.0,67.19999999999999,-0.3178317253497163,0.007117988394584138,-0.6501161570851093,0.010080645161290322,-0.2191415018768033,0.0005986583638453108,11.2
10311,69,28.8,7.0,0.0,201.6,0.0008110738412925027,0.020735009671179885,-0.6162534681192547,0.012096774193548387,-0.17439982371541035,0.0017959750915359327,28.8
10312,28,36.4,4.0,0.0,145.6,0.1384068280374099,0.026615087040618955,-0.7178415350168185,0.006048387096774193,-0.19304218961599073,0.0012970931216648403,36.4
10312,43,36.8,24.0,0.0,883.1999999999999,0.14564870983720551,0.02692456479690522,-0.040587755699727474,0.046370967741935484,0.052504401245939414,0.007868081353395515,36.8
10312,53,26.2,20.0,0.0,524.0,-0.046261157857379276,0.01872340425531915,-0.17603851156314565,0.038306451612903226,-0.06707306003064045,0.00466810986093665,26.2
10312,75,6.2,10.0,0.0,62.0,-0.408355247847162,0.0032495164410058022,-0.5146654012216911,0.01814516129032258,-0.2208725787104286,0.0005523336095001381,6.2
10313,36,15.2,12.0,0.0,182.39999999999998,-0.24541290735175975,0.010212765957446808,-0.44694002328998206,0.02217741935483871,-0.1807914920241808,0.0016249298447229867,15.2
10314,32,25.6,40.0,0.1,921.6,-0.05712398055707271,0.018259187620889752,0.5012152677539453,0.07862903225806452,0.06528773786348027,0.008210171847021407,25.6
10314,58,10.6,30.0,0.1,286.2,-0.32869454804940973,0.006653771760154739,0.1625883780953998,0.058467741935483875,-0.14623653522989072,0.002549643210305476,10.6
10314,62,39.4,25.0,0.1,886.5,0.1927209415358773,0.02893617021276596,-0.006725066733872924,0.04838709677419355,0.053602969236509354,0.00789747975519149,39.4
10315,34,11.2,14.0,0.0,156.79999999999998,-0.3178317253497163,0.007117988394584138,-0.37921464535827293,0.026209677419354836,-0.1893137164358747,0.0013968695156390586,11.2
10315,200,12.0,30.0,0.0,360.0,-0.30334796175012496,0.007736943907156672,0.1625883780953998,0.058467741935483875,-0.12166856016805443,0.003207098377742737,12.0
10316,41,7.7,10.0,0.0,77.0,-0.38119819109792824,0.004410058027079304,-0.5146654012216911,0.01814516129032258,-0.2158790878442017,0.0006859627085727522,7.7
10316,62,39.4,70.0,0.0,2758.0,0.1927209415358773,0.02893617021276596,1.5170959367295818,0.13911290322580644,0.676624179646084,0.024569937016151303,39.4
10317,1,14.4,20.0,0.0,288.0,-0.25989667095135105,0.009593810444874274,-0.17603851156314565,0.038306451612903226,-0.14563731632594348,0.0025656787021941896,14.4
10318,41,7.7,20.0,0.0,154.0,-0.38119819109792824,0.004410058027079304,-0.17603851156314565,0.038306451612903226,-0.1902458347309037,0.0013719254171455043,7.7
10318,76,14.4,6.0,0.0,86.4,-0.25989667095135105,0.009593810444874274,-0.6501161570851093,0.010080645161290322,-0.21274983356803287,0.000769703610658257,14.4
10319,17,31.2,8.0,0.0,249.6,0.0442623646400664,0.022591876208897486,-0.5823907791534002,0.014112903225806451,-0.1584206529434843,0.0022235882085682975,31.2
10319,28,36.4,14.0,0.0,509.59999999999997,0.1384068280374099,0.026615087040618955,-0.37921464535827293,0.026209677419354836,-0.07186681126221828,0.004539825925826941,36.4
10319,76,14.4,30.0,0.0,432.0,-0.25989667095135105,0.009593810444874274,0.1625883780953998,0.058467741935483875,-0.09769980401016536,0.0038485180532912846,14.4
10320,71,17.2,30.0,0.0,516.0,-0.2092034983527815,0.011760154738878143,0.1625883780953998,0.058467741935483875,-0.06973625515929478,0.004596841008097923,17.2
10321,35,14.4,10.0,0.0,144.0,-0.25989667095135105,0.009593810444874274,-0.5146654012216911,0.01814516129032258,-0.19357482864172162,0.0012828393510970948,14.4
10322,52,5.6,20.0,0.0,112.0,-0.4192180705468554,0.002785299806576402,-0.17603851156314565,0.038306451612903226,-0.20422760915633897,0.000997763939742185,5.6
10323,15,12.4,5.0,0.0,62.0,-0.29610607995032934,0.00804642166344294,-0.6839788460509638,0.008064516129032258,-0.2208725787104286,0.0005523336095001381,12.4
10323,25,11.2,4.0,0.0,44.8,-0.3178317253497163,0.007117988394584138,-0.7178415350168185,0.006048387096774193,-0.22659844823703545,0.00039910557589687394,11.2
10323,39,14.4,4.0,0.0,57.6,-0.25989667095135105,0.009593810444874274,-0.7178415350168185,0.006048387096774193,-0.2223373360311885,0.0005131357404388379,14.4
10324,16,13.9,21.0,0.15,248.115,-0.2689490232010956,0.00920696324951644,-0.1421758225972911,0.04032258064516129,-0.1589150085392408,0.002210358927760109,13.9
10324,35,14.4,70.0,0.15,856.8,-0.25989667095135105,0.009593810444874274,1.5170959367295818,0.13911290322580644,0.0437158573213801,0.007632894139027714,14.4
10324,46,9.6,30.0,0.0,288.0,-0.3467992525488989,0.0058800773694390705,0.1625883780953998,0.058467741935483875,-0.14563731632594348,0.0025656787021941896,9.6
10324,59,44.0,40.0,0.15,1496.0,0.27600258223352736,0.03249516441005803,0.5012152677539453,0.07862903225806452,0.2565051481008619,0.013327275480842041,44.0
10324,63,35.1,80.0,0.15,2386.7999999999997,0.11487071218807407,0.02560928433268859,1.8557228263881271,0.1592741935483871,0.5530519256765226,0.021263062244434344,35.1
10325,6,20.0,6.0,0.0,120.0,-0.1585103257542119,0.013926499032882012,-0.6501161570851093,0.010080645161290322,-0.20156441402768463,0.0010690327925809123,20.0
10325,13,4.8,12.0,0.0,57.599999999999994,-0.43370183414644675,0.002166344294003868,-0.44694002328998206,0.02217741935483871,-0.2223373360311885,0.0005131357404388379,4.8
10325,14,18.6,9.0,0.0,167.4,-0.18385691205349666,0.012843326885880078,-0.5485280901875457,0.016129032258064516,-0.18578498289040768,0.0014913007456503727,18.6
10325,31,10.0,4.0,0.0,40.0,-0.33955737074910325,0.006189555125725338,-0.7178415350168185,0.006048387096774193,-0.22819636531422804,0.00035634426419363743,10.0
10325,72,27.8,40.0,0.0,1112.0,-0.017293630658196633,0.019961315280464218,0.5012152677539453,0.07862903225806452,0.12867178192545356,0.009906370544583121,27.8
10326,4,17.6,24.0,0.0,422.40000000000003,-0.2019616165529858,0.012069632495164411,-0.040587755699727474,0.046370967741935484,-0.10089563816455056,0.0037629954298848117,17.6
10326,57,15.6,16.0,0.0,249.6,-0.2381710255519641,0.010522243713733075,-0.31148926742656385,0.03024193548387097,-0.1584206529434843,0.0022235882085682975,15.6
10326,75,6.2,50.0,0.0,310.0,-0.408355247847162,0.0032495164410058022,0.8398421574124908,0.09879032258064516,-0.13831352972214406,0.00276166804750069,6.2
10327,2,15.2,25.0,0.2,304.0,-0.24541290735175975,0.010212765957446808,-0.006725066733872924,0.04838709677419355,-0.1403109260686348,0.0027082164078716447,15.2
10327,11,16.8,50.0,0.2,672.0,-0.2164453801525771,0.011450676982591876,0.8398421574124908,0.09879032258064516,-0.01780395015053515,0.005986583638453109,16.8
10327,30,20.7,35.0,0.2,579.6,-0.1458370326045695,0.01446808510638298,0.3319018229246726,0.06854838709677419,-0.04856385388649277,0.005163428388165807,20.7
10327,58,10.6,30.0,0.2,254.4,-0.32869454804940973,0.006653771760154739,0.1625883780953998,0.058467741935483875,-0.15682273586629172,0.002266349520271534,10.6
10328,59,44.0,9.0,0.0,396.0,0.27600258223352736,0.03249516441005803,-0.5485280901875457,0.016129032258064516,-0.10968418208910989,0.003527808215517011,44.0
10328,65,16.8,40.0,0.0,672.0,-0.2164453801525771,0.011450676982591876,0.5012152677539453,0.07862903225806452,-0.01780395015053515,0.005986583638453109,16.8
10328,68,10.0,10.0,0.0,100.0,-0.33955737074910325,0.006189555125725338,-0.5146654012216911,0.01814516129032258,-0.20822240184932048,0.0008908606604840937,10.0
10329,19,7.3,10.0,0.05,69.35,-0.3884400728977239,0.004100580270793036,-0.5146654012216911,0.01814516129032258,-0.21842576818597742,0.0006178118680457189,7.3
10329,30,20.7,8.0,0.05,157.32,-0.1458370326045695,0.01446808510638298,-0.5823907791534002,0.014112903225806451,-0.18914060875251212,0.001401501991073576,20.7
10329,38,210.8,20.0,0.05,4005.2,3.2958672927483152,0.16154738878143132,-0.17603851156314565,0.038306451612903226,1.0918163002032957,0.03568075117370892,210.8
10329,56,30.4,12.0,0.05,346.55999999999995,0.02977860104047508,0.021972920696324953,-0.44694002328998206,0.02217741935483871,-0.12614272798419374,0.0030873667049736743,30.4
10330,26,24.9,50.0,0.15,1058.25,-0.06979727370671517,0.017717601547388783,0.8398421574124908,0.09879032258064516,0.11077843965480721,0.00942753293957292,24.9
10331,54,5.9,15.0,0.0,88.5,-0.41378665919700874,0.0030174081237911024,-0.3453519563924184,0.028225806451612906,-0.2120507448467611,0.0007884116845284229,5.9
10332,18,50.0,40.0,0.2,1600.0,0.38463080923046217,0.03713733075435203,0.5012152677539453,0.07862903225806452,0.29112668477336834,0.014253770567745499,50.0
10332,42,11.2,10.0,0.2,89.60000000000001,-0.3178317253497163,0.007117988394584138,-0.5146654012216911,0.01814516129032258,-0.21168455551657112,0.000798211151793748,11.2
10332,47,7.6,16.0,0.2,97.28,-0.38300866154787716,0.004332688588007737,-0.31148926742656385,0.03024193548387097,-0.20912788819306297,0.0008666292505189263,7.6
10333,14,18.6,10.0,0.0,186.0,-0.18385691205349666,0.012843326885880078,-0.5146654012216911,0.01814516129032258,-0.17959305421628632,0.0016570008285004142,18.6
10333,21,8.0,10.0,0.1,72.0,-0.37576677974808154,0.0046421663442940036,-0.5146654012216911,0.01814516129032258,-0.21754358479961067,0.0006414196755485474,8.0
10333,71,17.2,40.0,0.1,619.2,-0.2092034983527815,0.011760154738878143,0.5012152677539453,0.07862903225806452,-0.03538103799965378,0.005516209209717508,17.2
10334,52,5.6,8.0,0.0,44.8,-0.4192180705468554,0.002785299806576402,-0.5823907791534002,0.014112903225806451,-0.22659844823703545,0.00039910557589687394,5.6
10334,68,10.0,10.0,0.0,100.0,-0.33955737074910325,0.006189555125725338,-0.5146654012216911,0.01814516129032258,-0.20822240184932048,0.0008908606604840937,10.0
10335,2,15.2,7.0,0.2,85.12,-0.24541290735175975,0.010212765957446808,-0.6162534681192547,0.012096774193548387,-0.21317594478861757,0.0007583005942040606,15.2
10335,31,10.0,25.0,0.2,200.0,-0.33955737074910325,0.006189555125725338,-0.006725066733872924,0.04838709677419355,-0.17493246274114124,0.0017817213209681874,10.0
10335,32,25.6,6.0,0.2,122.88000000000002,-0.05712398055707271,0.018259187620889752,-0.6501161570851093,0.010080645161290322,-0.20060566378136907,0.0010946895796028545,25.6
10335,51,42.4,48.0,0.2,1628.1599999999999,0.2470350550343447,0.03125725338491296,0.7721167794807816,0.09475806451612903,0.30050113162623154,0.014504636929737818,42.4
10336,4,17.6,18.0,0.1,285.12,-0.2019616165529858,0.012069632495164411,-0.24376388949485475,0.034274193548387094,-0.14659606657225904,0.002540021915172248,17.6
10337,23,7.2,40.0,0.0,288.0,-0.39025054334767284,0.00402321083172147,0.5012152677539453,0.07862903225806452,-0.14563731632594348,0.0025656787021941896,7.2
10337,26,24.9,24.0,0.0,597.5999999999999,-0.06979727370671517,0.017717601547388783,-0.040587755699727474,0.046370967741935484,-0.042571664847020546,0.0053237833070529424,24.9
10337,36,15.2,20.0,0.0,304.0,-0.24541290735175975,0.010212765957446808,-0.17603851156314565,0.038306451612903226,-0.1403109260686348,0.0027082164078716447,15.2
10337,37,20.8,28.0,0.0,582.4,-0.14402656215462056,0.014545454545454547,0.09486300016369072,0.05443548387096774,-0.04763173559146377,0.005188372486659361,20.8
10337,72,27.8,25.0,0.0,695.0,-0.017293630658196633,0.019961315280464218,-0.006725066733872924,0.04838709677419355,-0.010147264155653922,0.0061914815903644504,27.8
10338,17,31.2,20.0,0.0,624.0,0.0442623646400664,0.022591876208897486,-0.17603851156314565,0.038306451612903226,-0.03378312092246119,0.005558970521420744,31.2
10338,30,20.7,15.0,0.0,310.5,-0.1458370326045695,0.01446808510638298,-0.3453519563924184,0.028225806451612906,-0.13814708002660314,0.0027661223508031107,20.7
10339,4,17.6,10.0,0.0,176.0,-0.2019616165529858,0.012069632495164411,-0.5146654012216911,0.01814516129032258,-0.18292204812710425,0.0015679147624520049,17.6
10339,17,31.2,70.0,0.05,2074.7999999999997,0.0442623646400664,0.022591876208897486,1.5170959367295818,0.13911290322580644,0.44918731565900333,0.018483576983723972,31.2
10339,62,39.4,28.0,0.0,1103.2,0.1927209415358773,0.02893617021276596,0.09486300016369072,0.05443548387096774,0.1257422672839338,0.009827974806460521,39.4
10340,18,50.0,20.0,0.05,950.0,0.38463080923046217,0.03713733075435203,-0.17603851156314565,0.038306451612903226,0.07474208057020318,0.00846317627459889,50.0
10340,41,7.7,12.0,0.05,87.78,-0.38119819109792824,0.004410058027079304,-0.44694002328998206,0.02217741935483871,-0.21229043240834,0.0007819974877729374,7.7
10340,43,36.8,40.0,0.05,1398.3999999999999,0.14564870983720551,0.02692456479690522,0.5012152677539453,0.07862903225806452,0.2240141675312789,0.012457795476209564,36.8
10341,33,2.0,8.0,0.0,16.0,-0.48439500674501634,0.0,-0.5823907791534002,0.014112903225806451,-0.23618595070019105,0.00014253770567745498,2.5
10341,59,44.0,9.0,0.15,336.59999999999997,0.27600258223352736,0.03249516441005803,-0.5485280901875457,0.016129032258064516,-0.12945840591936839,0.002998636983189459,44.0
10342,2,15.2,24.0,0.2,291.84,-0.24541290735175975,0.010212765957446808,-0.040587755699727474,0.046370967741935484,-0.14435898266418942,0.0025998877515567786,15.2
10342,31,10.0,56.0,0.2,448.0,-0.33955737074910325,0.006189555125725338,1.043018291207618,0.11088709677419355,-0.09237341375285668,0.00399105575896874,10.0
10342,36,15.2,40.0,0.2,486.40000000000003,-0.24541290735175975,0.010212765957446808,0.5012152677539453,0.07862903225806452,-0.07959007713531584,0.004333146252594631,15.2
10342,55,19.2,40.0,0.2,614.4000000000001,-0.17299408935380323,0.013307543520309476,0.5012152677539453,0.07862903225806452,-0.03697895507684637,0.0054734478980142725,19.2
10343,64,26.6,50.0,0.0,1330.0,-0.03901927605758358,0.01903288201160542,0.8398421574124908,0.09879032258064516,0.20124384918128435,0.011848446784438445,26.6
10343,68,10.0,4.0,0.05,38.0,-0.33955737074910325,0.006189555125725338,-0.7178415350168185,0.006048387096774193,-0.22886216409639162,0.0003385270509839556,10.0
10343,76,14.4,15.0,0.0,216.0,-0.25989667095135105,0.009593810444874274,-0.3453519563924184,0.028225806451612906,-0.16960607248383255,0.0019242590266456423,14.4
10344,4,17.6,35.0,0.0,616.0,-0.2019616165529858,0.012069632495164411,0.3319018229246726,0.06854838709677419,-0.036446316051115535,0.005487701668582017,17.6
10344,8,32.0,70.0,0.25,1680.0,0.05874612823965772,0.02321083172147002,1.5170959367295818,0.13911290322580644,0.3177586360599117,0.014966459096132773,32.0
10345,8,32.0,70.0,0.0,2240.0,0.05874612823965772,0.02321083172147002,1.5170959367295818,0.13911290322580644,0.5041822950657155,0.019955278794843698,32.0
10345,19,7.3,80.0,0.0,584.0,-0.3884400728977239,0.004100580270793036,1.8557228263881271,0.1592741935483871,-0.04709909656573289,0.005202626257227107,7.3
10345,42,11.2,9.0,0.0,100.8,-0.3178317253497163,0.007117988394584138,-0.5485280901875457,0.016129032258064516,-0.20795608233645507,0.0008979875457679663,11.2
10346,17,31.2,36.0,0.1,1010.8800000000001,0.0442623646400664,0.022591876208897486,0.3657645118905271,0.07056451612903225,0.09500899549926274,0.009005532244701606,31.2
10346,56,30.4,20.0,0.0,608.0,0.02977860104047508,0.021972920696324953,-0.17603851156314565,0.038306451612903226,-0.03910951117976987,0.005416432815743289,30.4
10347,25,11.2,10.0,0.0,112.0,-0.3178317253497163,0.007117988394584138,-0.5146654012216911,0.01814516129032258,-0.20422760915633897,0.000997763939742185,11.2
10347,39,14.4,50.0,0.15,612.0,-0.25989667095135105,0.009593810444874274,0.8398421574124908,0.09879032258064516,-0.0377779136154427,0.005452067242162653,14.4
10347,40,14.7,4.0,0.0,58.8,-0.25446525960150435,0.009825918762088975,-0.7178415350168185,0.006048387096774193,-0.22193785676189035,0.0005238260683646471,14.7
10347,75,6.2,6.0,0.15,31.62,-0.408355247847162,0.0032495164410058022,-0.6501161570851093,0.010080645161290322,-0.23098606221149345,0.00028169014084507044,6.2
10348,1,14.4,15.0,0.15,183.6,-0.25989667095135105,0.009593810444874274,-0.3453519563924184,0.028225806451612906,-0.18039201275488262,0.0016356201726487958,14.4
10348,23,7.2,25.0,0.0,180.0,-0.39025054334767284,0.00402321083172147,-0.006725066733872924,0.04838709677419355,-0.1815904505627771,0.0016035491888713685,7.2
10349,54,5.9,24.0,0.0,141.60000000000002,-0.41378665919700874,0.0030174081237911024,-0.040587755699727474,0.046370967741935484,-0.19437378718031792,0.0012614586952454769,5.9
10350,50,13.0,15.0,0.1,175.5,-0.2852432572506358,0.00851063829787234,-0.3453519563924184,0.028225806451612906,-0.18308849782264514,0.0015634604591495843,13.0
10350,69,28.8,18.0,0.1,466.56,0.0008110738412925027,0.020735009671179885,-0.24376388949485475,0.034274193548387094,-0.08619480105437861,0.004156399497554588,28.8
10351,38,210.8,20.0,0.05,4005.2,3.2958672927483152,0.16154738878143132,-0.17603851156314565,0.038306451612903226,1.0918163002032957,0.03568075117370892,210.8
10351,41,7.7,13.0,0.0,100.10000000000001,-0.38119819109792824,0.004410058027079304,-0.41307733432412747,0.024193548387096774,-0.2081891119102123,0.0008917515211445778,7.7
10351,44,15.5,77.0,0.05,1133.825,-0.23998149600191301,0.010444874274661509,1.7541347594905636,0.1532258064516129,0.1359373111358137,0.010100800883733775,15.5
10351,65,16.8,10.0,0.0,168.0,-0.2164453801525771,0.011450676982591876,-0.5146654012216911,0.01814516129032258,-0.1855852432557586,0.0014966459096132773,16.8
10352,24,3.6,10.0,0.0,36.0,-0.4554274795458337,0.0012379110251450676,-0.5146654012216911,0.01814516129032258,-0.2295279628785552,0.0003207098377742737,3.6
10352,54,5.9,20.0,0.15,100.3,-0.41378665919700874,0.0030174081237911024,-0.17603851156314565,0.038306451612903226,-0.20812253203199596,0.0008935332424655459,5.9
10353,11,16.8,12.0,0.2,161.28000000000003,-0.2164453801525771,0.011450676982591876,-0.44694002328998206,0.02217741935483871,-0.1878223271638282,0.0014367800732287465,16.8
10353,38,210.8,50.0,0.2,8432.0,3.2958672927483152,0.16154738878143132,0.8398421574124908,0.09879032258064516,2.565495324644175,0.07511737089201878,210.8
10354,1,14.4,12.0,0.0,172.8,-0.25989667095135105,0.009593810444874274,-0.44694002328998206,0.02217741935483871,-0.18398732617856597,0.001539407221316514,14.4
10354,29,99.0,4.0,0.0,396.0,1.2717613297054295,0.07504835589941973,-0.7178415350168185,0.006048387096774193,-0.10968418208910989,0.003527808215517011,99.0
10355,24,3.6,25.0,0.0,90.0,-0.4554274795458337,0.0012379110251450676,-0.006725066733872924,0.04838709677419355,-0.2115513957601384,0.0008017745944356843,3.6
10355,57,15.6,25.0,0.0,390.0,-0.2381710255519641,0.010522243713733075,-0.006725066733872924,0.04838709677419355,-0.11168157843560064,0.003474356575887965,15.6
10356,31,10.0,30.0,0.0,300.0,-0.33955737074910325,0.006189555125725338,0.1625883780953998,0.058467741935483875,-0.14164252363296198,0.002672581981452281,10.0
10356,55,19.2,12.0,0.0,230.39999999999998,-0.17299408935380323,0.013307543520309476,-0.44694002328998206,0.02217741935483871,-0.16481232125225476,0.0020525429617553517,19.2
10356,69,28.8,20.0,0.0,576.0,0.0008110738412925027,0.020735009671179885,-0.17603851156314565,0.038306451612903226,-0.049762291694387235,0.005131357404388379,28.8
10357,10,24.8,30.0,0.2,595.2,-0.07160774415666403,0.017640232108317215,0.1625883780953998,0.058467741935483875,-0.0433706233856168,0.005302402651201326,24.8
10357,26,24.9,16.0,0.0,398.4,-0.06979727370671517,0.017717601547388783,-0.31148926742656385,0.03024193548387097,-0.1088852235505136,0.0035491888713686287,24.9
10357,60,27.2,8.0,0.2,174.08,-0.02815645335789014,0.019497098646034817,-0.5823907791534002,0.014112903225806451,-0.18356121495798128,0.0015508102377707104,27.2
10358,24,3.6,10.0,0.05,34.199999999999996,-0.4554274795458337,0.0012379110251450676,-0.5146654012216911,0.01814516129032258,-0.2301271817825024,0.00030467434588556,3.6
10358,34,11.2,10.0,0.05,106.39999999999999,-0.3178317253497163,0.007117988394584138,-0.5146654012216911,0.01814516129032258,-0.20609184574639702,0.0009478757427550756,11.2
10358,36,15.2,20.0,0.05,288.8,-0.24541290735175975,0.010212765957446808,-0.17603851156314565,0.038306451612903226,-0.14537099681307805,0.0025728055874780623,15.2
10359,16,13.9,56.0,0.05,739.4799999999999,-0.2689490232010956,0.00920696324951644,1.043018291207618,0.11088709677419355,0.004660100759664179,0.0065877364121477745,13.9
10359,31,10.0,70.0,0.05,665.0,-0.33955737074910325,0.006189555125725338,1.5170959367295818,0.13911290322580644,-0.020134245888107697,0.0059242233922192225,10.0
10359,60,27.2,80.0,0.05,2067.2,-0.02815645335789014,0.019497098646034817,1.8557228263881271,0.1592741935483871,0.4466572802867817,0.01841587157352718,27.2
10360,28,36.4,30.0,0.0,1092.0,0.1384068280374099,0.026615087040618955,0.1625883780953998,0.058467741935483875,0.12201379410381771,0.009728198412486302,36.4
10360,29,99.0,35.0,0.0,3465.0,1.2717613297054295,0.07504835589941973,0.3319018229246726,0.06854838709677419,0.9119840491409114,0.030868321885773844,99.0
10360,38,210.8,10.0,0.0,2108.0,3.2958672927483152,0.16154738878143132,-0.5146654012216911,0.01814516129032258,0.4602395754429189,0.018779342723004695,210.8
10360,49,16.0,35.0,0.0,560.0,-0.23092914375216844,0.010831721470019342,0.3319018229246726,0.06854838709677419,-0.05508868195169592,0.004988819698710924,16.0
10360,54,5.9,28.0,0.0,165.20000000000002,-0.41378665919700874,0.0030174081237911024,0.09486300016369072,0.05443548387096774,-0.1865173615507876,0.0014717018111197228,5.9
99999,39,14.4,54.0,0.1,699.84,-0.25989667095135105,0.009593810444874274,0.975292913275909,0.10685483870967742,-0.008536031102818035,0.0062345992463318815,14.4
10361,60,27.2,55.0,0.1,1346.4,-0.02815645335789014,0.019497098646034817,1.0091556022417636,0.10887096774193548,0.20670339919502578,0.011994547932757837,27.2
10362,25,11.2,50.0,0.0,560.0,-0.3178317253497163,0.007117988394584138,0.8398421574124908,0.09879032258064516,-0.05508868195169592,0.004988819698710924,11.2
10362,51,42.4,20.0,0.0,848.0,0.2470350550343447,0.03125725338491296,-0.17603851156314565,0.038306451612903226,0.04078634267986034,0.007554498400905114,42.4
10362,54,5.9,24.0,0.0,141.60000000000002,-0.41378665919700874,0.0030174081237911024,-0.040587755699727474,0.046370967741935484,-0.19437378718031792,0.0012614586952454769,5.9
10363,31,10.0,20.0,0.0,200.0,-0.33955737074910325,0.006189555125725338,-0.17603851156314565,0.038306451612903226,-0.17493246274114124,0.0017817213209681874,10.0
10363,75,6.2,12.0,0.0,74.4,-0.408355247847162,0.0032495164410058022,-0.44694002328998206,0.02217741935483871,-0.21674462626101437,0.0006628003314001657,6.2
10363,76,14.4,12.0,0.0,172.8,-0.25989667095135105,0.009593810444874274,-0.44694002328998206,0.02217741935483871,-0.18398732617856597,0.001539407221316514,14.4
10364,69,28.8,30.0,0.0,864.0,0.0008110738412925027,0.020735009671179885,0.1625883780953998,0.058467741935483875,0.04611273293716902,0.007697036106582569,28.8
10364,71,17.2,5.0,1.0,0.0,-0.2092034983527815,0.011760154738878143,-0.6839788460509638,0.008064516129032258,-0.24151234095749974,0.0,17.2
10365,11,16.8,24.0,0.0,403.20000000000005,-0.2164453801525771,0.011450676982591876,-0.040587755699727474,0.046370967741935484,-0.10728730647332096,0.003591950183071866,16.8
10366,65,16.8,5.0,0.0,84.0,-0.2164453801525771,0.011450676982591876,-0.6839788460509638,0.008064516129032258,-0.21354879210662916,0.0007483229548066386,16.8
10366,77,10.4,5.0,0.0,52.0,-0.3323154889493076,0.006499032882011606,-0.6839788460509638,0.008064516129032258,-0.22420157262124651,0.0004632475434517287,10.4
10367,34,11.2,36.0,0.0,403.2,-0.3178317253497163,0.007117988394584138,0.3657645118905271,0.07056451612903225,-0.10728730647332099,0.0035919501830718654,11.2
10367,54,5.9,18.0,0.0,106.2,-0.41378665919700874,0.0030174081237911024,-0.24376388949485475,0.034274193548387094,-0.20615842562461337,0.0009460940214341075,5.9
10367,65,16.8,15.0,0.0,252.0,-0.2164453801525771,0.011450676982591876,-0.3453519563924184,0.028225806451612906,-0.15762169440488802,0.002244968864419916,16.8
10367,77,10.4,7.0,0.0,72.8,-0.3323154889493076,0.006499032882011606,-0.6162534681192547,0.012096774193548387,-0.21727726528674526,0.0006485465608324202,10.4
10368,21,8.0,5.0,0.1,36.0,-0.37576677974808154,0.0046421663442940036,-0.6839788460509638,0.008064516129032258,-0.2295279628785552,0.0003207098377742737,8.0
10368,28,36.4,13.0,0.1,425.88,0.1384068280374099,0.026615087040618955,-0.41307733432412747,0.024193548387096774,-0.09973714828358593,0.0037939973808696578,36.4
10368,57,15.6,25.0,0.0,390.0,-0.2381710255519641,0.010522243713733075,-0.006725066733872924,0.04838709677419355,-0.11168157843560064,0.003474356575887965,15.6
10368,64,26.6,35.0,0.1,837.9,-0.03901927605758358,0.01903288201160542,0.3319018229246726,0.06854838709677419,0.03742405882993423,0.0074645214741962205,26.6
10369,29,99.0,20.0,0.0,1980.0,1.2717613297054295,0.07504835589941973,-0.17603851156314565,0.038306451612903226,0.4176284533844495,0.017639041077585054,99.0
10369,56,30.4,18.0,0.25,410.4,0.02977860104047508,0.021972920696324953,-0.24376388949485475,0.034274193548387094,-0.1048904308575321,0.00365609215062672,30.4
10370,1,14.4,15.0,0.15,183.6,-0.25989667095135105,0.009593810444874274,-0.3453519563924184,0.028225806451612906,-0.18039201275488262,0.0016356201726487958,14.4
10370,64,26.6,30.0,0.0,798.0,-0.03901927605758358,0.01903288201160542,0.1625883780953998,0.058467741935483875,0.02414137312577071,0.007109068070663067,26.6
10370,74,8.0,20.0,0.15,136.0,-0.37576677974808154,0.0046421663442940036,-0.17603851156314565,0.038306451612903226,-0.19623802377037594,0.0012115704982583674,8.0
10371,36,15.2,6.0,0.2,72.96,-0.24541290735175975,0.010212765957446808,-0.6501161570851093,0.010080645161290322,-0.21722400138417214,0.0006499719378891946,15.2
10372,20,64.8,12.0,0.25,583.1999999999999,0.6525804358229013,0.048588007736943904,-0.44694002328998206,0.02217741935483871,-0.04736541607859835,0.005195499371943233,64.8
10372,38,210.8,40.0,0.25,6324.0,3.2958672927483152,0.16154738878143132,0.5012152677539453,0.07862903225806452,1.8637434082437565,0.05633802816901408,210.8
10372,60,27.2,70.0,0.25,1428.0,-0.02815645335789014,0.019497098646034817,1.5170959367295818,0.13911290322580644,0.2338679895073,0.012721490231712857,27.2
10372,72,27.8,42.0,0.25,875.7,-0.017293630658196633,0.019961315280464218,0.5689406456856544,0.08266129032258064,0.050007655812826006,0.007801266803859209,27.8
10373,58,10.6,80.0,0.2,678.4000000000001,-0.32869454804940973,0.006653771760154739,1.8557228263881271,0.1592741935483871,-0.015673394047611647,0.006043598720724092,10.6
10373,71,17.2,50.0,0.2,688.0,-0.2092034983527815,0.011760154738878143,0.8398421574124908,0.09879032258064516,-0.01247755989322647,0.006129121344130564,17.2
10374,31,10.0,30.0,0.0,300.0,-0.33955737074910325,0.006189555125725338,0.1625883780953998,0.058467741935483875,-0.14164252363296198,0.002672581981452281,10.0
10374,58,10.6,15.0,0.0,159.0,-0.32869454804940973,0.006653771760154739,-0.3453519563924184,0.028225806451612906,-0.18858133777549474,0.001416468450169709,10.6
10375,14,18.6,15.0,0.0,279.0,-0.18385691205349666,0.012843326885880078,-0.3453519563924184,0.028225806451612906,-0.14863341084567963,0.0024855012427506215,18.6
10375,54,5.9,10.0,0.0,59.0,-0.41378665919700874,0.0030174081237911024,-0.5146654012216911,0.01814516129032258,-0.22187127688367397,0.0005256077896856153,5.9
10376,31,10.0,42.0,0.05,399.0,-0.33955737074910325,0.006189555125725338,0.5689406456856544,0.08266129032258064,-0.10868548391586451,0.0035545340353315335,10.0
10377,28,36.4,20.0,0.15,618.8,0.1384068280374099,0.026615087040618955,-0.17603851156314565,0.038306451612903226,-0.03551419775608653,0.005512645767075571,36.4
10377,39,14.4,20.0,0.15,244.79999999999998,-0.25989667095135105,0.009593810444874274,-0.17603851156314565,0.038306451612903226,-0.16001857002067693,0.0021808268968650612,14.4
10378,71,17.2,6.0,0.0,103.19999999999999,-0.2092034983527815,0.011760154738878143,-0.6501161570851093,0.010080645161290322,-0.20715712379785878,0.0009193682016195846,17.2
10379,41,7.7,8.0,0.1,55.440000000000005,-0.38119819109792824,0.004410058027079304,-0.5823907791534002,0.014112903225806451,-0.22305639871592514,0.0004938931501723816,7.7
10379,63,35.1,16.0,0.1,505.44000000000005,0.11487071218807407,0.02560928433268859,-0.31148926742656385,0.03024193548387097,-0.07325167272911849,0.004502766122350803,35.1
10379,65,16.8,20.0,0.1,302.40000000000003,-0.2164453801525771,0.011450676982591876,-0.17603851156314565,0.038306451612903226,-0.14084356509436566,0.0026939626373038996,16.8
10380,30,20.7,18.0,0.1,335.34,-0.1458370326045695,0.01446808510638298,-0.24376388949485475,0.034274193548387094,-0.12987785915213143,0.0029874121388673595,20.7
10380,53,26.2,20.0,0.1,471.6,-0.046261157857379276,0.01872340425531915,-0.17603851156314565,0.038306451612903226,-0.08451698812332636,0.004201298874842985,26.2
10380,60,27.2,6.0,0.1,146.88,-0.02815645335789014,0.019497098646034817,-0.6501161570851093,0.010080645161290322,-0.19261607839540607,0.0013084961381190367,27.2
10380,70,12.0,30.0,0.0,360.0,-0.30334796175012496,0.007736943907156672,0.1625883780953998,0.058467741935483875,-0.12166856016805443,0.003207098377742737,12.0
10381,74,8.0,14.0,0.0,112.0,-0.37576677974808154,0.0046421663442940036,-0.37921464535827293,0.026209677419354836,-0.20422760915633897,0.000997763939742185,8.0
10382,5,17.0,32.0,0.0,544.0,-0.2128244392526793,0.011605415860735008,0.2303137560271089,0.0625,-0.0604150722090046,0.00484628199303347,17.0
10382,18,50.0,9.0,0.0,450.0,0.38463080923046217,0.03713733075435203,-0.5485280901875457,0.016129032258064516,-0.0917076149706931,0.004008872972178421,50.0
10382,29,99.0,14.0,0.0,1386.0,1.2717613297054295,0.07504835589941973,-0.37921464535827293,0.026209677419354836,0.21988621508186473,0.012347328754309538,99.0
10382,33,2.0,60.0,0.0,120.0,-0.48439500674501634,0.0,1.1784690470710362,0.11895161290322581,-0.20156441402768463,0.0010690327925809123,2.5
10382,74,8.0,50.0,0.0,400.0,-0.37576677974808154,0.0046421663442940036,0.8398421574124908,0.09879032258064516,-0.10835258452478272,0.0035634426419363747,8.0
10383,13,4.8,20.0,0.0,96.0,-0.43370183414644675,0.002166344294003868,-0.17603851156314565,0.038306451612903226,-0.20955399941364766,0.0008552262340647299,4.8
10383,50,13.0,15.0,0.0,195.0,-0.2852432572506358,0.00851063829787234,-0.3453519563924184,0.028225806451612906,-0.1765969596965502,0.0017371782879439825,13.0
10383,56,30.4,20.0,0.0,608.0,0.02977860104047508,0.021972920696324953,-0.17603851156314565,0.038306451612903226,-0.03910951117976987,0.005416432815743289,30.4
10384,20,64.8,28.0,0.0,1814.3999999999999,0.6525804358229013,0.048588007736943904,0.09486300016369072,0.05443548387096774,0.36250031422130463,0.016163775823823393,64.8
10384,60,27.2,15.0,0.0,408.0,-0.02815645335789014,0.019497098646034817,-0.3453519563924184,0.028225806451612906,-0.10568938939612839,0.003634711494775102,27.2
10385,7,24.0,10.0,0.2,192.0,-0.08609150775625536,0.01702127659574468,-0.5146654012216911,0.01814516129032258,-0.17759565786979556,0.0017104524681294598,24.0
10385,60,27.2,20.0,0.2,435.20000000000005,-0.02815645335789014,0.019497098646034817,-0.17603851156314565,0.038306451612903226,-0.09663452595870362,0.003877025594426776,27.2
10385,68,10.0,8.0,0.2,64.0,-0.33955737074910325,0.006189555125725338,-0.5823907791534002,0.014112903225806451,-0.220206779928265,0.0005701508227098199,10.0
10386,24,3.6,15.0,0.0,54.0,-0.4554274795458337,0.0012379110251450676,-0.3453519563924184,0.028225806451612906,-0.22353577383908294,0.00048106475666141057,3.6
10386,34,11.2,10.0,0.0,112.0,-0.3178317253497163,0.007117988394584138,-0.5146654012216911,0.01814516129032258,-0.20422760915633897,0.000997763939742185,11.2
10387,24,3.6,15.0,0.0,54.0,-0.4554274795458337,0.0012379110251450676,-0.3453519563924184,0.028225806451612906,-0.22353577383908294,0.00048106475666141057,3.6
10387,28,36.4,6.0,0.0,218.39999999999998,0.1384068280374099,0.026615087040618955,-0.6501161570851093,0.010080645161290322,-0.16880711394523626,0.0019456396824972604,36.4
10387,59,44.0,12.0,0.0,528.0,0.27600258223352736,0.03249516441005803,-0.44694002328998206,0.02217741935483871,-0.06574146246631328,0.004703744287356014,44.0
10387,71,17.2,15.0,0.0,258.0,-0.2092034983527815,0.011760154738878143,-0.3453519563924184,0.028225806451612906,-0.15562429805839725,0.0022984205040489617,17.2
10388,45,7.6,15.0,0.2,91.2,-0.38300866154787716,0.004332688588007737,-0.3453519563924184,0.028225806451612906,-0.21115191649084025,0.0008124649223614934,7.6
10388,52,5.6,20.0,0.2,89.60000000000001,-0.4192180705468554,0.002785299806576402,-0.17603851156314565,0.038306451612903226,-0.21168455551657112,0.000798211151793748,5.6
10388,53,26.2,40.0,0.0,1048.0,-0.046261157857379276,0.01872340425531915,0.5012152677539453,0.07862903225806452,0.10736622089621885,0.0093362197218733,26.2
10389,55,19.2,15.0,0.0,288.0,-0.17299408935380323,0.013307543520309476,-0.3453519563924184,0.028225806451612906,-0.14563731632594348,0.0025656787021941896,19.2
10389,62,39.4,20.0,0.0,788.0,0.1927209415358773,0.02893617021276596,-0.17603851156314565,0.038306451612903226,0.020812379214952784,0.007019982004614658,39.4
10389,70,12.0,30.0,0.0,360.0,-0.30334796175012496,0.007736943907156672,0.1625883780953998,0.058467741935483875,-0.12166856016805443,0.003207098377742737,12.0
10390,31,10.0,60.0,0.1,540.0,-0.33955737074910325,0.006189555125725338,1.1784690470710362,0.11895161290322581,-0.061746669773331764,0.004810647566614106,10.0
10390,35,14.4,40.0,0.1,518.4,-0.25989667095135105,0.009593810444874274,0.5012152677539453,0.07862903225806452,-0.06893729662069849,0.004618221663949541,14.4
10390,46,9.6,45.0,0.0,432.0,-0.3467992525488989,0.0058800773694390705,0.670528712583218,0.08870967741935484,-0.09769980401016536,0.0038485180532912846,9.6
10390,72,27.8,24.0,0.1,600.48,-0.017293630658196633,0.019961315280464218,-0.040587755699727474,0.046370967741935484,-0.041612914600704945,0.0053494400940748855,27.8
10391,13,4.8,18.0,0.0,86.39999999999999,-0.43370183414644675,0.002166344294003868,-0.24376388949485475,0.034274193548387094,-0.21274983356803287,0.0007697036106582569,4.8
10392,69,28.8,353.0,0.0,10166.4,0.0008110738412925027,0.020735009671179885,11.10023691406642,0.7096774193548386,3.142876028536436,0.09056845818745489,28.8
10393,2,15.2,25.0,0.25,285.0,-0.24541290735175975,0.010212765957446808,-0.006725066733872924,0.04838709677419355,-0.14663601449918887,0.002538952882379667,15.2
10393,14,18.6,42.0,0.25,585.9000000000001,-0.18385691205349666,0.012843326885880078,0.5689406456856544,0.08266129032258064,-0.046466587722677456,0.0052195526097763055,18.6
10393,25,11.2,7.0,0.25,58.8,-0.3178317253497163,0.007117988394584138,-0.6162534681192547,0.012096774193548387,-0.22193785676189035,0.0005238260683646471,11.2
10393,26,24.9,70.0,0.25,1307.25,-0.06979727370671517,0.017717601547388783,1.5170959367295818,0.13911290322580644,0.19367038803417355,0.011645775984178314,24.9
10393,31,10.0,32.0,0.0,320.0,-0.33955737074910325,0.006189555125725338,0.2303137560271089,0.0625,-0.13498453581132613,0.0028507541135490994,10.0
10394,13,4.8,10.0,0.0,48.0,-0.43370183414644675,0.002166344294003868,-0.5146654012216911,0.01814516129032258,-0.2255331701855737,0.00042761311703236495,4.8
10394,62,39.4,10.0,0.0,394.0,0.1927209415358773,0.02893617021276596,-0.5146654012216911,0.01814516129032258,-0.11034998087127348,0.003509991002307329,39.4
10395,46,9.6,28.0,0.1,241.92000000000002,-0.3467992525488989,0.0058800773694390705,0.09486300016369072,0.05443548387096774,-0.1609773202669925,0.0021551701098431195,9.6
10395,53,26.2,70.0,0.1,1650.6000000000001,-0.046261157857379276,0.01872340425531915,1.5170959367295818,0.13911290322580644,0.3079713939621071,0.01470454606195045,26.2
10395,69,28.8,8.0,0.0,230.4,0.0008110738412925027,0.020735009671179885,-0.5823907791534002,0.014112903225806451,-0.16481232125225476,0.0020525429617553517,28.8
10396,23,7.2,40.0,0.0,288.0,-0.39025054334767284,0.00402321083172147,0.5012152677539453,0.07862903225806452,-0.14563731632594348,0.0025656787021941896,7.2
10396,71,17.2,60.0,0.0,1032.0,-0.2092034983527815,0.011760154738878143,1.1784690470710362,0.11895161290322581,0.10203983063891017,0.009193682016195847,17.2
10396,72,27.8,21.0,0.0,583.8000000000001,-0.017293630658196633,0.019961315280464218,-0.1421758225972911,0.04032258064516129,-0.04716567644394923,0.005200844535906139,27.8
10397,21,8.0,10.0,0.15,68.0,-0.37576677974808154,0.0046421663442940036,-0.5146654012216911,0.01814516129032258,-0.21887518236393785,0.0006057852491291837,8.0
10397,51,42.4,18.0,0.15,648.7199999999999,0.2470350550343447,0.03125725338491296,-0.24376388949485475,0.034274193548387094,-0.02555384797491931,0.0057791912766924115,42.4
10398,35,14.4,30.0,0.0,432.0,-0.25989667095135105,0.009593810444874274,0.1625883780953998,0.058467741935483875,-0.09769980401016536,0.0038485180532912846,14.4
10398,55,19.2,120.0,0.1,2073.6,-0.17299408935380323,0.013307543520309476,3.210230385022309,0.2399193548387097,0.4487878363897052,0.018472886655798163,19.2
10399,68,10.0,60.0,0.0,600.0,-0.33955737074910325,0.006189555125725338,1.1784690470710362,0.11895161290322581,-0.041772706308424216,0.005345163962904562,10.0
10399,71,17.2,30.0,0.0,516.0,-0.2092034983527815,0.011760154738878143,0.1625883780953998,0.058467741935483875,-0.06973625515929478,0.004596841008097923,17.2
10399,76,14.4,35.0,0.0,504.0,-0.25989667095135105,0.009593810444874274,0.3319018229246726,0.06854838709677419,-0.0737310478522763,0.004489937728839832,14.4
10400,29,99.0,21.0,0.0,2079.0,1.2717613297054295,0.07504835589941973,-0.1421758225972911,0.04032258064516129,0.45058549310154694,0.018520993131464308,99.0
10400,35,14.4,35.0,0.0,504.0,-0.25989667095135105,0.009593810444874274,0.3319018229246726,0.06854838709677419,-0.0737310478522763,0.004489937728839832,14.4
10400,49,16.0,30.0,0.0,480.0,-0.23092914375216844,0.010831721470019342,0.1625883780953998,0.058467741935483875,-0.08172063323823932,0.004276131170323649,16.0
10401,30,20.7,18.0,0.0,372.59999999999997,-0.1458370326045695,0.01446808510638298,-0.24376388949485475,0.034274193548387094,-0.11747402784042385,0.0033193468209637327,20.7
10401,56,30.4,70.0,0.0,2128.0,0.02977860104047508,0.021972920696324953,1.5170959367295818,0.13911290322580644,0.4668975632645548,0.018957514855101512,30.4
10401,65,16.8,20.0,0.0,336.0,-0.2164453801525771,0.011450676982591876,-0.17603851156314565,0.038306451612903226,-0.12965814555401745,0.0029932918192265546,16.8
10401,71,17.2,60.0,0.0,1032.0,-0.2092034983527815,0.011760154738878143,1.1784690470710362,0.11895161290322581,0.10203983063891017,0.009193682016195847,17.2
10402,23,7.2,60.0,0.0,432.0,-0.39025054334767284,0.00402321083172147,1.1784690470710362,0.11895161290322581,-0.09769980401016536,0.0038485180532912846,7.2
10402,63,35.1,65.0,0.0,2281.5,0.11487071218807407,0.02560928433268859,1.347782491900309,0.12903225806451613,0.5179976197956099,0.020324985968944595,35.1
10403,16,13.9,21.0,0.15,248.115,-0.2689490232010956,0.00920696324951644,-0.1421758225972911,0.04032258064516129,-0.1589150085392408,0.002210358927760109,13.9
10403,48,10.2,70.0,0.15,606.9,-0.3359364298492054,0.006344294003868472,1.5170959367295818,0.13911290322580644,-0.039475700509959855,0.0054066333484779645,10.2
10404,26,24.9,30.0,0.05,709.65,-0.06979727370671517,0.017717601547388783,0.1625883780953998,0.058467741935483875,-0.005270288076305668,0.00632199267712537,24.9
10404,42,11.2,40.0,0.05,425.59999999999997,-0.3178317253497163,0.007117988394584138,0.5012152677539453,0.07862903225806452,-0.09983036011308885,0.0037915029710203023,11.2
10404,49,16.0,20.0,0.05,304.0,-0.23092914375216844,0.010831721470019342,-0.17603851156314565,0.038306451612903226,-0.1403109260686348,0.0027082164078716447,16.0
10405,3,8.0,50.0,0.0,400.0,-0.37576677974808154,0.0046421663442940036,0.8398421574124908,0.09879032258064516,-0.10835258452478272,0.0035634426419363747,8.0
10406,1,14.4,10.0,0.0,144.0,-0.25989667095135105,0.009593810444874274,-0.5146654012216911,0.01814516129032258,-0.19357482864172162,0.0012828393510970948,14.4
10406,21,8.0,30.0,0.1,216.0,-0.37576677974808154,0.0046421663442940036,0.1625883780953998,0.058467741935483875,-0.16960607248383255,0.0019242590266456423,8.0
10406,28,36.4,42.0,0.1,1375.92,0.1384068280374099,0.026615087040618955,0.5689406456856544,0.08266129032258064,0.2165305892197603,0.012257529999732742,36.4
10406,36,15.2,5.0,0.1,68.4,-0.24541290735175975,0.010212765957446808,-0.6839788460509638,0.008064516129032258,-0.21874202260750514,0.0006093486917711201,15.2
10406,40,14.7,2.0,0.1,26.46,-0.25446525960150435,0.009825918762088975,-0.7855669129485275,0.0020161290322580645,-0.23270382306947549,0.00023572173076409118,14.7
10407,11,16.8,30.0,0.0,504.0,-0.2164453801525771,0.011450676982591876,0.1625883780953998,0.058467741935483875,-0.0737310478522763,0.004489937728839832,16.8
10407,69,28.8,15.0,0.0,432.0,0.0008110738412925027,0.020735009671179885,-0.3453519563924184,0.028225806451612906,-0.09769980401016536,0.0038485180532912846,28.8
10407,71,17.2,15.0,0.0,258.0,-0.2092034983527815,0.011760154738878143,-0.3453519563924184,0.028225806451612906,-0.15562429805839725,0.0022984205040489617,17.2
10408,37,20.8,10.0,0.0,208.0,-0.14402656215462056,0.014545454545454547,-0.5146654012216911,0.01814516129032258,-0.1722692676124869,0.0018529901738069147,20.8
10408,54,5.9,6.0,0.0,35.400000000000006,-0.41378665919700874,0.0030174081237911024,-0.6501161570851093,0.010080645161290322,-0.2297277025132043,0.0003153646738113692,5.9
10408,62,39.4,35.0,0.0,1379.0,0.1927209415358773,0.02893617021276596,0.3319018229246726,0.06854838709677419,0.2175559193442922,0.012284968508075651,39.4
10409,14,18.6,12.0,0.0,223.20000000000002,-0.18385691205349666,0.012843326885880078,-0.44694002328998206,0.02217741935483871,-0.16720919686804364,0.001988400994200497,18.6
10409,21,8.0,12.0,0.0,96.0,-0.37576677974808154,0.0046421663442940036,-0.44694002328998206,0.02217741935483871,-0.20955399941364766,0.0008552262340647299,8.0
10410,33,2.0,49.0,0.0,98.0,-0.48439500674501634,0.0,0.8059794684466363,0.0967741935483871,-0.20888820063148408,0.0008730434472744117,2.5
10410,59,44.0,16.0,0.0,704.0,0.27600258223352736,0.03249516441005803,-0.31148926742656385,0.03024193548387097,-0.007151169635917789,0.006271659049808019,44.0
10411,41,7.7,25.0,0.2,154.0,-0.38119819109792824,0.004410058027079304,-0.006725066733872924,0.04838709677419355,-0.1902458347309037,0.0013719254171455043,7.7
10411,44,15.5,40.0,0.2,496.0,-0.23998149600191301,0.010444874274661509,0.5012152677539453,0.07862903225806452,-0.07639424298093064,0.004418668876001105,15.5
10411,59,44.0,9.0,0.2,316.8,0.27600258223352736,0.03249516441005803,-0.5485280901875457,0.016129032258064516,-0.13604981386278786,0.0028222465724136087,44.0
10413,1,14.4,24.0,0.0,345.6,-0.25989667095135105,0.009593810444874274,-0.040587755699727474,0.046370967741935484,-0.12646231139963224,0.003078814442633028,14.4
10413,62,39.4,40.0,0.0,1576.0,0.1927209415358773,0.02893617021276596,0.5012152677539453,0.07862903225806452,0.28313709938740533,0.014039964009229315,39.4
10413,76,14.4,14.0,0.0,201.6,-0.25989667095135105,0.009593810444874274,-0.37921464535827293,0.026209677419354836,-0.17439982371541035,0.0017959750915359327,14.4
10414,19,7.3,18.0,0.05,124.83,-0.3884400728977239,0.004100580270793036,-0.24376388949485475,0.034274193548387094,-0.19995650996875958,0.001112061362482294,7.3
10414,33,2.0,50.0,0.0,100.0,-0.48439500674501634,0.0,0.8398421574124908,0.09879032258064516,-0.20822240184932048,0.0008908606604840937,2.5
10415,17,31.2,2.0,0.0,62.4,0.0442623646400664,0.022591876208897486,-0.7855669129485275,0.0020161290322580645,-0.2207394189539959,0.0005558970521420744,31.2
10415,33,2.0,20.0,0.0,40.0,-0.48439500674501634,0.0,-0.17603851156314565,0.038306451612903226,-0.22819636531422804,0.00035634426419363743,2.5
10416,19,7.3,20.0,0.0,146.0,-0.3884400728977239,0.004100580270793036,-0.17603851156314565,0.038306451612903226,-0.19290902985955802,0.0013006565643067767,7.3
10416,53,26.2,10.0,0.0,262.0,-0.046261157857379276,0.01872340425531915,-0.5146654012216911,0.01814516129032258,-0.1542927004940701,0.002334054930468325,26.2
10416,57,15.6,20.0,0.0,312.0,-0.2381710255519641,0.010522243713733075,-0.17603851156314565,0.038306451612903226,-0.13764773093998048,0.002779485260710372,15.6
10417,38,210.8,50.0,0.0,10540.0,3.2958672927483152,0.16154738878143132,0.8398421574124908,0.09879032258064516,3.267247241044594,0.09389671361502347,210.8
10417,46,9.6,2.0,0.25,14.399999999999999,-0.3467992525488989,0.0058800773694390705,-0.7855669129485275,0.0020161290322580645,-0.23671858972592194,0.00012828393510970948,9.6
10417,68,10.0,36.0,0.25,270.0,-0.33955737074910325,0.006189555125725338,0.3657645118905271,0.07056451612903225,-0.15162950536541575,0.002405323783307053,10.0
10417,77,10.4,35.0,0.0,364.0,-0.3323154889493076,0.006499032882011606,0.3319018229246726,0.06854838709677419,-0.12033696260372725,0.003242732804162101,10.4
10418,2,15.2,60.0,0.0,912.0,-0.24541290735175975,0.010212765957446808,1.1784690470710362,0.11895161290322581,0.06209190370909506,0.008124649223614933,15.2
10418,47,7.6,55.0,0.0,418.0,-0.38300866154787716,0.004332688588007737,1.0091556022417636,0.10887096774193548,-0.10236039548531045,0.0037237975608235114,7.6
10418,61,22.8,16.0,0.0,364.8,-0.1078171531556423,0.016092843326885882,-0.31148926742656385,0.03024193548387097,-0.12007064309086182,0.0032498596894459737,22.8
10418,74,8.0,15.0,0.0,120.0,-0.37576677974808154,0.0046421663442940036,-0.3453519563924184,0.028225806451612906,-0.20156441402768463,0.0010690327925809123,8.0
10419,60,27.2,60.0,0.05,1550.3999999999999,-0.02815645335789014,0.019497098646034817,1.1784690470710362,0.11895161290322581,0.27461487497571135,0.013811903680145387,27.2
10419,69,28.8,20.0,0.05,547.1999999999999,0.0008110738412925027,0.020735009671179885,-0.17603851156314565,0.038306451612903226,-0.059349794157542886,0.00487478953416896,28.8
10420,9,77.6,20.0,0.1,1396.8,0.8843206534163621,0.05849129593810445,-0.17603851156314565,0.038306451612903226,0.22348152850554806,0.01244354170564182,77.6
10420,13,4.8,2.0,0.1,8.64,-0.43370183414644675,0.002166344294003868,-0.7855669129485275,0.0020161290322580645,-0.23863609021855306,7.697036106582569e-05,4.8
10420,70,12.0,8.0,0.1,86.4,-0.30334796175012496,0.007736943907156672,-0.5823907791534002,0.014112903225806451,-0.21274983356803287,0.000769703610658257,12.0
10420,73,12.0,20.0,0.1,216.0,-0.30334796175012496,0.007736943907156672,-0.17603851156314565,0.038306451612903226,-0.16960607248383255,0.0019242590266456423,12.0
10421,19,7.3,4.0,0.15,24.82,-0.3884400728977239,0.004100580270793036,-0.7178415350168185,0.006048387096774193,-0.23324977807084962,0.00022111161593215203,7.3
10421,26,24.9,30.0,0.0,747.0,-0.06979727370671517,0.017717601547388783,0.1625883780953998,0.058467741935483875,0.007163504180599291,0.006654729133816179,24.9
10421,53,26.2,15.0,0.15,334.05,-0.046261157857379276,0.01872340425531915,-0.3453519563924184,0.028225806451612906,-0.13030729936662694,0.002975920036347115,26.2
10421,77,10.4,10.0,0.15,88.39999999999999,-0.3323154889493076,0.006499032882011606,-0.5146654012216911,0.01814516129032258,-0.2120840347858693,0.0007875208238679387,10.4
10422,26,24.9,2.0,0.0,49.8,-0.06979727370671517,0.017717601547388783,-0.7855669129485275,0.0020161290322580645,-0.2249339512816265,0.0004436486089210786,24.9
10423,31,10.0,14.0,0.0,140.0,-0.33955737074910325,0.006189555125725338,-0.37921464535827293,0.026209677419354836,-0.19490642620604878,0.001247204924677731,10.0
10423,59,44.0,20.0,1.0,0.0,0.27600258223352736,0.03249516441005803,-0.17603851156314565,0.038306451612903226,-0.24151234095749974,0.0,44.0
10424,35,14.4,60.0,0.2,691.2,-0.25989667095135105,0.009593810444874274,1.1784690470710362,0.11895161290322581,-0.011412281841764719,0.006157628885266056,14.4
10424,38,210.8,49.0,0.2,8263.36,3.2958672927483152,0.16154738878143132,0.8059794684466363,0.0967741935483871,2.509355171332142,0.0736150234741784,210.8
10424,68,10.0,30.0,0.2,240.0,-0.33955737074910325,0.006189555125725338,0.1625883780953998,0.058467741935483875,-0.16161648709786952,0.0021380655851618246,10.0
10425,55,19.2,10.0,0.25,144.0,-0.17299408935380323,0.013307543520309476,-0.5146654012216911,0.01814516129032258,-0.19357482864172162,0.0012828393510970948,19.2
10425,76,14.4,20.0,0.25,216.0,-0.25989667095135105,0.009593810444874274,-0.17603851156314565,0.038306451612903226,-0.16960607248383255,0.0019242590266456423,14.4
10426,56,30.4,5.0,0.0,152.0,0.02977860104047508,0.021972920696324953,-0.6839788460509638,0.008064516129032258,-0.19091163351306728,0.0013541082039358224,30.4
10426,64,26.6,7.0,0.0,186.20000000000002,-0.03901927605758358,0.01903288201160542,-0.6162534681192547,0.012096774193548387,-0.17952647433806995,0.0016587825498213826,26.6
10427,14,18.6,35.0,0.0,651.0,-0.18385691205349666,0.012843326885880078,0.3319018229246726,0.06854838709677419,-0.024794837363252793,0.005799502899751449,18.6
10428,46,9.6,20.0,0.0,192.0,-0.3467992525488989,0.0058800773694390705,-0.17603851156314565,0.038306451612903226,-0.17759565786979556,0.0017104524681294598,9.6
10429,50,13.0,40.0,0.0,520.0,-0.2852432572506358,0.00851063829787234,0.5012152677539453,0.07862903225806452,-0.06840465759496761,0.004632475434517287,13.0
10429,63,35.1,35.0,0.25,921.375,0.11487071218807407,0.02560928433268859,0.3319018229246726,0.06854838709677419,0.06521283550048687,0.008208167410535318,35.1
10430,17,31.2,45.0,0.2,1123.2,0.0442623646400664,0.022591876208897486,0.670528712583218,0.08870967741935484,0.13240025510556966,0.01000614693855734,31.2
10430,21,8.0,50.0,0.0,400.0,-0.37576677974808154,0.0046421663442940036,0.8398421574124908,0.09879032258064516,-0.10835258452478272,0.0035634426419363747,8.0
10430,56,30.4,30.0,0.0,912.0,0.02977860104047508,0.021972920696324953,0.1625883780953998,0.058467741935483875,0.06209190370909506,0.008124649223614933,30.4
10430,59,44.0,70.0,0.2,2464.0,0.27600258223352736,0.03249516441005803,1.5170959367295818,0.13911290322580644,0.5787517586680371,0.02195080667432807,44.0
10431,17,31.2,50.0,0.25,1170.0,0.0442623646400664,0.022591876208897486,0.8398421574124908,0.09879032258064516,0.14797994660819755,0.010423069727663896,31.2
10431,40,14.7,50.0,0.25,551.25,-0.25446525960150435,0.009825918762088975,0.8398421574124908,0.09879032258064516,-0.0580015516236616,0.004910869390918567,14.7
10431,47,7.6,30.0,0.25,171.0,-0.38300866154787716,0.004332688588007737,0.1625883780953998,0.058467741935483875,-0.1845865450825132,0.0015233717294278002,7.6
10432,26,24.9,10.0,0.0,249.0,-0.06979727370671517,0.017717601547388783,-0.5146654012216911,0.01814516129032258,-0.1586203925781334,0.002218243044605393,24.9
10432,54,5.9,40.0,0.0,236.0,-0.41378665919700874,0.0030174081237911024,0.5012152677539453,0.07862903225806452,-0.1629480846621967,0.002102431158742461,5.9
10433,56,30.4,28.0,0.0,851.1999999999999,0.02977860104047508,0.021972920696324953,0.09486300016369072,0.05443548387096774,0.04185162073132205,0.007583005942040605,30.4
10434,11,16.8,6.0,0.0,100.80000000000001,-0.2164453801525771,0.011450676982591876,-0.6501161570851093,0.010080645161290322,-0.20795608233645502,0.0008979875457679665,16.8
10434,76,14.4,18.0,0.15,220.32,-0.25989667095135105,0.009593810444874274,-0.24376388949485475,0.034274193548387094,-0.1681679471143592,0.001962744207178555,14.4
10435,2,15.2,10.0,0.0,152.0,-0.24541290735175975,0.010212765957446808,-0.5146654012216911,0.01814516129032258,-0.19091163351306728,0.0013541082039358224,15.2
10435,22,16.8,12.0,0.0,201.60000000000002,-0.2164453801525771,0.011450676982591876,-0.44694002328998206,0.02217741935483871,-0.17439982371541035,0.001795975091535933,16.8
10435,72,27.8,10.0,0.0,278.0,-0.017293630658196633,0.019961315280464218,-0.5146654012216911,0.01814516129032258,-0.1489663102367614,0.0024765926361457803,27.8
10436,46,9.6,5.0,0.0,48.0,-0.3467992525488989,0.0058800773694390705,-0.6839788460509638,0.008064516129032258,-0.2255331701855737,0.00042761311703236495,9.6
10436,56,30.4,40.0,0.1,1094.4,0.02977860104047508,0.021972920696324953,0.5012152677539453,0.07862903225806452,0.12281275264241405,0.009749579068337922,30.4
10436,64,26.6,30.0,0.1,718.2,-0.03901927605758358,0.01903288201160542,0.1625883780953998,0.058467741935483875,-0.0024239982825563196,0.006398161263596761,26.6
10436,75,6.2,24.0,0.1,133.92000000000002,-0.408355247847162,0.0032495164410058022,-0.040587755699727474,0.046370967741935484,-0.1969304545038261,0.0011930405965202982,6.2
10437,53,26.2,15.0,0.0,393.0,-0.046261157857379276,0.01872340425531915,-0.3453519563924184,0.028225806451612906,-0.11068288026235527,0.003501082395702488,26.2
10438,19,7.3,15.0,0.2,87.60000000000001,-0.3884400728977239,0.004100580270793036,-0.3453519563924184,0.028225806451612906,-0.2123503542987347,0.0007803939385840661,7.3
10438,34,11.2,20.0,0.2,179.20000000000002,-0.3178317253497163,0.007117988394584138,-0.17603851156314565,0.038306451612903226,-0.1818567700756425,0.001596422303587496,11.2
10438,57,15.6,15.0,0.2,187.20000000000002,-0.2381710255519641,0.010522243713733075,-0.3453519563924184,0.028225806451612906,-0.17919357494698815,0.0016676911564262235,15.6
10439,12,30.4,15.0,0.0,456.0,0.02977860104047508,0.021972920696324953,-0.3453519563924184,0.028225806451612906,-0.08971021862420234,0.004062324611807467,30.4
10439,16,13.9,16.0,0.0,222.4,-0.2689490232010956,0.00920696324951644,-0.31148926742656385,0.03024193548387097,-0.16747551638090907,0.0019812741089166243,13.9
10439,64,26.6,6.0,0.0,159.60000000000002,-0.03901927605758358,0.01903288201160542,-0.6501161570851093,0.010080645161290322,-0.18838159814084565,0.0014218136141326138,26.6
10439,74,8.0,30.0,0.0,240.0,-0.37576677974808154,0.0046421663442940036,0.1625883780953998,0.058467741935483875,-0.16161648709786952,0.0021380655851618246,8.0
10440,2,15.2,45.0,0.15,581.4,-0.24541290735175975,0.010212765957446808,0.670528712583218,0.08870967741935484,-0.047964634982545565,0.00517946388005452,15.2
10440,16,13.9,49.0,0.15,578.9350000000001,-0.2689490232010956,0.00920696324951644,0.8059794684466363,0.0967741935483871,-0.048785231981562156,0.005157504164773588,13.9
10440,29,99.0,24.0,0.15,2019.6,1.2717613297054295,0.07504835589941973,-0.040587755699727474,0.046370967741935484,0.43081126927128843,0.017991821899136753,99.0
10440,61,22.8,90.0,0.15,1744.2,-0.1078171531556423,0.016092843326885882,2.1943497160466725,0.17943548387096775,0.3391307769673628,0.015538391640163561,22.8
10441,27,35.1,50.0,0.0,1755.0,0.11487071218807407,0.02560928433268859,0.8398421574124908,0.09879032258064516,0.3427260903910461,0.015634604591495842,35.1
10442,11,16.8,30.0,0.0,504.0,-0.2164453801525771,0.011450676982591876,0.1625883780953998,0.058467741935483875,-0.0737310478522763,0.004489937728839832,16.8
10442,54,5.9,80.0,0.0,472.0,-0.41378665919700874,0.0030174081237911024,1.8557228263881271,0.1592741935483871,-0.08438382836689366,0.004204862317484922,5.9
10442,66,13.6,60.0,0.0,816.0,-0.27438043455094235,0.00897485493230174,1.1784690470710362,0.11895161290322581,0.030133562165242975,0.007269422989550204,13.6
10443,11,16.8,6.0,0.2,80.64000000000001,-0.2164453801525771,0.011450676982591876,-0.6501161570851093,0.010080645161290322,-0.214667334060664,0.0007183900366143733,16.8
10443,28,36.4,12.0,0.0,436.79999999999995,0.1384068280374099,0.026615087040618955,-0.44694002328998206,0.02217741935483871,-0.09610188693297277,0.003891279364994521,36.4
10444,17,31.2,10.0,0.0,312.0,0.0442623646400664,0.022591876208897486,-0.5146654012216911,0.01814516129032258,-0.13764773093998048,0.002779485260710372,31.2
10444,26,24.9,15.0,0.0,373.5,-0.06979727370671517,0.017717601547388783,-0.3453519563924184,0.028225806451612906,-0.11717441838845022,0.0033273645669080897,24.9
10444,35,14.4,8.0,0.0,115.2,-0.25989667095135105,0.009593810444874274,-0.5823907791534002,0.014112903225806451,-0.20316233110487722,0.0010262714808776758,14.4
10444,41,7.7,30.0,0.0,231.0,-0.38119819109792824,0.004410058027079304,0.1625883780953998,0.058467741935483875,-0.16461258161760567,0.0020578881257182565,7.7
10445,39,14.4,6.0,0.0,86.4,-0.25989667095135105,0.009593810444874274,-0.6501161570851093,0.010080645161290322,-0.21274983356803287,0.000769703610658257,14.4
10445,54,5.9,15.0,0.0,88.5,-0.41378665919700874,0.0030174081237911024,-0.3453519563924184,0.028225806451612906,-0.2120507448467611,0.0007884116845284229,5.9
10446,19,7.3,12.0,0.1,78.84,-0.3884400728977239,0.004100580270793036,-0.44694002328998206,0.02217741935483871,-0.2152665529646112,0.0007023545447256594,7.3
10446,24,3.6,20.0,0.1,64.8,-0.4554274795458337,0.0012379110251450676,-0.17603851156314565,0.038306451612903226,-0.2199404604153996,0.0005772777079936926,3.6
10446,31,10.0,3.0,0.1,27.0,-0.33955737074910325,0.006189555125725338,-0.751704223982673,0.004032258064516129,-0.23252405739829135,0.00024053237833070529,10.0
10446,52,5.6,15.0,0.1,75.60000000000001,-0.4192180705468554,0.002785299806576402,-0.3453519563924184,0.028225806451612906,-0.21634514699171623,0.0006734906593259749,5.6
10447,19,7.3,40.0,0.0,292.0,-0.3884400728977239,0.004100580270793036,0.5012152677539453,0.07862903225806452,-0.14430571876161633,0.0026013131286135535,7.3
10447,65,16.8,35.0,0.0,588.0,-0.2164453801525771,0.011450676982591876,0.3319018229246726,0.06854838709677419,-0.045767499001405726,0.005238260683646471,16.8
10447,71,17.2,310.0,0.0,5332.0,-0.2092034983527815,0.011760154738878143,9.644141288534673,0.6229838709677419,1.5335072122906181,0.047500690417011875,17.2
10448,26,24.9,6.0,0.0,149.39999999999998,-0.06979727370671517,0.017717601547388783,-0.6501161570851093,0.010080645161290322,-0.19177717192987995,0.0013309458267632356,24.9
10448,40,14.7,20.0,0.0,294.0,-0.25446525960150435,0.009825918762088975,-0.17603851156314565,0.038306451612903226,-0.14363991997945275,0.0026191303418232354,14.7
10449,10,24.8,14.0,0.0,347.2,-0.07160774415666403,0.017640232108317215,-0.37921464535827293,0.026209677419354836,-0.12592967237390137,0.003093068213200773,24.8
10449,52,5.6,20.0,0.0,112.0,-0.4192180705468554,0.002785299806576402,-0.17603851156314565,0.038306451612903226,-0.20422760915633897,0.000997763939742185,5.6
10449,62,39.4,35.0,0.0,1379.0,0.1927209415358773,0.02893617021276596,0.3319018229246726,0.06854838709677419,0.2175559193442922,0.012284968508075651,39.4
10450,10,24.8,20.0,0.2,396.8,-0.07160774415666403,0.017640232108317215,-0.17603851156314565,0.038306451612903226,-0.10941786257624446,0.0035349351008008836,24.8
10450,54,5.9,6.0,0.2,28.320000000000007,-0.41378665919700874,0.0030174081237911024,-0.6501161570851093,0.010080645161290322,-0.23208463020206335,0.0002522917390490954,5.9
10451,55,19.2,120.0,0.1,2073.6,-0.17299408935380323,0.013307543520309476,3.210230385022309,0.2399193548387097,0.4487878363897052,0.018472886655798163,19.2
10451,64,26.6,35.0,0.1,837.9,-0.03901927605758358,0.01903288201160542,0.3319018229246726,0.06854838709677419,0.03742405882993423,0.0074645214741962205,26.6
10451,65,16.8,28.0,0.1,423.36,-0.2164453801525771,0.011450676982591876,0.09486300016369072,0.05443548387096774,-0.10057605474911205,0.003771547692225459,16.8
10451,77,10.4,55.0,0.1,514.8000000000001,-0.3323154889493076,0.006499032882011606,1.0091556022417636,0.10887096774193548,-0.07013573442859292,0.004586150680172115,10.4
10452,28,36.4,15.0,0.0,546.0,0.1384068280374099,0.026615087040618955,-0.3453519563924184,0.028225806451612906,-0.05974927342684101,0.004864099206243151,36.4
10452,44,15.5,100.0,0.05,1472.5,-0.23998149600191301,0.010444874274661509,2.532976605705218,0.19959677419354838,0.24868201241043977,0.013117923225628278,15.5
10453,48,10.2,15.0,0.1,137.70000000000002,-0.3359364298492054,0.006344294003868472,-0.3453519563924184,0.028225806451612906,-0.19567209480553688,0.0012267151294865972,10.2
10453,70,12.0,25.0,0.1,270.0,-0.30334796175012496,0.007736943907156672,-0.006725066733872924,0.04838709677419355,-0.15162950536541575,0.002405323783307053,12.0
10454,16,13.9,20.0,0.2,222.4,-0.2689490232010956,0.00920696324951644,-0.17603851156314565,0.038306451612903226,-0.16747551638090907,0.0019812741089166243,13.9
10454,33,2.0,20.0,0.2,32.0,-0.48439500674501634,0.0,-0.17603851156314565,0.038306451612903226,-0.2308595604428824,0.00028507541135490996,2.5
10454,46,9.6,10.0,0.2,76.80000000000001,-0.3467992525488989,0.0058800773694390705,-0.5146654012216911,0.01814516129032258,-0.21594566772241805,0.0006841809872517841,9.6
10455,39,14.4,20.0,0.0,288.0,-0.25989667095135105,0.009593810444874274,-0.17603851156314565,0.038306451612903226,-0.14563731632594348,0.0025656787021941896,14.4
10455,53,26.2,50.0,0.0,1310.0,-0.046261157857379276,0.01872340425531915,0.8398421574124908,0.09879032258064516,0.1945858613596485,0.011670274652341626,26.2
10455,61,22.8,25.0,0.0,570.0,-0.1078171531556423,0.016092843326885882,-0.006725066733872924,0.04838709677419355,-0.05175968804087799,0.005077905764759334,22.8
10455,71,17.2,30.0,0.0,516.0,-0.2092034983527815,0.011760154738878143,0.1625883780953998,0.058467741935483875,-0.06973625515929478,0.004596841008097923,17.2
10456,21,8.0,40.0,0.15,272.0,-0.37576677974808154,0.0046421663442940036,0.5012152677539453,0.07862903225806452,-0.15096370658325217,0.002423140996516735,8.0
10456,49,16.0,21.0,0.15,285.59999999999997,-0.23092914375216844,0.010831721470019342,-0.1421758225972911,0.04032258064516129,-0.1464362748645398,0.0025442980463425712,16.0
10457,59,44.0,36.0,0.0,1584.0,0.27600258223352736,0.03249516441005803,0.3657645118905271,0.07056451612903225,0.28580029451605965,0.014111232862068043,44.0
10458,26,24.9,30.0,0.0,747.0,-0.06979727370671517,0.017717601547388783,0.1625883780953998,0.058467741935483875,0.007163504180599291,0.006654729133816179,24.9
10458,28,36.4,30.0,0.0,1092.0,0.1384068280374099,0.026615087040618955,0.1625883780953998,0.058467741935483875,0.12201379410381771,0.009728198412486302,36.4
10458,43,36.8,20.0,0.0,736.0,0.14564870983720551,0.02692456479690522,-0.17603851156314565,0.038306451612903226,0.003501610878699573,0.006556734461162929,36.8
10458,56,30.4,15.0,0.0,456.0,0.02977860104047508,0.021972920696324953,-0.3453519563924184,0.028225806451612906,-0.08971021862420234,0.004062324611807467,30.4
10458,71,17.2,50.0,0.0,860.0,-0.2092034983527815,0.011760154738878143,0.8398421574124908,0.09879032258064516,0.04478113537284185,0.007661401680163205,17.2
10459,7,24.0,16.0,0.05,364.79999999999995,-0.08609150775625536,0.01702127659574468,-0.31148926742656385,0.03024193548387097,-0.12007064309086184,0.0032498596894459733,24.0
10459,46,9.6,20.0,0.05,182.39999999999998,-0.3467992525488989,0.0058800773694390705,-0.17603851156314565,0.038306451612903226,-0.1807914920241808,0.0016249298447229867,9.6
10459,72,27.8,40.0,0.0,1112.0,-0.017293630658196633,0.019961315280464218,0.5012152677539453,0.07862903225806452,0.12867178192545356,0.009906370544583121,27.8
10460,68,10.0,21.0,0.25,157.5,-0.33955737074910325,0.006189555125725338,-0.1421758225972911,0.04032258064516129,-0.1890806868621174,0.0014031055402624474,10.0
10460,75,6.2,4.0,0.25,18.6,-0.408355247847162,0.0032495164410058022,-0.7178415350168185,0.006048387096774193,-0.23532041228337838,0.00016570008285004143,6.2
10461,21,8.0,40.0,0.25,240.0,-0.37576677974808154,0.0046421663442940036,0.5012152677539453,0.07862903225806452,-0.16161648709786952,0.0021380655851618246,8.0
10461,30,20.7,28.0,0.25,434.70000000000005,-0.1458370326045695,0.01446808510638298,0.09486300016369072,0.05443548387096774,-0.0968009756542445,0.0038725712911243555,20.7
10461,55,19.2,60.0,0.25,864.0,-0.17299408935380323,0.013307543520309476,1.1784690470710362,0.11895161290322581,0.04611273293716902,0.007697036106582569,19.2
10462,13,4.8,1.0,0.0,4.8,-0.43370183414644675,0.002166344294003868,-0.8194296019143821,0.0,-0.23991442388030715,4.276131170323649e-05,4.8
10462,23,7.2,21.0,0.0,151.20000000000002,-0.39025054334767284,0.00402321083172147,-0.1421758225972911,0.04032258064516129,-0.19117795302593268,0.0013469813186519498,7.2
10463,19,7.3,21.0,0.0,153.29999999999998,-0.3884400728977239,0.004100580270793036,-0.1421758225972911,0.04032258064516129,-0.19047886430466096,0.0013656893925221153,7.3
10463,42,11.2,50.0,0.0,560.0,-0.3178317253497163,0.007117988394584138,0.8398421574124908,0.09879032258064516,-0.05508868195169592,0.004988819698710924,11.2
10464,4,17.6,16.0,0.2,225.28000000000003,-0.2019616165529858,0.012069632495164411,-0.31148926742656385,0.03024193548387097,-0.1665167661345935,0.0020069308959385665,17.6
10464,43,36.8,3.0,0.0,110.39999999999999,0.14564870983720551,0.02692456479690522,-0.751704223982673,0.004032258064516129,-0.20476024818206984,0.0009835101691744394,36.8
10464,56,30.4,30.0,0.2,729.6,0.02977860104047508,0.021972920696324953,0.1625883780953998,0.058467741935483875,0.001371054775776108,0.0064997193788919475,30.4
10464,60,27.2,20.0,0.0,544.0,-0.02815645335789014,0.019497098646034817,-0.17603851156314565,0.038306451612903226,-0.0604150722090046,0.00484628199303347,27.2
10465,24,3.6,25.0,0.0,90.0,-0.4554274795458337,0.0012379110251450676,-0.006725066733872924,0.04838709677419355,-0.2115513957601384,0.0008017745944356843,3.6
10465,29,99.0,18.0,0.1,1603.8,1.2717613297054295,0.07504835589941973,-0.24376388949485475,0.034274193548387094,0.29239170245947915,0.014287623272843893,99.0
10465,40,14.7,20.0,0.0,294.0,-0.25446525960150435,0.009825918762088975,-0.17603851156314565,0.038306451612903226,-0.14363991997945275,0.0026191303418232354,14.7
10465,45,7.6,30.0,0.1,205.20000000000002,-0.38300866154787716,0.004332688588007737,0.1625883780953998,0.058467741935483875,-0.17320138590751588,0.0018280460753133602,7.6
10465,50,13.0,25.0,0.0,325.0,-0.2852432572506358,0.00851063829787234,-0.006725066733872924,0.04838709677419355,-0.13332003885591717,0.0028952971465733045,13.0
10466,11,16.8,10.0,0.0,168.0,-0.2164453801525771,0.011450676982591876,-0.5146654012216911,0.01814516129032258,-0.1855852432557586,0.0014966459096132773,16.8
10466,46,9.6,5.0,0.0,48.0,-0.3467992525488989,0.0058800773694390705,-0.6839788460509638,0.008064516129032258,-0.2255331701855737,0.00042761311703236495,9.6
10467,24,3.6,28.0,0.0,100.8,-0.4554274795458337,0.0012379110251450676,0.09486300016369072,0.05443548387096774,-0.20795608233645507,0.0008979875457679663,3.6
10467,25,11.2,12.0,0.0,134.39999999999998,-0.3178317253497163,0.007117988394584138,-0.44694002328998206,0.02217741935483871,-0.19677066279610683,0.0011973167276906217,11.2
10468,30,20.7,8.0,0.0,165.6,-0.1458370326045695,0.01446808510638298,-0.5823907791534002,0.014112903225806451,-0.1863842017943549,0.001475265253761659,20.7
10468,43,36.8,15.0,0.0,552.0,0.14564870983720551,0.02692456479690522,-0.3453519563924184,0.028225806451612906,-0.057751877080350254,0.004917550845872197,36.8
10469,2,15.2,40.0,0.15,516.8,-0.24541290735175975,0.010212765957446808,0.5012152677539453,0.07862903225806452,-0.06946993564642936,0.004603967893381795,15.2
10469,16,13.9,35.0,0.15,413.525,-0.2689490232010956,0.00920696324951644,0.3319018229246726,0.06854838709677419,-0.10385012026040148,0.003683931546266848,13.9
10469,44,15.5,2.0,0.15,26.349999999999998,-0.23998149600191301,0.010444874274661509,-0.7855669129485275,0.0020161290322580645,-0.2327404420024945,0.00023474178403755865,15.5
10470,18,50.0,30.0,0.0,1500.0,0.38463080923046217,0.03713733075435203,0.1625883780953998,0.058467741935483875,0.2578367456651891,0.013362909907261404,50.0
10470,23,7.2,15.0,0.0,108.0,-0.39025054334767284,0.00402321083172147,-0.3453519563924184,0.028225806451612906,-0.20555920672066613,0.0009621295133228211,7.2
10470,64,26.6,8.0,0.0,212.8,-0.03901927605758358,0.01903288201160542,-0.5823907791534002,0.014112903225806451,-0.17067135053529425,0.0018957514855101514,26.6
10471,7,24.0,30.0,0.0,720.0,-0.08609150775625536,0.01702127659574468,0.1625883780953998,0.058467741935483875,-0.001824779378609108,0.006414196755485474,24.0
10471,56,30.4,20.0,0.0,608.0,0.02977860104047508,0.021972920696324953,-0.17603851156314565,0.038306451612903226,-0.03910951117976987,0.005416432815743289,30.4
10472,24,3.6,80.0,0.05,273.59999999999997,-0.4554274795458337,0.0012379110251450676,1.8557228263881271,0.1592741935483871,-0.1504310675575213,0.00243739476708448,3.6
10472,51,42.4,18.0,0.0,763.1999999999999,0.2470350550343447,0.03125725338491296,-0.24376388949485475,0.034274193548387094,0.012556474316124307,0.0067990485608146025,42.4
10473,33,2.0,12.0,0.0,24.0,-0.48439500674501634,0.0,-0.44694002328998206,0.02217741935483871,-0.23352275557153673,0.00021380655851618247,2.5
10473,71,17.2,12.0,0.0,206.39999999999998,-0.2092034983527815,0.011760154738878143,-0.44694002328998206,0.02217741935483871,-0.17280190663821776,0.0018387364032391692,17.2
10474,14,18.6,12.0,0.0,223.20000000000002,-0.18385691205349666,0.012843326885880078,-0.44694002328998206,0.02217741935483871,-0.16720919686804364,0.001988400994200497,18.6
10474,28,36.4,18.0,0.0,655.1999999999999,0.1384068280374099,0.026615087040618955,-0.24376388949485475,0.034274193548387094,-0.023396659920709287,0.005836919047491781,36.4
10474,40,14.7,21.0,0.0,308.7,-0.25446525960150435,0.009825918762088975,-0.1421758225972911,0.04032258064516129,-0.13874629893055038,0.0027500868589143967,14.7
10474,75,6.2,10.0,0.0,62.0,-0.408355247847162,0.0032495164410058022,-0.5146654012216911,0.01814516129032258,-0.2208725787104286,0.0005523336095001381,6.2
10475,31,10.0,35.0,0.15,297.5,-0.33955737074910325,0.006189555125725338,0.3319018229246726,0.06854838709677419,-0.14247477211066645,0.0026503104649401787,10.0
10475,66,13.6,60.0,0.15,693.6,-0.27438043455094235,0.00897485493230174,1.1784690470710362,0.11895161290322581,-0.010613323303168424,0.006179009541117673,13.6
10475,76,14.4,42.0,0.15,514.08,-0.25989667095135105,0.009593810444874274,0.5689406456856544,0.08266129032258064,-0.07037542199017181,0.004579736483416629,14.4
10476,55,19.2,2.0,0.0,38.4,-0.17299408935380323,0.013307543520309476,-0.7855669129485275,0.0020161290322580645,-0.2287290043399589,0.0003420904936258919,19.2
10476,70,12.0,12.0,0.0,144.0,-0.30334796175012496,0.007736943907156672,-0.44694002328998206,0.02217741935483871,-0.19357482864172162,0.0012828393510970948,12.0
10477,1,14.4,15.0,0.0,216.0,-0.25989667095135105,0.009593810444874274,-0.3453519563924184,0.028225806451612906,-0.16960607248383255,0.0019242590266456423,14.4
10477,21,8.0,21.0,0.25,126.0,-0.37576677974808154,0.0046421663442940036,-0.1421758225972911,0.04032258064516129,-0.1995670176811939,0.001122484432209958,8.0
10477,39,14.4,20.0,0.25,216.0,-0.25989667095135105,0.009593810444874274,-0.17603851156314565,0.038306451612903226,-0.16960607248383255,0.0019242590266456423,14.4
10478,10,24.8,20.0,0.05,471.2,-0.07160774415666403,0.017640232108317215,-0.17603851156314565,0.038306451612903226,-0.0846501478797591,0.0041977354322010494,24.8
10479,38,210.8,30.0,0.0,6324.0,3.2958672927483152,0.16154738878143132,0.1625883780953998,0.058467741935483875,1.8637434082437565,0.05633802816901408,210.8
10479,53,26.2,28.0,0.0,733.6,-0.046261157857379276,0.01872340425531915,0.09486300016369072,0.05443548387096774,0.0027026523401032783,0.006535353805311311,26.2
10479,59,44.0,60.0,0.0,2640.0,0.27600258223352736,0.03249516441005803,1.1784690470710362,0.11895161290322581,0.6373420514984326,0.023518721436780073,44.0
10479,64,26.6,30.0,0.0,798.0,-0.03901927605758358,0.01903288201160542,0.1625883780953998,0.058467741935483875,0.02414137312577071,0.007109068070663067,26.6
10480,47,7.6,30.0,0.0,228.0,-0.38300866154787716,0.004332688588007737,0.1625883780953998,0.058467741935483875,-0.16561127979085105,0.0020311623059037333,7.6
10480,59,44.0,12.0,0.0,528.0,0.27600258223352736,0.03249516441005803,-0.44694002328998206,0.02217741935483871,-0.06574146246631328,0.004703744287356014,44.0
10481,49,16.0,24.0,0.0,384.0,-0.23092914375216844,0.010831721470019342,-0.040587755699727474,0.046370967741935484,-0.11367897478209141,0.0034209049362589196,16.0
10481,60,27.2,40.0,0.0,1088.0,-0.02815645335789014,0.019497098646034817,0.5012152677539453,0.07862903225806452,0.12068219653949055,0.00969256398606694,27.2
10482,40,14.7,10.0,0.0,147.0,-0.25446525960150435,0.009825918762088975,-0.5146654012216911,0.01814516129032258,-0.19257613046847624,0.0013095651709116177,14.7
10483,34,11.2,35.0,0.05,372.4,-0.3178317253497163,0.007117988394584138,0.3319018229246726,0.06854838709677419,-0.11754060771864021,0.0033175650996427647,11.2
10483,77,10.4,30.0,0.05,296.4,-0.3323154889493076,0.006499032882011606,0.1625883780953998,0.058467741935483875,-0.14284096144085645,0.0026405109976748533,10.4
10484,21,8.0,14.0,0.0,112.0,-0.37576677974808154,0.0046421663442940036,-0.37921464535827293,0.026209677419354836,-0.20422760915633897,0.000997763939742185,8.0
10484,40,14.7,10.0,0.0,147.0,-0.25446525960150435,0.009825918762088975,-0.5146654012216911,0.01814516129032258,-0.19257613046847624,0.0013095651709116177,14.7
10484,51,42.4,3.0,0.0,127.19999999999999,0.2470350550343447,0.03125725338491296,-0.751704223982673,0.004032258064516129,-0.19916753841189574,0.001133174760135767,42.4
10485,2,15.2,20.0,0.1,273.6,-0.24541290735175975,0.010212765957446808,-0.17603851156314565,0.038306451612903226,-0.15043106755752128,0.0024373947670844804,15.2
10485,3,8.0,20.0,0.1,144.0,-0.37576677974808154,0.0046421663442940036,-0.17603851156314565,0.038306451612903226,-0.19357482864172162,0.0012828393510970948,8.0
10485,55,19.2,30.0,0.1,518.4,-0.17299408935380323,0.013307543520309476,0.1625883780953998,0.058467741935483875,-0.06893729662069849,0.004618221663949541,19.2
10485,70,12.0,60.0,0.1,648.0,-0.30334796175012496,0.007736943907156672,1.1784690470710362,0.11895161290322581,-0.02579353553649817,0.005772777079936927,12.0
10486,11,16.8,5.0,0.0,84.0,-0.2164453801525771,0.011450676982591876,-0.6839788460509638,0.008064516129032258,-0.21354879210662916,0.0007483229548066386,16.8
10486,51,42.4,25.0,0.0,1060.0,0.2470350550343447,0.03125725338491296,-0.006725066733872924,0.04838709677419355,0.11136101358920036,0.009443123001131393,42.4
10486,74,8.0,16.0,0.0,128.0,-0.37576677974808154,0.0046421663442940036,-0.31148926742656385,0.03024193548387097,-0.19890121889903029,0.0011403016454196399,8.0
10487,19,7.3,5.0,0.0,36.5,-0.3884400728977239,0.004100580270793036,-0.6839788460509638,0.008064516129032258,-0.22936151318301432,0.0003251641410766942,7.3
10487,26,24.9,30.0,0.0,747.0,-0.06979727370671517,0.017717601547388783,0.1625883780953998,0.058467741935483875,0.007163504180599291,0.006654729133816179,24.9
10487,54,5.9,24.0,0.25,106.20000000000002,-0.41378665919700874,0.0030174081237911024,-0.040587755699727474,0.046370967741935484,-0.20615842562461337,0.0009460940214341076,5.9
10488,59,44.0,30.0,0.0,1320.0,0.27600258223352736,0.03249516441005803,0.1625883780953998,0.058467741935483875,0.19791485527046643,0.011759360718390037,44.0
10488,73,12.0,20.0,0.2,192.0,-0.30334796175012496,0.007736943907156672,-0.17603851156314565,0.038306451612903226,-0.17759565786979556,0.0017104524681294598,12.0
10489,11,16.8,15.0,0.25,189.0,-0.2164453801525771,0.011450676982591876,-0.3453519563924184,0.028225806451612906,-0.17859435604304094,0.001683726648314937,16.8
10489,16,13.9,18.0,0.0,250.20000000000002,-0.2689490232010956,0.00920696324951644,-0.24376388949485475,0.034274193548387094,-0.15822091330883523,0.0022289333725312023,13.9
10490,68,10.0,30.0,0.0,300.0,-0.33955737074910325,0.006189555125725338,0.1625883780953998,0.058467741935483875,-0.14164252363296198,0.002672581981452281,10.0
10490,75,6.2,36.0,0.0,223.20000000000002,-0.408355247847162,0.0032495164410058022,0.3657645118905271,0.07056451612903225,-0.16720919686804364,0.001988400994200497,6.2
10491,44,15.5,15.0,0.15,197.625,-0.23998149600191301,0.010444874274661509,-0.3453519563924184,0.028225806451612906,-0.17572309879496048,0.00176056338028169,15.5
10491,77,10.4,7.0,0.15,61.879999999999995,-0.3323154889493076,0.006499032882011606,-0.6162534681192547,0.012096774193548387,-0.22091252663735841,0.0005512645767075571,10.4
10492,25,11.2,60.0,0.05,638.4,-0.3178317253497163,0.007117988394584138,1.1784690470710362,0.11895161290322581,-0.028989369690883386,0.005687254456530453,11.2
10492,42,11.2,20.0,0.05,212.79999999999998,-0.3178317253497163,0.007117988394584138,-0.17603851156314565,0.038306451612903226,-0.1706713505352943,0.0018957514855101512,11.2
10493,65,16.8,15.0,0.1,226.8,-0.2164453801525771,0.011450676982591876,-0.3453519563924184,0.028225806451612906,-0.1660107590601492,0.0020204719779779246,16.8
10493,66,13.6,10.0,0.1,122.4,-0.27438043455094235,0.00897485493230174,-0.5146654012216911,0.01814516129032258,-0.20076545548908833,0.0010904134484325306,13.6
10493,69,28.8,10.0,0.1,259.2,0.0008110738412925027,0.020735009671179885,-0.5146654012216911,0.01814516129032258,-0.1552248187890991,0.0023091108319747704,28.8
10494,56,30.4,30.0,0.0,912.0,0.02977860104047508,0.021972920696324953,0.1625883780953998,0.058467741935483875,0.06209190370909506,0.008124649223614933,30.4
10495,23,7.2,10.0,0.0,72.0,-0.39025054334767284,0.00402321083172147,-0.5146654012216911,0.01814516129032258,-0.21754358479961067,0.0006414196755485474,7.2
10495,41,7.7,20.0,0.0,154.0,-0.38119819109792824,0.004410058027079304,-0.17603851156314565,0.038306451612903226,-0.1902458347309037,0.0013719254171455043,7.7
10495,77,10.4,5.0,0.0,52.0,-0.3323154889493076,0.006499032882011606,-0.6839788460509638,0.008064516129032258,-0.22420157262124651,0.0004632475434517287,10.4
10496,31,10.0,20.0,0.05,190.0,-0.33955737074910325,0.006189555125725338,-0.17603851156314565,0.038306451612903226,-0.17826145665195917,0.0016926352549197778,10.0
10497,56,30.4,14.0,0.0,425.59999999999997,0.02977860104047508,0.021972920696324953,-0.37921464535827293,0.026209677419354836,-0.09983036011308885,0.0037915029710203023,30.4
10497,72,27.8,25.0,0.0,695.0,-0.017293630658196633,0.019961315280464218,-0.006725066733872924,0.04838709677419355,-0.010147264155653922,0.0061914815903644504,27.8
10497,77,10.4,25.0,0.0,260.0,-0.3323154889493076,0.006499032882011606,-0.006725066733872924,0.04838709677419355,-0.15495849927623367,0.0023162377172586436,10.4
10498,24,4.5,14.0,0.0,63.0,-0.43913324549629346,0.0019342359767891683,-0.37921464535827293,0.026209677419354836,-0.22053967931934682,0.000561242216104979,4.5
10498,40,18.4,5.0,0.0,92.0,-0.18747785295339453,0.012688588007736942,-0.6839788460509638,0.008064516129032258,-0.21088559697797482,0.0008195918076453661,18.4
10498,42,14.0,30.0,0.0,420.0,-0.26713855275114673,0.009284332688588007,0.1625883780953998,0.058467741935483875,-0.10169459670314687,0.0037416147740331933,14.0
10499,28,45.6,20.0,0.0,912.0,0.30497010943270997,0.0337330754352031,-0.17603851156314565,0.038306451612903226,0.06209190370909506,0.008124649223614933,45.6
10499,49,20.0,25.0,0.0,500.0,-0.1585103257542119,0.013926499032882012,-0.006725066733872924,0.04838709677419355,-0.07506264541660347,0.004454303302420469,20.0
10500,15,15.5,12.0,0.05,176.7,-0.23998149600191301,0.010444874274661509,-0.44694002328998206,0.02217741935483871,-0.18268901855334702,0.0015741507870753934,15.5
10500,28,45.6,8.0,0.05,346.56,0.30497010943270997,0.0337330754352031,-0.5823907791534002,0.014112903225806451,-0.1261427279841937,0.0030873667049736747,45.6
10501,54,7.45,20.0,0.0,149.0,-0.38572436722280057,0.004216634429400386,-0.17603851156314565,0.038306451612903226,-0.19191033168631266,0.0013273823841212994,7.45
10502,45,9.5,21.0,0.0,199.5,-0.3486097229988478,0.005802707930367504,-0.1421758225972911,0.04032258064516129,-0.17509891243668213,0.0017772670176657668,9.5
10502,53,32.8,6.0,0.0,196.79999999999998,0.07322989183924898,0.02382978723404255,-0.6501161570851093,0.010080645161290322,-0.17599774079260297,0.001753213779832696,32.8
10502,67,14.0,30.0,0.0,420.0,-0.26713855275114673,0.009284332688588007,0.1625883780953998,0.058467741935483875,-0.10169459670314687,0.0037416147740331933,14.0
10503,14,23.25,70.0,0.0,1627.5,-0.0996700361308722,0.016441005802707933,1.5170959367295818,0.13911290322580644,0.30028141802811764,0.014498757249378625,23.25
10503,65,21.05,20.0,0.0,421.0,-0.1395003860297483,0.014738878143133462,-0.17603851156314565,0.038306451612903226,-0.10136169731206508,0.003750523380638034,21.05
10504,2,19.0,12.0,0.0,228.0,-0.17661503025370104,0.013152804642166343,-0.44694002328998206,0.02217741935483871,-0.16561127979085105,0.0020311623059037333,19.0
10504,21,10.0,12.0,0.0,120.0,-0.33955737074910325,0.006189555125725338,-0.44694002328998206,0.02217741935483871,-0.20156441402768463,0.0010690327925809123,10.0
10504,53,32.8,10.0,0.0,328.0,0.07322989183924898,0.02382978723404255,-0.5146654012216911,0.01814516129032258,-0.1323213406826718,0.002922022966387827,32.8
10504,61,28.5,25.0,0.0,712.5,-0.00462033750855425,0.020502901353965184,-0.006725066733872924,0.04838709677419355,-0.004321524811722552,0.006347382205949167,28.5
10505,62,49.3,3.0,0.0,147.89999999999998,0.3719575160808197,0.03659574468085106,-0.751704223982673,0.004032258064516129,-0.19227652101650264,0.0013175829168559743,49.3
10506,25,14.0,18.0,0.1,226.8,-0.26713855275114673,0.009284332688588007,-0.24376388949485475,0.034274193548387094,-0.1660107590601492,0.0020204719779779246,14.0
10506,70,15.0,14.0,0.1,189.0,-0.24903384825165756,0.010058027079303675,-0.37921464535827293,0.026209677419354836,-0.17859435604304094,0.001683726648314937,15.0
10507,43,46.0,15.0,0.15,586.5,0.3122119912325056,0.03404255319148936,-0.3453519563924184,0.028225806451612906,-0.04626684808802841,0.005224897773739209,46.0
10507,48,12.75,15.0,0.15,162.5625,-0.28976943337550815,0.008317214700193424,-0.3453519563924184,0.028225806451612906,-0.18739538369476583,0.0014482053611994546,12.75
10508,13,6.0,10.0,0.0,60.0,-0.41197618874705977,0.0030947775628626687,-0.5146654012216911,0.01814516129032258,-0.2215383774925922,0.0005345163962904561,6.0
10508,39,18.0,10.0,0.0,180.0,-0.19471973475319015,0.012379110251450677,-0.5146654012216911,0.01814516129032258,-0.1815904505627771,0.0016035491888713685,18.0
10509,28,45.6,3.0,0.0,136.8,0.30497010943270997,0.0337330754352031,-0.751704223982673,0.004032258064516129,-0.1959717042575105,0.0012186973835422402,45.6
10510,75,7.75,36.0,0.1,251.1,-0.3802929558729538,0.004448742746615087,0.3657645118905271,0.07056451612903225,-0.15792130385686162,0.0022369511184755593,7.75
10511,4,22.0,50.0,0.15,935.0,-0.12230091675523362,0.015473887814313346,0.8398421574124908,0.09879032258064516,0.0697485897039763,0.008329547175526275,22.0
10511,7,30.0,50.0,0.15,1275.0,0.022536719240679452,0.021663442940038687,0.8398421574124908,0.09879032258064516,0.18293438267178574,0.011358473421172193,30.0
10511,8,40.0,10.0,0.15,340.0,0.20358376423557079,0.02940038684719536,-0.5146654012216911,0.01814516129032258,-0.1283265479896903,0.0030289262456459185,40.0
10512,24,4.5,10.0,0.15,38.25,-0.43913324549629346,0.0019342359767891683,-0.5146654012216911,0.01814516129032258,-0.22877893924862117,0.00034075420263516583,4.5
10512,46,12.0,9.0,0.15,91.8,-0.30334796175012496,0.007736943907156672,-0.5485280901875457,0.016129032258064516,-0.2109521768561912,0.0008178100863243979,12.0
10512,47,9.5,6.0,0.15,48.449999999999996,-0.3486097229988478,0.005802707930367504,-0.6501161570851093,0.010080645161290322,-0.22538336545958687,0.00043162199000454333,9.5
10512,60,34.0,12.0,0.15,346.8,0.09495553723863599,0.024758220502901353,-0.44694002328998206,0.02217741935483871,-0.1260628321303341,0.0030895047705588367,34.0
10513,21,10.0,40.0,0.2,320.0,-0.33955737074910325,0.006189555125725338,0.5012152677539453,0.07862903225806452,-0.13498453581132613,0.0028507541135490994,10.0
10513,32,32.0,50.0,0.2,1280.0,0.05874612823965772,0.02321083172147002,0.8398421574124908,0.09879032258064516,0.1845988796271947,0.011403016454196398,32.0
10513,61,28.5,15.0,0.2,342.0,-0.00462033750855425,0.020502901353965184,-0.3453519563924184,0.028225806451612906,-0.12766074920752668,0.0030467434588556004,28.5
10514,20,81.0,39.0,0.0,3159.0,0.9458766487146253,0.06112185686653772,0.4673525787880907,0.07661290322580645,0.8101168354698829,0.02814228826469252,81.0
10514,28,45.6,35.0,0.0,1596.0,0.30497010943270997,0.0337330754352031,0.3319018229246726,0.06854838709677419,0.2897950872090412,0.014218136141326134,45.6
10514,56,38.0,70.0,0.0,2660.0,0.16737435523659253,0.027852998065764023,1.5170959367295818,0.13911290322580644,0.6440000393200684,0.02369689356887689,38.0
10514,65,21.05,39.0,0.0,820.95,-0.1395003860297483,0.014738878143133462,0.4673525787880907,0.07661290322580645,0.031781414151097864,0.007313520592244167,21.05
10514,75,7.75,50.0,0.0,387.5,-0.3802929558729538,0.004448742746615087,0.8398421574124908,0.09879032258064516,-0.11251382691330512,0.003452085059375863,7.75
10515,9,97.0,16.0,0.15,1319.2,1.2355519207064514,0.0735009671179884,-0.31148926742656385,0.03024193548387097,0.197648535757601,0.011752233833106163,97.0
10515,16,17.45,50.0,0.0,872.5,-0.20467732222790921,0.01195357833655706,0.8398421574124908,0.09879032258064516,0.04894237776136426,0.007772759262723717,17.45
10515,27,43.9,120.0,0.0,5268.0,0.2741921117835784,0.03241779497098646,3.210230385022309,0.2399193548387097,1.5122016512613834,0.04693053959430205,43.9
10515,33,2.5,20.0,0.15,42.5,-0.47534265449527174,0.0003868471953578337,-0.17603851156314565,0.038306451612903226,-0.22736411683652355,0.0003786157807057398,2.5
10515,60,34.0,84.0,0.15,2427.6,0.09495553723863599,0.024758220502901353,1.9911735822515453,0.16733870967741934,0.5666342208326598,0.021626533393911858,34.0
10516,18,62.5,25.0,0.1,1406.25,0.6109396154740764,0.04680851063829787,-0.006725066733872924,0.04838709677419355,0.22662742775127104,0.012527728038057568,62.5
10516,41,9.65,80.0,0.1,694.8000000000001,-0.34589401732392444,0.0059187620889748545,1.8557228263881271,0.1592741935483871,-0.010213844033870257,0.006189699869043483,9.65
10516,42,14.0,20.0,0.0,280.0,-0.26713855275114673,0.009284332688588007,-0.17603851156314565,0.038306451612903226,-0.14830051145459783,0.002494409849355462,14.0
10517,52,7.0,6.0,0.0,42.0,-0.3938714842475706,0.003868471953578336,-0.6501161570851093,0.010080645161290322,-0.22753056653206447,0.0003741614774033193,7.0
10517,59,55.0,4.0,0.0,220.0,0.47515433172790783,0.04100580270793037,-0.7178415350168185,0.006048387096774193,-0.16827447491950537,0.001959893453065006,55.0
10517,70,15.0,6.0,0.0,90.0,-0.24903384825165756,0.010058027079303675,-0.6501161570851093,0.010080645161290322,-0.2115513957601384,0.0008017745944356843,15.0
10518,24,4.5,5.0,0.0,22.5,-0.43913324549629346,0.0019342359767891683,-0.6839788460509638,0.008064516129032258,-0.2340221046581594,0.00020044364860892107,4.5
10518,38,263.5,15.0,0.0,3952.5,4.249985219871392,0.20232108317214698,-0.3453519563924184,0.028225806451612906,1.0742725022932853,0.035211267605633804,263.5
10518,44,19.45,9.0,0.0,175.04999999999998,-0.16846791322893093,0.013500967117988394,-0.5485280901875457,0.016129032258064516,-0.18323830254863196,0.0015594515861774058,19.45
10519,10,31.0,16.0,0.05,471.2,0.04064142374016859,0.022437137330754354,-0.31148926742656385,0.03024193548387097,-0.0846501478797591,0.0041977354322010494,31.0
10519,56,38.0,40.0,0.0,1520.0,0.16737435523659253,0.027852998065764023,0.5012152677539453,0.07862903225806452,0.26449473348682495,0.013541082039358223,38.0
10519,60,34.0,10.0,0.05,323.0,0.09495553723863599,0.024758220502901353,-0.5146654012216911,0.01814516129032258,-0.13398583763808075,0.0028774799333636226,34.0
10520,24,4.5,8.0,0.0,36.0,-0.43913324549629346,0.0019342359767891683,-0.5823907791534002,0.014112903225806451,-0.2295279628785552,0.0003207098377742737,4.5
10520,53,32.8,5.0,0.0,164.0,0.07322989183924898,0.02382978723404255,-0.6839788460509638,0.008064516129032258,-0.18691684082008575,0.0014610114831939136,32.8
10521,35,18.0,3.0,0.0,54.0,-0.19471973475319015,0.012379110251450677,-0.751704223982673,0.004032258064516129,-0.22353577383908294,0.00048106475666141057,18.0
10521,41,9.65,10.0,0.0,96.5,-0.34589401732392444,0.0059187620889748545,-0.5146654012216911,0.01814516129032258,-0.20938754971810675,0.0008596805373671504,9.65
10521,68,12.5,6.0,0.0,75.0,-0.2942956095003804,0.008123791102514506,-0.6501161570851093,0.010080645161290322,-0.2165448866263653,0.0006681454953630702,12.5
10522,1,18.0,40.0,0.2,576.0,-0.19471973475319015,0.012379110251450677,0.5012152677539453,0.07862903225806452,-0.049762291694387235,0.005131357404388379,18.0
10522,8,40.0,24.0,0.0,960.0,0.20358376423557079,0.02940038684719536,-0.040587755699727474,0.046370967741935484,0.0780710744810211,0.008552262340647298,40.0
10522,30,25.89,20.0,0.2,414.24,-0.05187361625222088,0.018483558994197295,-0.17603851156314565,0.038306451612903226,-0.10361209719577799,0.0036903011999893094,25.89
10522,40,18.4,25.0,0.2,368.0,-0.18747785295339453,0.012688588007736942,-0.006725066733872924,0.04838709677419355,-0.11900536503940008,0.0032783672305814644,18.4
10523,17,39.0,25.0,0.1,877.5,0.18547905973608167,0.028626692456479693,-0.006725066733872924,0.04838709677419355,0.05060687471677322,0.007817302295747921,39.0
10523,20,81.0,15.0,0.1,1093.5,0.9458766487146253,0.06112185686653772,-0.3453519563924184,0.028225806451612906,0.1225131431904404,0.009741561322393564,81.0
10523,37,26.0,18.0,0.1,421.2,-0.04988209875727709,0.018568665377176018,-0.24376388949485475,0.034274193548387094,-0.10129511743384872,0.0037523051019590025,26.0
10523,41,9.65,6.0,0.1,52.11000000000001,-0.34589401732392444,0.0059187620889748545,-0.6501161570851093,0.010080645161290322,-0.22416495368822753,0.00046422749017826126,9.65
10524,10,31.0,2.0,0.0,62.0,0.04064142374016859,0.022437137330754354,-0.7855669129485275,0.0020161290322580645,-0.2208725787104286,0.0005523336095001381,31.0
10524,30,25.89,10.0,0.0,258.9,-0.05187361625222088,0.018483558994197295,-0.5146654012216911,0.01814516129032258,-0.15532468860642365,0.002306438249993318,25.89
10524,43,46.0,60.0,0.0,2760.0,0.3122119912325056,0.03404255319148936,1.1784690470710362,0.11895161290322581,0.6772899784282477,0.024587754229360985,46.0
10524,54,7.45,15.0,0.0,111.75,-0.38572436722280057,0.004216634429400386,-0.3453519563924184,0.028225806451612906,-0.20431083400410943,0.0009955367880909746,7.45
10525,36,19.0,30.0,0.0,570.0,-0.17661503025370104,0.013152804642166343,0.1625883780953998,0.058467741935483875,-0.05175968804087799,0.005077905764759334,19.0
10525,40,18.4,15.0,0.1,248.4,-0.18747785295339453,0.012688588007736942,-0.3453519563924184,0.028225806451612906,-0.1588201322127825,0.0022128978806424887,18.4
10526,1,18.0,8.0,0.15,122.39999999999999,-0.19471973475319015,0.012379110251450677,-0.5823907791534002,0.014112903225806451,-0.20076545548908833,0.0010904134484325306,18.0
10526,13,6.0,10.0,0.0,60.0,-0.41197618874705977,0.0030947775628626687,-0.5146654012216911,0.01814516129032258,-0.2215383774925922,0.0005345163962904561,6.0
10526,56,38.0,30.0,0.15,969.0,0.16737435523659253,0.027852998065764023,0.1625883780953998,0.058467741935483875,0.08106716900075724,0.008632439800090867,38.0
10527,4,22.0,50.0,0.1,990.0,-0.12230091675523362,0.015473887814313346,0.8398421574124908,0.09879032258064516,0.08805805621347487,0.008819520538792527,22.0
10527,36,19.0,30.0,0.1,513.0,-0.17661503025370104,0.013152804642166343,0.1625883780953998,0.058467741935483875,-0.07073495333254017,0.004570115188283401,19.0
10528,11,21.0,3.0,0.0,63.0,-0.14040562125472275,0.01470019342359768,-0.751704223982673,0.004032258064516129,-0.22053967931934682,0.000561242216104979,21.0
10528,33,2.5,8.0,0.2,16.0,-0.47534265449527174,0.0003868471953578337,-0.5823907791534002,0.014112903225806451,-0.23618595070019105,0.00014253770567745498,2.5
10528,72,34.8,9.0,0.0,313.2,0.10943930083822724,0.025377176015473887,-0.5485280901875457,0.016129032258064516,-0.13724825167068233,0.0027901755886361812,34.8
10529,55,24.0,14.0,0.0,336.0,-0.08609150775625536,0.01702127659574468,-0.37921464535827293,0.026209677419354836,-0.12965814555401745,0.0029932918192265546,24.0
10529,68,12.5,20.0,0.0,250.0,-0.2942956095003804,0.008123791102514506,-0.17603851156314565,0.038306451612903226,-0.1582874931870516,0.0022271516512102343,12.5
10529,69,36.0,10.0,0.0,360.0,0.13116494623761427,0.02630560928433269,-0.5146654012216911,0.01814516129032258,-0.12166856016805443,0.003207098377742737,36.0
10530,17,39.0,40.0,0.0,1560.0,0.18547905973608167,0.028626692456479693,0.5012152677539453,0.07862903225806452,0.27781070913009664,0.01389742630355186,39.0
10530,43,46.0,25.0,0.0,1150.0,0.3122119912325056,0.03404255319148936,-0.006725066733872924,0.04838709677419355,0.14132195878656167,0.010244897595567078,46.0
10530,61,28.5,20.0,0.0,570.0,-0.00462033750855425,0.020502901353965184,-0.17603851156314565,0.038306451612903226,-0.05175968804087799,0.005077905764759334,28.5
10530,76,18.0,50.0,0.0,900.0,-0.19471973475319015,0.012379110251450677,0.8398421574124908,0.09879032258064516,0.05809711101611355,0.008017745944356842,18.0
10531,59,55.0,2.0,0.0,110.0,0.47515433172790783,0.04100580270793037,-0.7855669129485275,0.0020161290322580645,-0.20489340793850255,0.000979946726532503,55.0
10532,30,25.89,15.0,0.0,388.35,-0.05187361625222088,0.018483558994197295,-0.3453519563924184,0.028225806451612906,-0.11223086243088559,0.003459657374989978,25.89
10532,66,17.0,24.0,0.0,408.0,-0.2128244392526793,0.011605415860735008,-0.040587755699727474,0.046370967741935484,-0.10568938939612839,0.003634711494775102,17.0
10533,4,22.0,50.0,0.05,1045.0,-0.12230091675523362,0.015473887814313346,0.8398421574124908,0.09879032258064516,0.10636752272297346,0.009309493902058779,22.0
10533,72,34.8,24.0,0.0,835.1999999999999,0.10943930083822724,0.025377176015473887,-0.040587755699727474,0.046370967741935484,0.03652523047401337,0.007440468236363149,34.8
10533,73,15.0,24.0,0.05,342.0,-0.24903384825165756,0.010058027079303675,-0.040587755699727474,0.046370967741935484,-0.12766074920752668,0.0030467434588556004,15.0
10534,30,25.89,10.0,0.0,258.9,-0.05187361625222088,0.018483558994197295,-0.5146654012216911,0.01814516129032258,-0.15532468860642365,0.002306438249993318,25.89
10534,40,18.4,10.0,0.2,147.20000000000002,-0.18747785295339453,0.012688588007736942,-0.5146654012216911,0.01814516129032258,-0.19250955059025987,0.001311346892232586,18.4
10534,54,7.45,10.0,0.2,59.6,-0.38572436722280057,0.004216634429400386,-0.5146654012216911,0.01814516129032258,-0.22167153724902489,0.0005309529536485199,7.45
10535,11,21.0,50.0,0.1,945.0,-0.14040562125472275,0.01470019342359768,0.8398421574124908,0.09879032258064516,0.07307758361479422,0.008418633241574686,21.0
10535,40,18.4,10.0,0.1,165.6,-0.18747785295339453,0.012688588007736942,-0.5146654012216911,0.01814516129032258,-0.1863842017943549,0.001475265253761659,18.4
10535,57,19.5,5.0,0.1,87.75,-0.16756267800395647,0.013539651837524178,-0.6839788460509638,0.008064516129032258,-0.21230041939007244,0.0007817302295747921,19.5
10535,59,55.0,15.0,0.1,742.5,0.47515433172790783,0.04100580270793037,-0.3453519563924184,0.028225806451612906,0.005665456920731224,0.006614640404094395,55.0
10536,12,895.0,15.0,0.25,10068.75,15.683106111298782,0.6909090909090909,-0.3453519563924184,0.028225806451612906,3.110368402997299,0.08969853275249218,263.5
10536,31,12.5,20.0,0.0,250.0,-0.2942956095003804,0.008123791102514506,-0.17603851156314565,0.038306451612903226,-0.1582874931870516,0.0022271516512102343,12.5
10536,33,2.5,30.0,0.0,75.0,-0.47534265449527174,0.0003868471953578337,0.1625883780953998,0.058467741935483875,-0.2165448866263653,0.0006681454953630702,2.5
10536,60,34.0,35.0,0.25,892.5,0.09495553723863599,0.024758220502901353,0.3319018229246726,0.06854838709677419,0.055600365583000105,0.007950931394820535,34.0
10537,31,12.5,30.0,0.0,375.0,-0.2942956095003804,0.008123791102514506,0.1625883780953998,0.058467741935483875,-0.11667506930182754,0.003340727476815351,12.5
10537,51,53.0,6.0,0.0,318.0,0.43894492272892954,0.039458413926499035,-0.6501161570851093,0.010080645161290322,-0.1356503345934897,0.002832936900339418,53.0
10537,58,13.25,20.0,0.0,265.0,-0.28071708112576355,0.008704061895551257,-0.17603851156314565,0.038306451612903226,-0.1532940023208247,0.0023607807502828483,13.25
10537,72,34.8,21.0,0.0,730.8,0.10943930083822724,0.025377176015473887,-0.1421758225972911,0.04032258064516129,0.0017705340450742363,0.006510409706817756,34.8
10537,73,15.0,9.0,0.0,135.0,-0.24903384825165756,0.010058027079303675,-0.5485280901875457,0.016129032258064516,-0.19657092316145774,0.0012026618916535265,15.0
10538,70,15.0,7.0,0.0,105.0,-0.24903384825165756,0.010058027079303675,-0.6162534681192547,0.012096774193548387,-0.20655790489391151,0.0009354036935082983,15.0
10538,72,34.8,1.0,0.0,34.8,0.10943930083822724,0.025377176015473887,-0.8194296019143821,0.0,-0.22992744214785338,0.0003100195098484646,34.8
10539,13,6.0,8.0,0.0,48.0,-0.41197618874705977,0.0030947775628626687,-0.5823907791534002,0.014112903225806451,-0.2255331701855737,0.00042761311703236495,6.0
10539,21,10.0,15.0,0.0,150.0,-0.33955737074910325,0.006189555125725338,-0.3453519563924184,0.028225806451612906,-0.19157743229523086,0.0013362909907261404,10.0
10539,33,2.5,15.0,0.0,37.5,-0.47534265449527174,0.0003868471953578337,-0.3453519563924184,0.028225806451612906,-0.2290286137919325,0.0003340727476815351,2.5
10539,49,20.0,6.0,0.0,120.0,-0.1585103257542119,0.013926499032882012,-0.6501161570851093,0.010080645161290322,-0.20156441402768463,0.0010690327925809123,20.0
10540,3,10.0,60.0,0.0,600.0,-0.33955737074910325,0.006189555125725338,1.1784690470710362,0.11895161290322581,-0.041772706308424216,0.005345163962904562,10.0
10540,26,31.23,40.0,0.0,1249.2,0.044805505775051095,0.02261508704061896,0.5012152677539453,0.07862903225806452,0.17434557838187553,0.011128631370767299,31.23
10540,38,263.5,30.0,0.0,7905.0,4.249985219871392,0.20232108317214698,0.1625883780953998,0.058467741935483875,2.3900573455440703,0.07042253521126761,263.5
10540,68,12.5,35.0,0.0,437.5,-0.2942956095003804,0.008123791102514506,0.3319018229246726,0.06854838709677419,-0.0958688573592155,0.00389751538961791,12.5
10541,24,4.5,35.0,0.1,141.75,-0.43913324549629346,0.0019342359767891683,0.3319018229246726,0.06854838709677419,-0.19432385227165563,0.0012627949862362028,4.5
99999,38,263.5,4.0,0.1,948.6,4.249985219871392,0.20232108317214698,-0.7178415350168185,0.006048387096774193,0.07427602142268867,0.008450704225352112,263.5
10541,65,21.05,36.0,0.1,682.0200000000001,-0.1395003860297483,0.014738878143133462,0.3657645118905271,0.07056451612903225,-0.014468298251895557,0.006075847876633616,21.05
10541,71,21.5,9.0,0.1,174.15,-0.1313532690049782,0.015087040618955513,-0.5485280901875457,0.016129032258064516,-0.18353791200060557,0.0015514338402330492,21.5
10542,11,21.0,15.0,0.05,299.25,-0.14040562125472275,0.01470019342359768,-0.3453519563924184,0.028225806451612906,-0.14189219817627333,0.0026659005264986504,21.0
10542,54,7.45,24.0,0.05,169.86,-0.38572436722280057,0.004216634429400386,-0.040587755699727474,0.046370967741935484,-0.18496605038834646,0.0015132159178982815,7.45
10543,12,38.0,30.0,0.15,969.0,0.16737435523659253,0.027852998065764023,0.1625883780953998,0.058467741935483875,0.08106716900075724,0.008632439800090867,38.0
10543,23,9.0,70.0,0.15,535.5,-0.3576620752485924,0.005415860735009671,1.5170959367295818,0.13911290322580644,-0.06324471703319984,0.004770558836892321,9.0
10544,28,45.6,7.0,0.0,319.2,0.30497010943270997,0.0337330754352031,-0.6162534681192547,0.012096774193548387,-0.13525085532419157,0.0028436272282652266,45.6
10544,67,14.0,7.0,0.0,98.0,-0.26713855275114673,0.009284332688588007,-0.6162534681192547,0.012096774193548387,-0.20888820063148408,0.0008730434472744117,14.0
10545,11,21.0,10.0,0.0,210.0,-0.14040562125472275,0.01470019342359768,-0.5146654012216911,0.01814516129032258,-0.17160346883032332,0.0018708073870165967,21.0
10546,7,30.0,10.0,0.0,300.0,0.022536719240679452,0.021663442940038687,-0.5146654012216911,0.01814516129032258,-0.14164252363296198,0.002672581981452281,30.0
10546,35,18.0,30.0,0.0,540.0,-0.19471973475319015,0.012379110251450677,0.1625883780953998,0.058467741935483875,-0.061746669773331764,0.004810647566614106,18.0
10546,62,49.3,40.0,0.0,1972.0,0.3719575160808197,0.03659574468085106,0.5012152677539453,0.07862903225806452,0.4149652582557951,0.017567772224746328,49.3
10547,32,32.0,24.0,0.15,652.8,0.05874612823965772,0.02321083172147002,-0.040587755699727474,0.046370967741935484,-0.024195618459305582,0.0058155383916401624,32.0
10547,36,19.0,60.0,0.0,1140.0,-0.17661503025370104,0.013152804642166343,1.1784690470710362,0.11895161290322581,0.13799296487574375,0.010155811529518667,19.0
10548,34,14.0,10.0,0.25,105.0,-0.26713855275114673,0.009284332688588007,-0.5146654012216911,0.01814516129032258,-0.20655790489391151,0.0009354036935082983,14.0
10548,41,9.65,14.0,0.0,135.1,-0.34589401732392444,0.0059187620889748545,-0.37921464535827293,0.026209677419354836,-0.19653763322234957,0.0012035527523140104,9.65
10549,31,12.5,55.0,0.15,584.375,-0.2942956095003804,0.008123791102514506,1.0091556022417636,0.10887096774193548,-0.046974259294077225,0.005205966984703922,12.5
10549,45,9.5,100.0,0.15,807.5,-0.3486097229988478,0.005802707930367504,2.532976605705218,0.19959677419354838,0.02730391734104774,0.007193699833409056,9.5
10549,51,53.0,48.0,0.15,2162.4,0.43894492272892954,0.039458413926499035,0.7721167794807816,0.09475806451612903,0.47834930231776845,0.01926397092230804,53.0
10550,17,39.0,8.0,0.1,280.8,0.18547905973608167,0.028626692456479693,-0.5823907791534002,0.014112903225806451,-0.1480341919417324,0.002501536734639335,39.0
10550,19,9.2,10.0,0.0,92.0,-0.35404113434869455,0.005570599613152804,-0.5146654012216911,0.01814516129032258,-0.21088559697797482,0.0008195918076453661,9.2
10550,21,10.0,6.0,0.1,54.0,-0.33955737074910325,0.006189555125725338,-0.6501161570851093,0.010080645161290322,-0.22353577383908294,0.00048106475666141057,10.0
10550,61,28.5,10.0,0.1,256.5,-0.00462033750855425,0.020502901353965184,-0.5146654012216911,0.01814516129032258,-0.15612364714501994,0.0022850575941417003,28.5
10551,16,17.45,40.0,0.15,593.3,-0.20467732222790921,0.01195357833655706,0.5012152677539453,0.07862903225806452,-0.04400313222867224,0.005285476298652127,17.45
10551,35,18.0,20.0,0.15,306.0,-0.19471973475319015,0.012379110251450677,-0.17603851156314565,0.038306451612903226,-0.13964512728647122,0.0027260336210813267,18.0
10551,44,19.45,40.0,0.0,778.0,-0.16846791322893093,0.013500967117988394,0.5012152677539453,0.07862903225806452,0.01748338530413486,0.0069308959385662484,19.45
10552,69,36.0,18.0,0.0,648.0,0.13116494623761427,0.02630560928433269,-0.24376388949485475,0.034274193548387094,-0.02579353553649817,0.005772777079936927,36.0
10552,75,7.75,30.0,0.0,232.5,-0.3802929558729538,0.004448742746615087,0.1625883780953998,0.058467741935483875,-0.16411323253098298,0.002071251035625518,7.75
10553,11,21.0,15.0,0.0,315.0,-0.14040562125472275,0.01470019342359768,-0.3453519563924184,0.028225806451612906,-0.1366490327667351,0.0028062110805248948,21.0
10553,16,17.45,14.0,0.0,244.29999999999998,-0.20467732222790921,0.01195357833655706,-0.37921464535827293,0.026209677419354836,-0.16018501971621785,0.0021763725935626406,17.45
10553,22,21.0,24.0,0.0,504.0,-0.14040562125472275,0.01470019342359768,-0.040587755699727474,0.046370967741935484,-0.0737310478522763,0.004489937728839832,21.0
10553,31,12.5,30.0,0.0,375.0,-0.2942956095003804,0.008123791102514506,0.1625883780953998,0.058467741935483875,-0.11667506930182754,0.003340727476815351,12.5
10553,35,18.0,6.0,0.0,108.0,-0.19471973475319015,0.012379110251450677,-0.6501161570851093,0.010080645161290322,-0.20555920672066613,0.0009621295133228211,18.0
10554,16,17.45,30.0,0.05,497.325,-0.20467732222790921,0.01195357833655706,0.1625883780953998,0.058467741935483875,-0.07595315128774727,0.004430472779752518,17.45
10554,23,9.0,20.0,0.05,171.0,-0.3576620752485924,0.005415860735009671,-0.17603851156314565,0.038306451612903226,-0.1845865450825132,0.0015233717294278002,9.0
10554,62,49.3,20.0,0.05,936.6999999999999,0.3719575160808197,0.03659574468085106,-0.17603851156314565,0.038306451612903226,0.07031451866881532,0.008344691806754505,49.3
10554,77,13.0,10.0,0.05,123.5,-0.2852432572506358,0.00851063829787234,-0.5146654012216911,0.01814516129032258,-0.20039926615889836,0.0011002129156978556,13.0
10555,14,23.25,30.0,0.2,558.0,-0.0996700361308722,0.016441005802707933,0.1625883780953998,0.058467741935483875,-0.0557544807338595,0.004971002485501243,23.25
10555,19,9.2,35.0,0.2,257.6,-0.35404113434869455,0.005570599613152804,0.3319018229246726,0.06854838709677419,-0.15575745781482997,0.0022948570614070253,9.2
10555,24,4.5,18.0,0.2,64.8,-0.43913324549629346,0.0019342359767891683,-0.24376388949485475,0.034274193548387094,-0.2199404604153996,0.0005772777079936926,4.5
10555,51,53.0,20.0,0.2,848.0,0.43894492272892954,0.039458413926499035,-0.17603851156314565,0.038306451612903226,0.04078634267986034,0.007554498400905114,53.0
10555,56,38.0,40.0,0.2,1216.0,0.16737435523659253,0.027852998065764023,0.5012152677539453,0.07862903225806452,0.16329331859796,0.010832865631486579,38.0
10556,72,522.0,24.0,0.0,12528.0,8.930051332989335,0.402321083172147,-0.040587755699727474,0.046370967741935484,3.9290512305151974,0.11160702354544726,263.5
10557,64,33.25,30.0,0.0,997.5,0.08137700886401913,0.024177949709864605,0.1625883780953998,0.058467741935483875,0.09055480164658833,0.008886335088328834,33.25
10557,75,7.75,20.0,0.0,155.0,-0.3802929558729538,0.004448742746615087,-0.17603851156314565,0.038306451612903226,-0.1899129353398219,0.001380834023750345,7.75
10558,47,9.5,25.0,0.0,237.5,-0.3486097229988478,0.005802707930367504,-0.006725066733872924,0.04838709677419355,-0.16244873557557402,0.0021157940686497225,9.5
10558,51,53.0,20.0,0.0,1060.0,0.43894492272892954,0.039458413926499035,-0.17603851156314565,0.038306451612903226,0.11136101358920036,0.009443123001131393,53.0
10558,52,7.0,30.0,0.0,210.0,-0.3938714842475706,0.003868471953578336,0.1625883780953998,0.058467741935483875,-0.17160346883032332,0.0018708073870165967,7.0
10558,53,32.8,18.0,0.0,590.4,0.07322989183924898,0.02382978723404255,-0.24376388949485475,0.034274193548387094,-0.04496854046280943,0.005259641339498088,32.8
10558,73,15.0,3.0,0.0,45.0,-0.24903384825165756,0.010058027079303675,-0.751704223982673,0.004032258064516129,-0.22653186835881908,0.00040088729721784213,15.0
10559,41,9.65,12.0,0.05,110.01,-0.34589401732392444,0.0059187620889748545,-0.44694002328998206,0.02217741935483871,-0.20489007894459174,0.0009800358125985514,9.65
10559,55,24.0,18.0,0.05,410.4,-0.08609150775625536,0.01702127659574468,-0.24376388949485475,0.034274193548387094,-0.1048904308575321,0.00365609215062672,24.0
10560,30,25.89,20.0,0.0,517.8,-0.05187361625222088,0.018483558994197295,-0.17603851156314565,0.038306451612903226,-0.06913703625534758,0.004612876499986636,25.89
10560,62,49.3,15.0,0.25,554.625,0.3719575160808197,0.03659574468085106,-0.3453519563924184,0.028225806451612906,-0.05687801617876055,0.004940935938209904,49.3
10561,44,19.45,10.0,0.0,194.5,-0.16846791322893093,0.013500967117988394,-0.5146654012216911,0.01814516129032258,-0.1767634093920911,0.0017327239846415621,19.45
10561,51,53.0,50.0,0.0,2650.0,0.43894492272892954,0.039458413926499035,0.8398421574124908,0.09879032258064516,0.6406710454092505,0.02360780750282848,53.0
10562,33,2.5,20.0,0.1,45.0,-0.47534265449527174,0.0003868471953578337,-0.17603851156314565,0.038306451612903226,-0.22653186835881908,0.00040088729721784213,2.5
10562,62,49.3,10.0,0.1,443.7,0.3719575160808197,0.03659574468085106,-0.5146654012216911,0.01814516129032258,-0.0938048811345084,0.003952748750567924,49.3
10563,36,19.0,25.0,0.0,475.0,-0.17661503025370104,0.013152804642166343,-0.006725066733872924,0.04838709677419355,-0.08338513019364828,0.004231588137299445,19.0
10563,52,7.0,70.0,0.0,490.0,-0.3938714842475706,0.003868471953578336,1.5170959367295818,0.13911290322580644,-0.0783916393274214,0.0043652172363720584,7.0
10564,17,39.0,16.0,0.05,592.8,0.18547905973608167,0.028626692456479693,-0.31148926742656385,0.03024193548387097,-0.044169581924213136,0.005281021995349707,39.0
10564,31,12.5,6.0,0.05,71.25,-0.2942956095003804,0.008123791102514506,-0.6501161570851093,0.010080645161290322,-0.217793259342922,0.0006347382205949167,12.5
10564,55,24.0,25.0,0.05,570.0,-0.08609150775625536,0.01702127659574468,-0.006725066733872924,0.04838709677419355,-0.05175968804087799,0.005077905764759334,24.0
10565,24,4.5,25.0,0.1,101.25,-0.43913324549629346,0.0019342359767891683,-0.006725066733872924,0.04838709677419355,-0.20780627761046824,0.0009019964187401448,4.5
10565,64,33.25,18.0,0.1,538.65,0.08137700886401913,0.024177949709864605,-0.24376388949485475,0.034274193548387094,-0.0621960839512922,0.0047986209476975706,33.25
10566,11,21.0,35.0,0.15,624.75,-0.14040562125472275,0.01470019342359768,0.3319018229246726,0.06854838709677419,-0.033533446379149845,0.005565651976374375,21.0
10566,18,62.5,18.0,0.15,956.25,0.6109396154740764,0.04680851063829787,-0.24376388949485475,0.034274193548387094,0.07682270176446437,0.008518855065879145,62.5
10566,76,18.0,10.0,0.0,180.0,-0.19471973475319015,0.012379110251450677,-0.5146654012216911,0.01814516129032258,-0.1815904505627771,0.0016035491888713685,18.0
10567,31,12.5,60.0,0.2,600.0,-0.2942956095003804,0.008123791102514506,1.1784690470710362,0.11895161290322581,-0.041772706308424216,0.005345163962904562,12.5
10567,51,53.0,3.0,0.0,159.0,0.43894492272892954,0.039458413926499035,-0.751704223982673,0.004032258064516129,-0.18858133777549474,0.001416468450169709,53.0
10567,59,55.0,40.0,0.2,1760.0,0.47515433172790783,0.04100580270793037,0.5012152677539453,0.07862903225806452,0.3443905873464551,0.015679147624520048,55.0
10568,10,31.0,5.0,0.0,155.0,0.04064142374016859,0.022437137330754354,-0.6839788460509638,0.008064516129032258,-0.1899129353398219,0.001380834023750345,31.0
10569,31,12.5,35.0,0.2,350.0,-0.2942956095003804,0.008123791102514506,0.3319018229246726,0.06854838709677419,-0.12499755407887235,0.0031180123116943278,12.5
10569,76,18.0,30.0,0.0,540.0,-0.19471973475319015,0.012379110251450677,0.1625883780953998,0.058467741935483875,-0.061746669773331764,0.004810647566614106,18.0
10570,11,21.0,15.0,0.05,299.25,-0.14040562125472275,0.01470019342359768,-0.3453519563924184,0.028225806451612906,-0.14189219817627333,0.0026659005264986504,21.0
10570,56,38.0,60.0,0.05,2166.0,0.16737435523659253,0.027852998065764023,1.1784690470710362,0.11895161290322581,0.47954774012566287,0.019296041906085467,38.0
10571,14,23.25,11.0,0.15,217.3875,-0.0996700361308722,0.016441005802707933,-0.4808027122558366,0.020161290322580648,-0.16914417457870656,0.001936619718309859,23.25
10571,42,14.0,28.0,0.15,333.2,-0.26713855275114673,0.009284332688588007,0.09486300016369072,0.05443548387096774,-0.13059026384904646,0.002968347720733,14.0
10572,16,17.45,12.0,0.1,188.45999999999998,-0.20467732222790921,0.01195357833655706,-0.44694002328998206,0.02217741935483871,-0.17877412171422513,0.0016789160007483228,17.45
10572,32,32.0,10.0,0.1,288.0,0.05874612823965772,0.02321083172147002,-0.5146654012216911,0.01814516129032258,-0.14563731632594348,0.0025656787021941896,32.0
10572,40,18.4,50.0,0.0,919.9999999999999,-0.18747785295339453,0.012688588007736942,0.8398421574124908,0.09879032258064516,0.06475509883774937,0.008195918076453661,18.4
10572,75,7.75,15.0,0.1,104.625,-0.3802929558729538,0.004448742746615087,-0.3453519563924184,0.028225806451612906,-0.2066827421655672,0.000932062966031483,7.75
10573,17,39.0,18.0,0.0,702.0,0.18547905973608167,0.028626692456479693,-0.24376388949485475,0.034274193548387094,-0.007816968418081374,0.006253841836598337,39.0
10573,34,14.0,40.0,0.0,560.0,-0.26713855275114673,0.009284332688588007,0.5012152677539453,0.07862903225806452,-0.05508868195169592,0.004988819698710924,14.0
10573,53,32.8,25.0,0.0,819.9999999999999,0.07322989183924898,0.02382978723404255,-0.006725066733872924,0.04838709677419355,0.031465159729570105,0.007305057415969567,32.8
10574,33,2.5,14.0,0.0,35.0,-0.47534265449527174,0.0003868471953578337,-0.37921464535827293,0.026209677419354836,-0.229860862269637,0.0003118012311694328,2.5
10574,40,18.4,2.0,0.0,36.8,-0.18747785295339453,0.012688588007736942,-0.7855669129485275,0.0020161290322580645,-0.2292616433656898,0.0003278367230581464,18.4
10574,62,49.3,10.0,0.0,493.0,0.3719575160808197,0.03659574468085106,-0.5146654012216911,0.01814516129032258,-0.07739294115417601,0.004391943056186582,49.3
10574,64,33.25,6.0,0.0,199.5,0.08137700886401913,0.024177949709864605,-0.6501161570851093,0.010080645161290322,-0.17509891243668213,0.0017772670176657668,33.25
10575,59,55.0,12.0,0.0,660.0,0.47515433172790783,0.04100580270793037,-0.44694002328998206,0.02217741935483871,-0.021798742843516662,0.005879680359195018,55.0
10575,63,43.9,6.0,0.0,263.4,0.2741921117835784,0.03241779497098646,-0.6501161570851093,0.010080645161290322,-0.1538266413465556,0.0023465269797151023,43.9
10575,72,34.8,30.0,0.0,1044.0,0.10943930083822724,0.025377176015473887,0.1625883780953998,0.058467741935483875,0.10603462333189168,0.009300585295453937,34.8
10575,76,18.0,10.0,0.0,180.0,-0.19471973475319015,0.012379110251450677,-0.5146654012216911,0.01814516129032258,-0.1815904505627771,0.0016035491888713685,18.0
10576,1,18.0,10.0,0.0,180.0,-0.19471973475319015,0.012379110251450677,-0.5146654012216911,0.01814516129032258,-0.1815904505627771,0.0016035491888713685,18.0
10576,31,12.5,20.0,0.0,250.0,-0.2942956095003804,0.008123791102514506,-0.17603851156314565,0.038306451612903226,-0.1582874931870516,0.0022271516512102343,12.5
10576,44,19.45,21.0,0.0,408.45,-0.16846791322893093,0.013500967117988394,-0.1421758225972911,0.04032258064516129,-0.10553958467014157,0.0036387203677472803,19.45
10577,39,18.0,10.0,0.0,180.0,-0.19471973475319015,0.012379110251450677,-0.5146654012216911,0.01814516129032258,-0.1815904505627771,0.0016035491888713685,18.0
10577,75,7.75,20.0,0.0,155.0,-0.3802929558729538,0.004448742746615087,-0.17603851156314565,0.038306451612903226,-0.1899129353398219,0.001380834023750345,7.75
10577,77,13.0,18.0,0.0,234.0,-0.2852432572506358,0.00851063829787234,-0.24376388949485475,0.034274193548387094,-0.1636138834443603,0.002084613945532779,13.0
10578,35,18.0,20.0,0.0,360.0,-0.19471973475319015,0.012379110251450677,-0.17603851156314565,0.038306451612903226,-0.12166856016805443,0.003207098377742737,18.0
10578,57,19.5,6.0,0.0,117.0,-0.16756267800395647,0.013539651837524178,-0.6501161570851093,0.010080645161290322,-0.20256311220093,0.0010423069727663896,19.5
10579,15,15.5,10.0,0.0,155.0,-0.23998149600191301,0.010444874274661509,-0.5146654012216911,0.01814516129032258,-0.1899129353398219,0.001380834023750345,15.5
10579,75,7.75,21.0,0.0,162.75,-0.3802929558729538,0.004448742746615087,-0.1421758225972911,0.04032258064516129,-0.187332965058938,0.0014498757249378623,7.75
10580,14,23.25,15.0,0.05,331.3125,-0.0996700361308722,0.016441005802707933,-0.3453519563924184,0.028225806451612906,-0.13121861144971333,0.0029515327257663626,23.25
10580,41,9.65,9.0,0.05,82.50750000000001,-0.34589401732392444,0.0059187620889748545,-0.5485280901875457,0.016129032258064516,-0.21404564444781873,0.0007350268594489136,9.65
10580,65,21.05,30.0,0.05,599.925,-0.1395003860297483,0.014738878143133462,0.1625883780953998,0.058467741935483875,-0.041797673762755366,0.005344495817409198,21.05
10581,75,7.75,50.0,0.2,310.0,-0.3802929558729538,0.004448742746615087,0.8398421574124908,0.09879032258064516,-0.13831352972214406,0.00276166804750069,7.75
10582,57,19.5,4.0,0.0,78.0,-0.16756267800395647,0.013539651837524178,-0.7178415350168185,0.006048387096774193,-0.21554618845311993,0.000694871315177593,19.5
10582,76,18.0,14.0,0.0,252.0,-0.19471973475319015,0.012379110251450677,-0.37921464535827293,0.026209677419354836,-0.15762169440488802,0.002244968864419916,18.0
10583,29,123.79,10.0,0.0,1237.9,1.7205769542477656,0.09422823984526113,-0.5146654012216911,0.01814516129032258,0.1705838152626513,0.011027964116132596,123.79
10583,60,34.0,24.0,0.15,693.6,0.09495553723863599,0.024758220502901353,-0.040587755699727474,0.046370967741935484,-0.010613323303168424,0.006179009541117673,34.0
10583,69,36.0,10.0,0.15,306.0,0.13116494623761427,0.02630560928433269,-0.5146654012216911,0.01814516129032258,-0.13964512728647122,0.0027260336210813267,36.0
10584,31,12.5,50.0,0.05,593.75,-0.2942956095003804,0.008123791102514506,0.8398421574124908,0.09879032258064516,-0.04385332750268542,0.005289485171624306,12.5
10585,47,9.5,15.0,0.0,142.5,-0.3486097229988478,0.005802707930367504,-0.3453519563924184,0.028225806451612906,-0.19407417772834432,0.0012694764411898334,9.5
10586,52,7.0,4.0,0.15,23.8,-0.3938714842475706,0.003868471953578336,-0.7178415350168185,0.006048387096774193,-0.2335893354497531,0.0002120248371952143,7.0
10587,26,31.23,6.0,0.0,187.38,0.044805505775051095,0.02261508704061896,-0.6501161570851093,0.010080645161290322,-0.17913365305659346,0.0016692947056150946,31.23
10587,35,18.0,20.0,0.0,360.0,-0.19471973475319015,0.012379110251450677,-0.17603851156314565,0.038306451612903226,-0.12166856016805443,0.003207098377742737,18.0
10587,77,13.0,20.0,0.0,260.0,-0.2852432572506358,0.00851063829787234,-0.17603851156314565,0.038306451612903226,-0.15495849927623367,0.0023162377172586436,13.0
10588,18,62.5,40.0,0.2,2000.0,0.6109396154740764,0.04680851063829787,0.5012152677539453,0.07862903225806452,0.42428644120608533,0.017817213209681874,62.5
10588,42,14.0,100.0,0.2,1120.0,-0.26713855275114673,0.009284332688588007,2.532976605705218,0.19959677419354838,0.1313349770541079,0.009977639397421849,14.0
10589,35,18.0,4.0,0.0,72.0,-0.19471973475319015,0.012379110251450677,-0.7178415350168185,0.006048387096774193,-0.21754358479961067,0.0006414196755485474,18.0
10590,1,18.0,20.0,0.0,360.0,-0.19471973475319015,0.012379110251450677,-0.17603851156314565,0.038306451612903226,-0.12166856016805443,0.003207098377742737,18.0
10590,77,13.0,60.0,0.05,741.0,-0.2852432572506358,0.00851063829787234,1.1784690470710362,0.11895161290322581,0.005166107834108535,0.006601277494187134,13.0
10591,3,10.0,14.0,0.0,140.0,-0.33955737074910325,0.006189555125725338,-0.37921464535827293,0.026209677419354836,-0.19490642620604878,0.001247204924677731,10.0
10591,7,30.0,10.0,0.0,300.0,0.022536719240679452,0.021663442940038687,-0.5146654012216911,0.01814516129032258,-0.14164252363296198,0.002672581981452281,30.0
10591,54,7.45,50.0,0.0,372.5,-0.38572436722280057,0.004216634429400386,0.8398421574124908,0.09879032258064516,-0.11750731777953202,0.003318455960303249,7.45
10592,15,15.5,25.0,0.05,368.125,-0.23998149600191301,0.010444874274661509,-0.006725066733872924,0.04838709677419355,-0.11896375261551485,0.0032794808064070696,15.5
10592,26,31.23,5.0,0.05,148.3425,0.044805505775051095,0.02261508704061896,-0.6839788460509638,0.008064516129032258,-0.19212921303594893,0.0013215249752786167,31.23
10593,20,81.0,21.0,0.2,1360.8000000000002,0.9458766487146253,0.06112185686653772,-0.1421758225972911,0.04032258064516129,0.2114971504266036,0.012122831867867548,81.0
10593,69,36.0,20.0,0.2,576.0,0.13116494623761427,0.02630560928433269,-0.17603851156314565,0.038306451612903226,-0.049762291694387235,0.005131357404388379,36.0
10593,76,18.0,4.0,0.2,57.6,-0.19471973475319015,0.012379110251450677,-0.7178415350168185,0.006048387096774193,-0.2223373360311885,0.0005131357404388379,18.0
10594,52,7.0,24.0,0.0,168.0,-0.3938714842475706,0.003868471953578336,-0.040587755699727474,0.046370967741935484,-0.1855852432557586,0.0014966459096132773,7.0
10594,58,13.25,30.0,0.0,397.5,-0.28071708112576355,0.008704061895551257,0.1625883780953998,0.058467741935483875,-0.1091848330024872,0.003541171125424272,13.25
10595,35,18.0,30.0,0.25,405.0,-0.19471973475319015,0.012379110251450677,0.1625883780953998,0.058467741935483875,-0.10668808756937376,0.0036079856749605794,18.0
10595,61,28.5,120.0,0.25,2565.0,-0.00462033750855425,0.020502901353965184,3.210230385022309,0.2399193548387097,0.6123745971672981,0.022850575941417,28.5
10595,69,36.0,20.0,0.25,540.0,0.13116494623761427,0.02630560928433269,-0.17603851156314565,0.038306451612903226,-0.061746669773331764,0.004810647566614106,36.0
10596,56,38.0,5.0,0.2,152.0,0.16737435523659253,0.027852998065764023,-0.6839788460509638,0.008064516129032258,-0.19091163351306728,0.0013541082039358224,38.0
10596,63,43.9,24.0,0.2,842.88,0.2741921117835784,0.03241779497098646,-0.040587755699727474,0.046370967741935484,0.03908189779752156,0.007508886335088329,43.9
10596,75,7.75,30.0,0.2,186.0,-0.3802929558729538,0.004448742746615087,0.1625883780953998,0.058467741935483875,-0.17959305421628632,0.0016570008285004142,7.75
10597,24,4.5,35.0,0.2,126.0,-0.43913324549629346,0.0019342359767891683,0.3319018229246726,0.06854838709677419,-0.1995670176811939,0.001122484432209958,4.5
10597,57,19.5,20.0,0.0,390.0,-0.16756267800395647,0.013539651837524178,-0.17603851156314565,0.038306451612903226,-0.11168157843560064,0.003474356575887965,19.5
10597,65,21.05,12.0,0.2,202.08000000000004,-0.1395003860297483,0.014738878143133462,-0.44694002328998206,0.02217741935483871,-0.1742400320076911,0.0018002512227062568,21.05
10598,27,43.9,50.0,0.0,2195.0,0.2741921117835784,0.03241779497098646,0.8398421574124908,0.09879032258064516,0.48920182246703486,0.019554391497625855,43.9
10598,71,21.5,9.0,0.0,193.5,-0.1313532690049782,0.015087040618955513,-0.5485280901875457,0.016129032258064516,-0.1770963087831729,0.0017238153780367211,21.5
10599,62,49.3,10.0,0.0,493.0,0.3719575160808197,0.03659574468085106,-0.5146654012216911,0.01814516129032258,-0.07739294115417601,0.004391943056186582,49.3
10600,54,7.45,4.0,0.0,29.8,-0.38572436722280057,0.004216634429400386,-0.7178415350168185,0.006048387096774193,-0.23159193910326234,0.00026547647682425993,7.45
10600,73,15.0,30.0,0.0,450.0,-0.24903384825165756,0.010058027079303675,0.1625883780953998,0.058467741935483875,-0.0917076149706931,0.004008872972178421,15.0
10601,13,6.0,60.0,0.0,360.0,-0.41197618874705977,0.0030947775628626687,1.1784690470710362,0.11895161290322581,-0.12166856016805443,0.003207098377742737,6.0
10601,59,55.0,35.0,0.0,1925.0,0.47515433172790783,0.04100580270793037,0.3319018229246726,0.06854838709677419,0.3993189868749509,0.017149067714318803,55.0
10602,77,13.0,5.0,0.25,48.75,-0.2852432572506358,0.00851063829787234,-0.6839788460509638,0.008064516129032258,-0.22528349564226235,0.0004342945719859956,13.0
10603,22,21.0,48.0,0.0,1008.0,-0.14040562125472275,0.01470019342359768,0.7721167794807816,0.09475806451612903,0.09405024525294714,0.008979875457679663,21.0
10603,49,20.0,25.0,0.05,475.0,-0.1585103257542119,0.013926499032882012,-0.006725066733872924,0.04838709677419355,-0.08338513019364828,0.004231588137299445,20.0
10604,48,12.75,6.0,0.1,68.85000000000001,-0.28976943337550815,0.008317214700193424,-0.6501161570851093,0.010080645161290322,-0.2185922178815183,0.0006133575647432986,12.75
10604,76,18.0,10.0,0.1,162.0,-0.19471973475319015,0.012379110251450677,-0.5146654012216911,0.01814516129032258,-0.18758263960224936,0.0014431942699842317,18.0
10605,16,17.45,30.0,0.05,497.325,-0.20467732222790921,0.01195357833655706,0.1625883780953998,0.058467741935483875,-0.07595315128774727,0.004430472779752518,17.45
10605,59,55.0,20.0,0.05,1045.0,0.47515433172790783,0.04100580270793037,-0.17603851156314565,0.038306451612903226,0.10636752272297346,0.009309493902058779,55.0
10605,60,34.0,70.0,0.05,2261.0,0.09495553723863599,0.024758220502901353,1.5170959367295818,0.13911290322580644,0.5111731822784331,0.020142359533545356,34.0
10605,71,21.5,20.0,0.05,408.5,-0.1313532690049782,0.015087040618955513,-0.17603851156314565,0.038306451612903226,-0.10552293970058749,0.0036391657980775227,21.5
10606,4,22.0,20.0,0.2,352.0,-0.12230091675523362,0.015473887814313346,-0.17603851156314565,0.038306451612903226,-0.12433175529670877,0.0031358295249040097,22.0
10606,55,24.0,20.0,0.2,384.0,-0.08609150775625536,0.01702127659574468,-0.17603851156314565,0.038306451612903226,-0.11367897478209141,0.0034209049362589196,24.0
10606,62,49.3,10.0,0.2,394.40000000000003,0.3719575160808197,0.03659574468085106,-0.5146654012216911,0.01814516129032258,-0.11021682111484075,0.0035135544449492657,49.3
10607,7,30.0,45.0,0.0,1350.0,0.022536719240679452,0.021663442940038687,0.670528712583218,0.08870967741935484,0.2079018370029202,0.012026618916535264,30.0
10607,17,39.0,100.0,0.0,3900.0,0.18547905973608167,0.028626692456479693,2.532976605705218,0.19959677419354838,1.0567952842614912,0.03474356575887965,39.0
10607,33,2.5,14.0,0.0,35.0,-0.47534265449527174,0.0003868471953578337,-0.37921464535827293,0.026209677419354836,-0.229860862269637,0.0003118012311694328,2.5
10607,40,18.4,42.0,0.0,772.8,-0.18747785295339453,0.012688588007736942,0.5689406456856544,0.08266129032258064,0.015752308470509523,0.006884571184221075,18.4
10607,72,34.8,12.0,0.0,417.59999999999997,0.10943930083822724,0.025377176015473887,-0.44694002328998206,0.02217741935483871,-0.10249355524174318,0.0037202341181815746,34.8
10608,56,38.0,28.0,0.0,1064.0,0.16737435523659253,0.027852998065764023,0.09486300016369072,0.05443548387096774,0.11269261115352752,0.009478757427550756,38.0
10609,1,18.0,3.0,0.0,54.0,-0.19471973475319015,0.012379110251450677,-0.751704223982673,0.004032258064516129,-0.22353577383908294,0.00048106475666141057,18.0
10609,10,31.0,10.0,0.0,310.0,0.04064142374016859,0.022437137330754354,-0.5146654012216911,0.01814516129032258,-0.13831352972214406,0.00276166804750069,31.0
10609,21,10.0,6.0,0.0,60.0,-0.33955737074910325,0.006189555125725338,-0.6501161570851093,0.010080645161290322,-0.2215383774925922,0.0005345163962904561,10.0
10610,36,19.0,21.0,0.25,299.25,-0.17661503025370104,0.013152804642166343,-0.1421758225972911,0.04032258064516129,-0.14189219817627333,0.0026659005264986504,19.0
10611,1,18.0,6.0,0.0,108.0,-0.19471973475319015,0.012379110251450677,-0.6501161570851093,0.010080645161290322,-0.20555920672066613,0.0009621295133228211,18.0
10611,2,19.0,10.0,0.0,190.0,-0.17661503025370104,0.013152804642166343,-0.5146654012216911,0.01814516129032258,-0.17826145665195917,0.0016926352549197778,19.0
10611,60,34.0,15.0,0.0,510.0,0.09495553723863599,0.024758220502901353,-0.3453519563924184,0.028225806451612906,-0.07173365150578555,0.004543389368468878,34.0
10612,10,31.0,70.0,0.0,2170.0,0.04064142374016859,0.022437137330754354,1.5170959367295818,0.13911290322580644,0.48087933768999,0.01933167633250483,31.0
10612,36,19.0,55.0,0.0,1045.0,-0.17661503025370104,0.013152804642166343,1.0091556022417636,0.10887096774193548,0.10636752272297346,0.009309493902058779,19.0
10612,49,20.0,18.0,0.0,360.0,-0.1585103257542119,0.013926499032882012,-0.24376388949485475,0.034274193548387094,-0.12166856016805443,0.003207098377742737,20.0
10612,60,34.0,40.0,0.0,1360.0,0.09495553723863599,0.024758220502901353,0.5012152677539453,0.07862903225806452,0.21123083091373812,0.012115704982583674,34.0
10612,76,18.0,80.0,0.0,1440.0,-0.19471973475319015,0.012379110251450677,1.8557228263881271,0.1592741935483871,0.23786278220028154,0.012828393510970948,18.0
10613,13,6.0,8.0,0.1,43.2,-0.41197618874705977,0.0030947775628626687,-0.5823907791534002,0.014112903225806451,-0.2271310872627663,0.0003848518053291285,6.0
10613,75,7.75,40.0,0.0,310.0,-0.3802929558729538,0.004448742746615087,0.5012152677539453,0.07862903225806452,-0.13831352972214406,0.00276166804750069,7.75
10614,11,21.0,14.0,0.0,294.0,-0.14040562125472275,0.01470019342359768,-0.37921464535827293,0.026209677419354836,-0.14363991997945275,0.0026191303418232354,21.0
10614,21,10.0,8.0,0.0,80.0,-0.33955737074910325,0.006189555125725338,-0.5823907791534002,0.014112903225806451,-0.21488038967095632,0.0007126885283872749,10.0
10614,39,18.0,5.0,0.0,90.0,-0.19471973475319015,0.012379110251450677,-0.6839788460509638,0.008064516129032258,-0.2115513957601384,0.0008017745944356843,18.0
10615,55,24.0,5.0,0.0,120.0,-0.08609150775625536,0.01702127659574468,-0.6839788460509638,0.008064516129032258,-0.20156441402768463,0.0010690327925809123,24.0
10616,38,263.5,15.0,0.05,3754.875,4.249985219871392,0.20232108317214698,-0.3453519563924184,0.028225806451612906,1.008483260130746,0.03345070422535211,263.5
10616,56,38.0,14.0,0.0,532.0,0.16737435523659253,0.027852998065764023,-0.37921464535827293,0.026209677419354836,-0.06440986490198611,0.004739378713775378,38.0
10616,70,15.0,15.0,0.05,213.75,-0.24903384825165756,0.010058027079303675,-0.3453519563924184,0.028225806451612906,-0.1703550961137666,0.0019042146617847503,15.0
10616,71,21.5,15.0,0.05,306.375,-0.1313532690049782,0.015087040618955513,-0.3453519563924184,0.028225806451612906,-0.13952029001481556,0.0027293743485581417,21.5
10617,59,55.0,30.0,0.15,1402.5,0.47515433172790783,0.04100580270793037,0.1625883780953998,0.058467741935483875,0.2253790550347143,0.012494320763289414,55.0
10618,6,25.0,70.0,0.0,1750.0,-0.06798680325676622,0.017794970986460348,1.5170959367295818,0.13911290322580644,0.3410615934356372,0.01559006155847164,25.0
10618,56,38.0,20.0,0.0,760.0,0.16737435523659253,0.027852998065764023,-0.17603851156314565,0.038306451612903226,0.011491196264662594,0.006770541019679111,38.0
10618,68,12.5,15.0,0.0,187.5,-0.2942956095003804,0.008123791102514506,-0.3453519563924184,0.028225806451612906,-0.17909370512966363,0.0016703637384076755,12.5
10619,21,10.0,42.0,0.0,420.0,-0.33955737074910325,0.006189555125725338,0.5689406456856544,0.08266129032258064,-0.10169459670314687,0.0037416147740331933,10.0
10619,22,21.0,40.0,0.0,840.0,-0.14040562125472275,0.01470019342359768,0.5012152677539453,0.07862903225806452,0.038123147551206,0.007483229548066387,21.0
10620,24,4.5,5.0,0.0,22.5,-0.43913324549629346,0.0019342359767891683,-0.6839788460509638,0.008064516129032258,-0.2340221046581594,0.00020044364860892107,4.5
10620,52,7.0,5.0,0.0,35.0,-0.3938714842475706,0.003868471953578336,-0.6839788460509638,0.008064516129032258,-0.229860862269637,0.0003118012311694328,7.0
10621,19,9.2,5.0,0.0,46.0,-0.35404113434869455,0.005570599613152804,-0.6839788460509638,0.008064516129032258,-0.22619896896773728,0.00040979590382268305,9.2
10621,23,9.0,10.0,0.0,90.0,-0.3576620752485924,0.005415860735009671,-0.5146654012216911,0.01814516129032258,-0.2115513957601384,0.0008017745944356843,9.0
10621,70,15.0,20.0,0.0,300.0,-0.24903384825165756,0.010058027079303675,-0.17603851156314565,0.038306451612903226,-0.14164252363296198,0.002672581981452281,15.0
10621,71,21.5,15.0,0.0,322.5,-0.1313532690049782,0.015087040618955513,-0.3453519563924184,0.028225806451612906,-0.13415228733362164,0.002873025630061202,21.5
10622,2,19.0,20.0,0.0,380.0,-0.17661503025370104,0.013152804642166343,-0.17603851156314565,0.038306451612903226,-0.11501057234641858,0.0033852705098395557,19.0
10622,68,12.5,18.0,0.0,225.0,-0.2942956095003804,0.008123791102514506,-0.24376388949485475,0.034274193548387094,-0.1666099779640964,0.0020044364860892106,12.5
10623,14,23.25,21.0,0.0,488.25,-0.0996700361308722,0.016441005802707933,-0.1421758225972911,0.04032258064516129,-0.07897421326181453,0.004349627174813587,23.25
10623,19,9.2,15.0,0.1,124.2,-0.35404113434869455,0.005570599613152804,-0.3453519563924184,0.028225806451612906,-0.2001662365851411,0.0011064489403212444,9.2
10623,21,10.0,25.0,0.1,225.0,-0.33955737074910325,0.006189555125725338,-0.006725066733872924,0.04838709677419355,-0.1666099779640964,0.0020044364860892106,10.0
10623,24,4.5,3.0,0.0,13.5,-0.43913324549629346,0.0019342359767891683,-0.751704223982673,0.004032258064516129,-0.23701819917789554,0.00012026618916535264,4.5
10623,35,18.0,30.0,0.1,486.0,-0.19471973475319015,0.012379110251450677,0.1625883780953998,0.058467741935483875,-0.07972323689174857,0.004329582809952695,18.0
10624,28,45.6,10.0,0.0,456.0,0.30497010943270997,0.0337330754352031,-0.5146654012216911,0.01814516129032258,-0.08971021862420234,0.004062324611807467,45.6
10624,29,123.79,6.0,0.0,742.74,1.7205769542477656,0.09422823984526113,-0.6501161570851093,0.010080645161290322,0.005745352774590857,0.006616778469679557,123.79
10624,44,19.45,10.0,0.0,194.5,-0.16846791322893093,0.013500967117988394,-0.5146654012216911,0.01814516129032258,-0.1767634093920911,0.0017327239846415621,19.45
10625,14,23.25,3.0,0.0,69.75,-0.0996700361308722,0.016441005802707933,-0.751704223982673,0.004032258064516129,-0.2182926084295447,0.0006213753106876554,23.25
10625,42,14.0,5.0,0.0,70.0,-0.26713855275114673,0.009284332688588007,-0.6839788460509638,0.008064516129032258,-0.21820938358177427,0.0006236024623388656,14.0
10625,60,34.0,10.0,0.0,340.0,0.09495553723863599,0.024758220502901353,-0.5146654012216911,0.01814516129032258,-0.1283265479896903,0.0030289262456459185,34.0
10626,53,32.8,12.0,0.0,393.59999999999997,0.07322989183924898,0.02382978723404255,-0.44694002328998206,0.02217741935483871,-0.1104831406277062,0.003506427559665392,32.8
10626,60,34.0,20.0,0.0,680.0,0.09495553723863599,0.024758220502901353,-0.17603851156314565,0.038306451612903226,-0.01514075502188081,0.006057852491291837,34.0
10626,71,21.5,20.0,0.0,430.0,-0.1313532690049782,0.015087040618955513,-0.17603851156314565,0.038306451612903226,-0.09836560279232895,0.0038307008400816026,21.5
10627,62,49.3,15.0,0.0,739.5,0.3719575160808197,0.03659574468085106,-0.3453519563924184,0.028225806451612906,0.004666758747485847,0.006587914584279872,49.3
10627,73,15.0,35.0,0.15,446.25,-0.24903384825165756,0.010058027079303675,0.3319018229246726,0.06854838709677419,-0.09295598768724982,0.003975465697410268,15.0
10628,1,18.0,25.0,0.0,450.0,-0.19471973475319015,0.012379110251450677,-0.006725066733872924,0.04838709677419355,-0.0917076149706931,0.004008872972178421,18.0
10629,29,123.79,20.0,0.0,2475.8,1.7205769542477656,0.09422823984526113,-0.17603851156314565,0.038306451612903226,0.5826799714828023,0.022055928232265192,123.79
10629,64,33.25,9.0,0.0,299.25,0.08137700886401913,0.024177949709864605,-0.5485280901875457,0.016129032258064516,-0.14189219817627333,0.0026659005264986504,33.25
10630,55,24.0,12.0,0.05,273.59999999999997,-0.08609150775625536,0.01702127659574468,-0.44694002328998206,0.02217741935483871,-0.1504310675575213,0.00243739476708448,24.0
10630,76,18.0,35.0,0.0,630.0,-0.19471973475319015,0.012379110251450677,0.3319018229246726,0.06854838709677419,-0.03178572457597044,0.0056124221610497895,18.0
10631,75,7.75,8.0,0.1,55.800000000000004,-0.3802929558729538,0.004448742746615087,-0.5823907791534002,0.014112903225806451,-0.22293655493513573,0.0004971002485501243,7.75
10632,2,19.0,30.0,0.05,541.5,-0.17661503025370104,0.013152804642166343,0.1625883780953998,0.058467741935483875,-0.06124732068670908,0.004824010476521367,19.0
10632,33,2.5,20.0,0.05,47.5,-0.47534265449527174,0.0003868471953578337,-0.17603851156314565,0.038306451612903226,-0.2256996198811146,0.00042315881372994446,2.5
10633,12,38.0,36.0,0.15,1162.8,0.16737435523659253,0.027852998065764023,0.3657645118905271,0.07056451612903225,0.1455830709924086,0.01035892776010904,38.0
10633,13,6.0,13.0,0.15,66.3,-0.41197618874705977,0.0030947775628626687,-0.41307733432412747,0.024193548387096774,-0.21944111132877692,0.0005906406179009541,6.0
10633,26,31.23,35.0,0.15,929.0925,0.044805505775051095,0.02261508704061896,0.3319018229246726,0.06854838709677419,0.06778198655116059,0.008276919582008177,31.23
10633,62,49.3,80.0,0.15,3352.4,0.3719575160808197,0.03659574468085106,1.8557228263881271,0.1592741935483871,0.8744995777051016,0.029865212782068756,49.3
10634,7,30.0,35.0,0.0,1050.0,0.022536719240679452,0.021663442940038687,0.3319018229246726,0.06854838709677419,0.10803201967838243,0.009354036935082983,30.0
10634,18,62.5,50.0,0.0,3125.0,0.6109396154740764,0.04680851063829787,0.8398421574124908,0.09879032258064516,0.798798256173102,0.027839395640127926,62.5
10634,51,53.0,15.0,0.0,795.0,0.43894492272892954,0.039458413926499035,-0.3453519563924184,0.028225806451612906,0.02314267495252533,0.007082342250848544,53.0
10634,75,7.75,2.0,0.0,15.5,-0.3802929558729538,0.004448742746615087,-0.7855669129485275,0.0020161290322580645,-0.23635240039573197,0.00013808340237503452,7.75
10635,4,22.0,10.0,0.1,198.0,-0.12230091675523362,0.015473887814313346,-0.5146654012216911,0.01814516129032258,-0.17559826152330482,0.0017639041077585054,22.0
10635,5,21.35,15.0,0.1,288.225,-0.13406897467990153,0.014970986460348163,-0.3453519563924184,0.028225806451612906,-0.14556241396295008,0.002567683138680279,21.35
10635,22,21.0,40.0,0.0,840.0,-0.14040562125472275,0.01470019342359768,0.5012152677539453,0.07862903225806452,0.038123147551206,0.007483229548066387,21.0
10636,4,22.0,25.0,0.0,550.0,-0.12230091675523362,0.015473887814313346,-0.006725066733872924,0.04838709677419355,-0.05841767586251384,0.004899733632662515,22.0
10636,58,13.25,6.0,0.0,79.5,-0.28071708112576355,0.008704061895551257,-0.6501161570851093,0.010080645161290322,-0.21504683936649724,0.0007082342250848545,13.25
10637,11,21.0,10.0,0.0,210.0,-0.14040562125472275,0.01470019342359768,-0.5146654012216911,0.01814516129032258,-0.17160346883032332,0.0018708073870165967,21.0
10637,50,16.25,25.0,0.05,385.9375,-0.22640296762729614,0.011025145067698259,-0.006725066733872924,0.04838709677419355,-0.11303398221187043,0.0034381653615557987,16.25
10637,56,38.0,60.0,0.05,2166.0,0.16737435523659253,0.027852998065764023,1.1784690470710362,0.11895161290322581,0.47954774012566287,0.019296041906085467,38.0
10638,45,9.5,20.0,0.0,190.0,-0.3486097229988478,0.005802707930367504,-0.17603851156314565,0.038306451612903226,-0.17826145665195917,0.0016926352549197778,9.5
10638,65,21.05,21.0,0.0,442.05,-0.1395003860297483,0.014738878143133462,-0.1421758225972911,0.04032258064516129,-0.09435416512979335,0.003938049549669936,21.05
10638,72,34.8,60.0,0.0,2088.0,0.10943930083822724,0.025377176015473887,1.1784690470710362,0.11895161290322581,0.45358158762128303,0.018601170590907875,34.8
10639,18,62.5,8.0,0.0,500.0,0.6109396154740764,0.04680851063829787,-0.5823907791534002,0.014112903225806451,-0.07506264541660347,0.004454303302420469,62.5
10640,69,36.0,20.0,0.25,540.0,0.13116494623761427,0.02630560928433269,-0.17603851156314565,0.038306451612903226,-0.061746669773331764,0.004810647566614106,36.0
10640,70,15.0,15.0,0.25,168.75,-0.24903384825165756,0.010058027079303675,-0.3453519563924184,0.028225806451612906,-0.18533556871244725,0.001503327364566908,15.0
10641,2,19.0,50.0,0.0,950.0,-0.17661503025370104,0.013152804642166343,0.8398421574124908,0.09879032258064516,0.07474208057020318,0.00846317627459889,19.0
10641,40,18.4,60.0,0.0,1104.0,-0.18747785295339453,0.012688588007736942,1.1784690470710362,0.11895161290322581,0.12600858679679922,0.009835101691744393,18.4
10642,21,10.0,30.0,0.2,240.0,-0.33955737074910325,0.006189555125725338,0.1625883780953998,0.058467741935483875,-0.16161648709786952,0.0021380655851618246,10.0
10642,61,28.5,20.0,0.2,456.0,-0.00462033750855425,0.020502901353965184,-0.17603851156314565,0.038306451612903226,-0.08971021862420234,0.004062324611807467,28.5
10643,28,45.6,15.0,0.25,513.0,0.30497010943270997,0.0337330754352031,-0.3453519563924184,0.028225806451612906,-0.07073495333254017,0.004570115188283401,45.6
10643,39,18.0,21.0,0.25,283.5,-0.19471973475319015,0.012379110251450677,-0.1421758225972911,0.04032258064516129,-0.14713536358581156,0.0025255899724724055,18.0
10643,46,12.0,2.0,0.25,18.0,-0.30334796175012496,0.007736943907156672,-0.7855669129485275,0.0020161290322580645,-0.23552015191802747,0.00016035491888713685,12.0
10644,18,62.5,4.0,0.1,225.0,0.6109396154740764,0.04680851063829787,-0.7178415350168185,0.006048387096774193,-0.1666099779640964,0.0020044364860892106,62.5
10644,43,46.0,20.0,0.0,920.0,0.3122119912325056,0.03404255319148936,-0.17603851156314565,0.038306451612903226,0.0647550988377494,0.008195918076453661,46.0
10644,46,12.0,21.0,0.1,226.8,-0.30334796175012496,0.007736943907156672,-0.1421758225972911,0.04032258064516129,-0.1660107590601492,0.0020204719779779246,12.0
10645,18,62.5,20.0,0.0,1250.0,0.6109396154740764,0.04680851063829787,-0.17603851156314565,0.038306451612903226,0.17461189789474094,0.01113575825605117,62.5
10645,36,19.0,15.0,0.0,285.0,-0.17661503025370104,0.013152804642166343,-0.3453519563924184,0.028225806451612906,-0.14663601449918887,0.002538952882379667,19.0
10646,1,18.0,15.0,0.25,202.5,-0.19471973475319015,0.012379110251450677,-0.3453519563924184,0.028225806451612906,-0.17410021426343675,0.0018039928374802897,18.0
10646,10,31.0,18.0,0.25,418.5,0.04064142374016859,0.022437137330754354,-0.24376388949485475,0.034274193548387094,-0.10219394578976956,0.003728251864125932,31.0
10646,71,21.5,30.0,0.25,483.75,-0.1313532690049782,0.015087040618955513,0.1625883780953998,0.058467741935483875,-0.0804722605216826,0.004309538445091803,21.5
10646,77,13.0,35.0,0.25,341.25,-0.2852432572506358,0.00851063829787234,0.3319018229246726,0.06854838709677419,-0.12791042375083803,0.0030400620039019695,13.0
10647,19,9.2,30.0,0.0,276.0,-0.35404113434869455,0.005570599613152804,0.1625883780953998,0.058467741935483875,-0.14963210901892499,0.0024587754229360983,9.2
10648,22,21.0,15.0,0.0,315.0,-0.14040562125472275,0.01470019342359768,-0.3453519563924184,0.028225806451612906,-0.1366490327667351,0.0028062110805248948,21.0
10648,24,4.5,15.0,0.15,57.375,-0.43913324549629346,0.0019342359767891683,-0.3453519563924184,0.028225806451612906,-0.2224122383941819,0.0005111313039527488,4.5
10649,28,45.6,20.0,0.0,912.0,0.30497010943270997,0.0337330754352031,-0.17603851156314565,0.038306451612903226,0.06209190370909506,0.008124649223614933,45.6
10649,72,34.8,15.0,0.0,522.0,0.10943930083822724,0.025377176015473887,-0.3453519563924184,0.028225806451612906,-0.06773885881280403,0.004650292647726969,34.8
10650,30,25.89,30.0,0.0,776.7,-0.05187361625222088,0.018483558994197295,0.1625883780953998,0.058467741935483875,0.017050616095728544,0.006919314749979956,25.89
10650,53,32.8,25.0,0.05,778.9999999999999,0.07322989183924898,0.02382978723404255,-0.006725066733872924,0.04838709677419355,0.017816284695216615,0.006939804545171089,32.8
10650,54,7.45,30.0,0.0,223.5,-0.38572436722280057,0.004216634429400386,0.1625883780953998,0.058467741935483875,-0.1671093270507191,0.0019910735761819493,7.45
10651,19,9.2,12.0,0.25,82.8,-0.35404113434869455,0.005570599613152804,-0.44694002328998206,0.02217741935483871,-0.21394827137592734,0.0007376326268808295,9.2
10651,22,21.0,20.0,0.25,315.0,-0.14040562125472275,0.01470019342359768,-0.17603851156314565,0.038306451612903226,-0.1366490327667351,0.0028062110805248948,21.0
10652,30,25.89,2.0,0.25,38.835,-0.05187361625222088,0.018483558994197295,-0.7855669129485275,0.0020161290322580645,-0.22858419310483832,0.0003459657374989978,25.89
10652,42,14.0,20.0,0.0,280.0,-0.26713855275114673,0.009284332688588007,-0.17603851156314565,0.038306451612903226,-0.14830051145459783,0.002494409849355462,14.0
10653,16,17.45,30.0,0.1,471.15000000000003,-0.20467732222790921,0.01195357833655706,0.1625883780953998,0.058467741935483875,-0.08466679284931317,0.0041972900018708076,17.45
10653,60,34.0,20.0,0.1,612.0,0.09495553723863599,0.024758220502901353,-0.17603851156314565,0.038306451612903226,-0.0377779136154427,0.005452067242162653,34.0
10654,4,22.0,12.0,0.1,237.6,-0.12230091675523362,0.015473887814313346,-0.44694002328998206,0.02217741935483871,-0.16241544563646582,0.0021166849293102062,22.0
10654,39,18.0,20.0,0.1,324.0,-0.19471973475319015,0.012379110251450677,-0.17603851156314565,0.038306451612903226,-0.13365293824699895,0.0028863885399684633,18.0
10654,54,7.45,6.0,0.1,40.230000000000004,-0.38572436722280057,0.004216634429400386,-0.6501161570851093,0.010080645161290322,-0.2281197984542792,0.0003583932437127509,7.45
10655,41,9.65,20.0,0.2,154.4,-0.34589401732392444,0.0059187620889748545,-0.17603851156314565,0.038306451612903226,-0.19011267497447099,0.0013754888597874407,9.65
10656,14,23.25,3.0,0.1,62.775,-0.0996700361308722,0.016441005802707933,-0.751704223982673,0.004032258064516129,-0.22061458168234022,0.0005592377796188898,23.25
10656,44,19.45,28.0,0.1,490.14000000000004,-0.16846791322893093,0.013500967117988394,0.09486300016369072,0.05443548387096774,-0.07834503341266993,0.004366464441296737,19.45
10656,47,9.5,6.0,0.1,51.300000000000004,-0.3486097229988478,0.005802707930367504,-0.6501161570851093,0.010080645161290322,-0.2244346021950038,0.00045701151882834005,9.5
10657,15,15.5,50.0,0.0,775.0,-0.23998149600191301,0.010444874274661509,0.8398421574124908,0.09879032258064516,0.01648468713088948,0.006904170118751726,15.5
10657,41,9.65,24.0,0.0,231.60000000000002,-0.34589401732392444,0.0059187620889748545,-0.040587755699727474,0.046370967741935484,-0.16441284198295658,0.0020632332896811613,9.65
10657,46,12.0,45.0,0.0,540.0,-0.30334796175012496,0.007736943907156672,0.670528712583218,0.08870967741935484,-0.061746669773331764,0.004810647566614106,12.0
10657,47,9.5,10.0,0.0,95.0,-0.3486097229988478,0.005802707930367504,-0.5146654012216911,0.01814516129032258,-0.20988689880472944,0.0008463176274598889,9.5
10657,56,38.0,45.0,0.0,1710.0,0.16737435523659253,0.027852998065764023,0.670528712583218,0.08870967741935484,0.3277456177923655,0.015233717294278002,38.0
10657,60,34.0,30.0,0.0,1020.0,0.09495553723863599,0.024758220502901353,0.1625883780953998,0.058467741935483875,0.09804503794592866,0.009086778736937756,34.0
10658,21,10.0,60.0,0.0,600.0,-0.33955737074910325,0.006189555125725338,1.1784690470710362,0.11895161290322581,-0.041772706308424216,0.005345163962904562,10.0
10658,40,18.4,70.0,0.05,1223.6,-0.18747785295339453,0.012688588007736942,1.5170959367295818,0.13911290322580644,0.16582335397018158,0.010900571041683368,18.4
10658,60,34.0,55.0,0.05,1776.5,0.09495553723863599,0.024758220502901353,1.0091556022417636,0.10887096774193548,0.34988342729930466,0.015826139633499922,34.0
10658,77,13.0,70.0,0.05,864.5,-0.2852432572506358,0.00851063829787234,1.5170959367295818,0.13911290322580644,0.046279182632709914,0.00770149040988499,13.0
10659,31,12.5,20.0,0.05,237.5,-0.2942956095003804,0.008123791102514506,-0.17603851156314565,0.038306451612903226,-0.16244873557557402,0.0021157940686497225,12.5
10659,40,18.4,24.0,0.05,419.5199999999999,-0.18747785295339453,0.012688588007736942,-0.040587755699727474,0.046370967741935484,-0.10185438841086615,0.003737338642862869,18.4
10659,70,15.0,40.0,0.05,570.0,-0.24903384825165756,0.010058027079303675,0.5012152677539453,0.07862903225806452,-0.05175968804087799,0.005077905764759334,15.0
10660,20,81.0,21.0,0.0,1701.0,0.9458766487146253,0.06112185686653772,-0.1421758225972911,0.04032258064516129,0.3247495232726294,0.015153539834834433,81.0
10661,39,18.0,3.0,0.2,43.2,-0.19471973475319015,0.012379110251450677,-0.751704223982673,0.004032258064516129,-0.2271310872627663,0.0003848518053291285,18.0
10661,58,13.25,49.0,0.2,519.4,-0.28071708112576355,0.008704061895551257,0.8059794684466363,0.0967741935483871,-0.0686043972296167,0.004627130270554382,13.25
10662,68,12.5,10.0,0.0,125.0,-0.2942956095003804,0.008123791102514506,-0.5146654012216911,0.01814516129032258,-0.19989991707227567,0.0011135758256051172,12.5
10663,40,18.4,30.0,0.05,524.4,-0.18747785295339453,0.012688588007736942,0.1625883780953998,0.058467741935483875,-0.06693990027420774,0.004671673303578587,18.4
10663,42,14.0,30.0,0.05,399.0,-0.26713855275114673,0.009284332688588007,0.1625883780953998,0.058467741935483875,-0.10868548391586451,0.0035545340353315335,14.0
10663,51,53.0,20.0,0.05,1007.0,0.43894492272892954,0.039458413926499035,-0.17603851156314565,0.038306451612903226,0.09371734586186535,0.008970966851074822,53.0
10664,10,31.0,24.0,0.15,632.4,0.04064142374016859,0.022437137330754354,-0.040587755699727474,0.046370967741935484,-0.03098676603737414,0.005633802816901408,31.0
10664,56,38.0,12.0,0.15,387.59999999999997,0.16737435523659253,0.027852998065764023,-0.44694002328998206,0.02217741935483871,-0.11248053697419697,0.0034529759200363466,38.0
10664,65,21.05,15.0,0.15,268.3875,-0.1395003860297483,0.014738878143133462,-0.3453519563924184,0.028225806451612906,-0.15216630563353514,0.002390958655156747,21.05
10665,51,53.0,20.0,0.0,1060.0,0.43894492272892954,0.039458413926499035,-0.17603851156314565,0.038306451612903226,0.11136101358920036,0.009443123001131393,53.0
10665,59,55.0,1.0,0.0,55.0,0.47515433172790783,0.04100580270793037,-0.8194296019143821,0.0,-0.22320287444800116,0.0004899733632662515,55.0
10665,76,18.0,10.0,0.0,180.0,-0.19471973475319015,0.012379110251450677,-0.5146654012216911,0.01814516129032258,-0.1815904505627771,0.0016035491888713685,18.0
10666,29,123.79,36.0,0.0,4456.4400000000005,1.7205769542477656,0.09422823984526113,0.3657645118905271,0.07056451612903225,1.242033821435044,0.03970067081807735,123.79
10666,65,21.05,10.0,0.0,210.5,-0.1395003860297483,0.014738878143133462,-0.5146654012216911,0.01814516129032258,-0.1714370191347824,0.001875261690319017,21.05
10667,69,36.0,45.0,0.2,1296.0,0.13116494623761427,0.02630560928433269,0.670528712583218,0.08870967741935484,0.1899252698845034,0.011545554159873853,36.0
10667,71,21.5,14.0,0.2,240.8,-0.1313532690049782,0.015087040618955513,-0.37921464535827293,0.026209677419354836,-0.1613501675850041,0.0021451924704456978,21.5
10668,31,12.5,8.0,0.1,90.0,-0.2942956095003804,0.008123791102514506,-0.5823907791534002,0.014112903225806451,-0.2115513957601384,0.0008017745944356843,12.5
10668,55,24.0,4.0,0.1,86.4,-0.08609150775625536,0.01702127659574468,-0.7178415350168185,0.006048387096774193,-0.21274983356803287,0.000769703610658257,24.0
10668,64,33.25,15.0,0.1,448.875,0.08137700886401913,0.024177949709864605,-0.3453519563924184,0.028225806451612906,-0.0920821267856601,0.003998850789747975,33.25
10669,36,19.0,30.0,0.0,570.0,-0.17661503025370104,0.013152804642166343,0.1625883780953998,0.058467741935483875,-0.05175968804087799,0.005077905764759334,19.0
10670,23,9.0,32.0,0.0,288.0,-0.3576620752485924,0.005415860735009671,0.2303137560271089,0.0625,-0.14563731632594348,0.0025656787021941896,9.0
10670,46,12.0,60.0,0.0,720.0,-0.30334796175012496,0.007736943907156672,1.1784690470710362,0.11895161290322581,-0.001824779378609108,0.006414196755485474,12.0
10670,67,14.0,25.0,0.0,350.0,-0.26713855275114673,0.009284332688588007,-0.006725066733872924,0.04838709677419355,-0.12499755407887235,0.0031180123116943278,14.0
10670,73,15.0,50.0,0.0,750.0,-0.24903384825165756,0.010058027079303675,0.8398421574124908,0.09879032258064516,0.00816220235384467,0.006681454953630702,15.0
10670,75,7.75,25.0,0.0,193.75,-0.3802929558729538,0.004448742746615087,-0.006725066733872924,0.04838709677419355,-0.17701308393540244,0.0017260425296879314,7.75
10671,16,17.45,10.0,0.0,174.5,-0.20467732222790921,0.01195357833655706,-0.5146654012216911,0.01814516129032258,-0.18342139721372694,0.0015545518525447435,17.45
10671,62,49.3,10.0,0.0,493.0,0.3719575160808197,0.03659574468085106,-0.5146654012216911,0.01814516129032258,-0.07739294115417601,0.004391943056186582,49.3
10671,65,21.05,12.0,0.0,252.60000000000002,-0.1395003860297483,0.014738878143133462,-0.44694002328998206,0.02217741935483871,-0.15742195477023893,0.0022503140283828206,21.05
10672,38,263.5,15.0,0.1,3557.25,4.249985219871392,0.20232108317214698,-0.3453519563924184,0.028225806451612906,0.9426940179682067,0.03169014084507042,263.5
10672,71,21.5,12.0,0.0,258.0,-0.1313532690049782,0.015087040618955513,-0.44694002328998206,0.02217741935483871,-0.15562429805839725,0.0022984205040489617,21.5
10673,16,17.45,3.0,0.0,52.349999999999994,-0.20467732222790921,0.01195357833655706,-0.751704223982673,0.004032258064516129,-0.22408505783436788,0.00046636555576342296,17.45
10673,42,14.0,6.0,0.0,84.0,-0.26713855275114673,0.009284332688588007,-0.6501161570851093,0.010080645161290322,-0.21354879210662916,0.0007483229548066386,14.0
10673,43,46.0,6.0,0.0,276.0,0.3122119912325056,0.03404255319148936,-0.6501161570851093,0.010080645161290322,-0.14963210901892499,0.0024587754229360983,46.0
10674,23,9.0,5.0,0.0,45.0,-0.3576620752485924,0.005415860735009671,-0.6839788460509638,0.008064516129032258,-0.22653186835881908,0.00040088729721784213,9.0
10675,14,23.25,30.0,0.0,697.5,-0.0996700361308722,0.016441005802707933,0.1625883780953998,0.058467741935483875,-0.00931501567794944,0.006213753106876553,23.25
10675,53,32.8,10.0,0.0,328.0,0.07322989183924898,0.02382978723404255,-0.5146654012216911,0.01814516129032258,-0.1323213406826718,0.002922022966387827,32.8
10675,58,13.25,30.0,0.0,397.5,-0.28071708112576355,0.008704061895551257,0.1625883780953998,0.058467741935483875,-0.1091848330024872,0.003541171125424272,13.25
10676,10,31.0,2.0,0.0,62.0,0.04064142374016859,0.022437137330754354,-0.7855669129485275,0.0020161290322580645,-0.2208725787104286,0.0005523336095001381,31.0
10676,19,9.2,7.0,0.0,64.39999999999999,-0.35404113434869455,0.005570599613152804,-0.6162534681192547,0.012096774193548387,-0.2200736201718323,0.0005737142653517562,9.2
10676,44,19.45,21.0,0.0,408.45,-0.16846791322893093,0.013500967117988394,-0.1421758225972911,0.04032258064516129,-0.10553958467014157,0.0036387203677472803,19.45
10677,26,31.23,30.0,0.15,796.365,0.044805505775051095,0.02261508704061896,0.1625883780953998,0.058467741935483875,0.023597082621351982,0.007094502498864152,31.23
10677,33,2.5,8.0,0.15,17.0,-0.47534265449527174,0.0003868471953578337,-0.5823907791534002,0.014112903225806451,-0.23585305130910927,0.00015144631228229593,2.5
10678,12,38.0,100.0,0.0,3800.0,0.16737435523659253,0.027852998065764023,2.532976605705218,0.19959677419354838,1.0235053451533118,0.03385270509839556,38.0
10678,33,2.5,30.0,0.0,75.0,-0.47534265449527174,0.0003868471953578337,0.1625883780953998,0.058467741935483875,-0.2165448866263653,0.0006681454953630702,2.5
10678,41,9.65,120.0,0.0,1158.0,-0.34589401732392444,0.0059187620889748545,3.210230385022309,0.2399193548387097,0.14398515391521602,0.010316166448405804,9.65
10678,54,7.45,30.0,0.0,223.5,-0.38572436722280057,0.004216634429400386,0.1625883780953998,0.058467741935483875,-0.1671093270507191,0.0019910735761819493,7.45
10679,59,55.0,12.0,0.0,660.0,0.47515433172790783,0.04100580270793037,-0.44694002328998206,0.02217741935483871,-0.021798742843516662,0.005879680359195018,55.0
10680,16,17.45,50.0,0.25,654.375,-0.20467732222790921,0.01195357833655706,0.8398421574124908,0.09879032258064516,-0.023671301918351744,0.005829569447042788,17.45
10680,31,12.5,20.0,0.25,187.5,-0.2942956095003804,0.008123791102514506,-0.17603851156314565,0.038306451612903226,-0.17909370512966363,0.0016703637384076755,12.5
10680,42,14.0,40.0,0.25,420.0,-0.26713855275114673,0.009284332688588007,0.5012152677539453,0.07862903225806452,-0.10169459670314687,0.0037416147740331933,14.0
10681,19,9.2,30.0,0.1,248.4,-0.35404113434869455,0.005570599613152804,0.1625883780953998,0.058467741935483875,-0.1588201322127825,0.0022128978806424887,9.2
10681,21,10.0,12.0,0.1,108.0,-0.33955737074910325,0.006189555125725338,-0.44694002328998206,0.02217741935483871,-0.20555920672066613,0.0009621295133228211,10.0
10681,64,33.25,28.0,0.0,931.0,0.08137700886401913,0.024177949709864605,0.09486300016369072,0.05443548387096774,0.06841699213964912,0.008293912749106912,33.25
10682,33,2.5,30.0,0.0,75.0,-0.47534265449527174,0.0003868471953578337,0.1625883780953998,0.058467741935483875,-0.2165448866263653,0.0006681454953630702,2.5
10682,66,17.0,4.0,0.0,68.0,-0.2128244392526793,0.011605415860735008,-0.7178415350168185,0.006048387096774193,-0.21887518236393785,0.0006057852491291837,17.0
10682,75,7.75,30.0,0.0,232.5,-0.3802929558729538,0.004448742746615087,0.1625883780953998,0.058467741935483875,-0.16411323253098298,0.002071251035625518,7.75
10683,52,7.0,9.0,0.0,63.0,-0.3938714842475706,0.003868471953578336,-0.5485280901875457,0.016129032258064516,-0.22053967931934682,0.000561242216104979,7.0
10684,40,18.4,20.0,0.0,368.0,-0.18747785295339453,0.012688588007736942,-0.17603851156314565,0.038306451612903226,-0.11900536503940008,0.0032783672305814644,18.4
10684,47,9.5,40.0,0.0,380.0,-0.3486097229988478,0.005802707930367504,0.5012152677539453,0.07862903225806452,-0.11501057234641858,0.0033852705098395557,9.5
10684,60,34.0,30.0,0.0,1020.0,0.09495553723863599,0.024758220502901353,0.1625883780953998,0.058467741935483875,0.09804503794592866,0.009086778736937756,34.0
10685,10,31.0,20.0,0.0,620.0,0.04064142374016859,0.022437137330754354,-0.17603851156314565,0.038306451612903226,-0.03511471848678836,0.00552333609500138,31.0
10685,41,9.65,4.0,0.0,38.6,-0.34589401732392444,0.0059187620889748545,-0.7178415350168185,0.006048387096774193,-0.22866242446174254,0.0003438722149468602,9.65
10685,47,9.5,15.0,0.0,142.5,-0.3486097229988478,0.005802707930367504,-0.3453519563924184,0.028225806451612906,-0.19407417772834432,0.0012694764411898334,9.5
10686,17,39.0,30.0,1.0,0.0,0.18547905973608167,0.028626692456479693,0.1625883780953998,0.058467741935483875,-0.24151234095749974,0.0,39.0
10686,26,31.23,15.0,0.0,468.45,0.044805505775051095,0.02261508704061896,-0.3453519563924184,0.028225806451612906,-0.08556562120523403,0.004173236764037736,31.23
10687,9,97.0,50.0,0.25,3637.5,1.2355519207064514,0.0735009671179884,0.8398421574124908,0.09879032258064516,0.9694091941025206,0.03240505652510891,97.0
10687,29,123.79,10.0,0.0,1237.9,1.7205769542477656,0.09422823984526113,-0.5146654012216911,0.01814516129032258,0.1705838152626513,0.011027964116132596,123.79
10687,36,19.0,6.0,0.25,85.5,-0.17661503025370104,0.013152804642166343,-0.6501161570851093,0.010080645161290322,-0.21304944302000647,0.0007616858647139001,19.0
10688,10,31.0,18.0,0.1,502.2,0.04064142374016859,0.022437137330754354,-0.24376388949485475,0.034274193548387094,-0.07433026675622353,0.0044739022369511185,31.0
10688,28,45.6,60.0,0.1,2462.4,0.30497010943270997,0.0337330754352031,1.1784690470710362,0.11895161290322581,0.5782191196423062,0.02193655290376032,45.6
10688,34,14.0,14.0,0.0,196.0,-0.26713855275114673,0.009284332688588007,-0.37921464535827293,0.026209677419354836,-0.1762640603054684,0.0017460868945488235,14.0
10689,1,18.0,35.0,0.25,472.5,-0.19471973475319015,0.012379110251450677,0.3319018229246726,0.06854838709677419,-0.08421737867135276,0.004209316620787343,18.0
10690,56,38.0,20.0,0.25,570.0,0.16737435523659253,0.027852998065764023,-0.17603851156314565,0.038306451612903226,-0.05175968804087799,0.005077905764759334,38.0
10690,77,13.0,30.0,0.0,390.0,-0.2852432572506358,0.00851063829787234,0.1625883780953998,0.058467741935483875,-0.11168157843560064,0.003474356575887965,13.0
10691,1,18.0,30.0,0.0,540.0,-0.19471973475319015,0.012379110251450677,0.1625883780953998,0.058467741935483875,-0.061746669773331764,0.004810647566614106,18.0
10691,29,123.79,40.0,0.0,4951.6,1.7205769542477656,0.09422823984526113,0.5012152677539453,0.07862903225806452,1.4068722839231045,0.044111856464530384,123.79
10691,43,46.0,40.0,0.0,1840.0,0.3122119912325056,0.03404255319148936,0.5012152677539453,0.07862903225806452,0.3710225386329985,0.016391836152907322,46.0
10691,44,19.45,24.0,0.0,466.79999999999995,-0.16846791322893093,0.013500967117988394,-0.040587755699727474,0.046370967741935484,-0.086114905200519,0.004158537563139749,19.45
10691,62,49.3,48.0,0.0,2366.3999999999996,0.3719575160808197,0.03659574468085106,0.7721167794807816,0.09475806451612903,0.546260778098454,0.021081326669695588,49.3
10692,63,43.9,20.0,0.0,878.0,0.2741921117835784,0.03241779497098646,-0.17603851156314565,0.038306451612903226,0.050773324412314115,0.007821756599050341,43.9
10693,9,97.0,6.0,0.0,582.0,1.2355519207064514,0.0735009671179884,-0.6501161570851093,0.010080645161290322,-0.04776489534789648,0.0051848090440174245,97.0
10693,54,7.45,60.0,0.15,379.95,-0.38572436722280057,0.004216634429400386,1.1784690470710362,0.11895161290322581,-0.11502721731597267,0.003384825079509314,7.45
10693,69,36.0,30.0,0.15,918.0,0.13116494623761427,0.02630560928433269,0.1625883780953998,0.058467741935483875,0.06408930005558582,0.00817810086324398,36.0
10693,73,15.0,15.0,0.15,191.25,-0.24903384825165756,0.010058027079303675,-0.3453519563924184,0.028225806451612906,-0.1778453324131069,0.0017037710131758291,15.0
10694,7,30.0,90.0,0.0,2700.0,0.022536719240679452,0.021663442940038687,2.1943497160466725,0.17943548387096775,0.6573160149633401,0.024053237833070527,30.0
10694,59,55.0,25.0,0.0,1375.0,0.47515433172790783,0.04100580270793037,-0.006725066733872924,0.04838709677419355,0.216224321779965,0.012249334081656288,55.0
10694,70,15.0,50.0,0.0,750.0,-0.24903384825165756,0.010058027079303675,0.8398421574124908,0.09879032258064516,0.00816220235384467,0.006681454953630702,15.0
10695,8,40.0,10.0,0.0,400.0,0.20358376423557079,0.02940038684719536,-0.5146654012216911,0.01814516129032258,-0.10835258452478272,0.0035634426419363747,40.0
10695,12,38.0,4.0,0.0,152.0,0.16737435523659253,0.027852998065764023,-0.7178415350168185,0.006048387096774193,-0.19091163351306728,0.0013541082039358224,38.0
10695,24,4.5,20.0,0.0,90.0,-0.43913324549629346,0.0019342359767891683,-0.17603851156314565,0.038306451612903226,-0.2115513957601384,0.0008017745944356843,4.5
10696,17,39.0,20.0,0.0,780.0,0.18547905973608167,0.028626692456479693,-0.17603851156314565,0.038306451612903226,0.018149184086298446,0.00694871315177593,39.0
10696,46,12.0,18.0,0.0,216.0,-0.30334796175012496,0.007736943907156672,-0.24376388949485475,0.034274193548387094,-0.16960607248383255,0.0019242590266456423,12.0
10697,35,18.0,9.0,0.25,121.5,-0.19471973475319015,0.012379110251450677,-0.5485280901875457,0.016129032258064516,-0.20106506494106194,0.0010823957024881739,18.0
10697,58,13.25,30.0,0.25,298.125,-0.28071708112576355,0.008704061895551257,0.1625883780953998,0.058467741935483875,-0.14226670999124033,0.002655878344068204,13.25
10697,70,15.0,299.0,0.25,3363.75,-0.24903384825165756,0.010058027079303675,9.271651709910273,0.6008064516129031,0.87827798579388,0.0299663254670337,15.0
10698,11,21.0,15.0,0.0,315.0,-0.14040562125472275,0.01470019342359768,-0.3453519563924184,0.028225806451612906,-0.1366490327667351,0.0028062110805248948,21.0
10698,17,39.0,8.0,0.05,296.4,0.18547905973608167,0.028626692456479693,-0.5823907791534002,0.014112903225806451,-0.14284096144085645,0.0026405109976748533,39.0
10698,29,123.79,12.0,0.05,1411.206,1.7205769542477656,0.09422823984526113,-0.44694002328998206,0.02217741935483871,0.22827727713347234,0.012571879092391158,123.79
10698,65,21.05,65.0,0.05,1299.8374999999999,-0.1395003860297483,0.014738878143133462,1.347782491900309,0.12903225806451613,0.19120277129777974,0.01157974093771993,21.05
10698,70,15.0,8.0,0.05,114.0,-0.24903384825165756,0.010058027079303675,-0.5823907791534002,0.014112903225806451,-0.2035618103741754,0.0010155811529518667,15.0
10699,47,9.5,12.0,0.0,114.0,-0.3486097229988478,0.005802707930367504,-0.44694002328998206,0.02217741935483871,-0.2035618103741754,0.0010155811529518667,9.5
10700,34,14.0,12.0,0.2,134.4,-0.26713855275114673,0.009284332688588007,-0.44694002328998206,0.02217741935483871,-0.19677066279610683,0.0011973167276906219,14.0
10700,68,12.5,40.0,0.2,400.0,-0.2942956095003804,0.008123791102514506,0.5012152677539453,0.07862903225806452,-0.10835258452478272,0.0035634426419363747,12.5
10700,71,21.5,60.0,0.2,1032.0,-0.1313532690049782,0.015087040618955513,1.1784690470710362,0.11895161290322581,0.10203983063891017,0.009193682016195847,21.5
10701,59,55.0,42.0,0.15,1963.5,0.47515433172790783,0.04100580270793037,0.5689406456856544,0.08266129032258064,0.4121356134315999,0.01749204906860518,55.0
10701,71,21.5,20.0,0.15,365.5,-0.1313532690049782,0.015087040618955513,-0.17603851156314565,0.038306451612903226,-0.11983761351710456,0.0032560957140693623,21.5
10701,76,18.0,35.0,0.15,535.5,-0.19471973475319015,0.012379110251450677,0.3319018229246726,0.06854838709677419,-0.06324471703319984,0.004770558836892321,18.0
10702,3,10.0,6.0,0.0,60.0,-0.33955737074910325,0.006189555125725338,-0.6501161570851093,0.010080645161290322,-0.2215383774925922,0.0005345163962904561,10.0
10702,76,18.0,15.0,0.0,270.0,-0.19471973475319015,0.012379110251450677,-0.3453519563924184,0.028225806451612906,-0.15162950536541575,0.002405323783307053,18.0
10703,2,19.0,5.0,0.0,95.0,-0.17661503025370104,0.013152804642166343,-0.6839788460509638,0.008064516129032258,-0.20988689880472944,0.0008463176274598889,19.0
10703,59,55.0,35.0,0.0,1925.0,0.47515433172790783,0.04100580270793037,0.3319018229246726,0.06854838709677419,0.3993189868749509,0.017149067714318803,55.0
10703,73,15.0,35.0,0.0,525.0,-0.24903384825165756,0.010058027079303675,0.3319018229246726,0.06854838709677419,-0.06674016063955865,0.0046770184675414914,15.0
10704,4,22.0,6.0,0.0,132.0,-0.12230091675523362,0.015473887814313346,-0.6501161570851093,0.010080645161290322,-0.19756962133470313,0.0011759360718390035,22.0
10704,24,4.5,35.0,0.0,157.5,-0.43913324549629346,0.0019342359767891683,0.3319018229246726,0.06854838709677419,-0.1890806868621174,0.0014031055402624474,4.5
10704,48,12.75,20.0,0.0,255.0,-0.28976943337550815,0.008317214700193424,-0.17603851156314565,0.038306451612903226,-0.15662299623164264,0.002271694684234439,12.75
10705,31,12.5,20.0,0.0,250.0,-0.2942956095003804,0.008123791102514506,-0.17603851156314565,0.038306451612903226,-0.1582874931870516,0.0022271516512102343,12.5
10705,32,32.0,4.0,0.0,128.0,0.05874612823965772,0.02321083172147002,-0.7178415350168185,0.006048387096774193,-0.19890121889903029,0.0011403016454196399,32.0
10706,16,17.45,20.0,0.0,349.0,-0.20467732222790921,0.01195357833655706,-0.17603851156314565,0.038306451612903226,-0.12533045346995414,0.003109103705089487,17.45
10706,43,46.0,24.0,0.0,1104.0,0.3122119912325056,0.03404255319148936,-0.040587755699727474,0.046370967741935484,0.12600858679679922,0.009835101691744393,46.0
10706,59,55.0,8.0,0.0,440.0,0.47515433172790783,0.04100580270793037,-0.5823907791534002,0.014112903225806451,-0.09503660888151103,0.003919786906130012,55.0
10707,55,24.0,21.0,0.0,504.0,-0.08609150775625536,0.01702127659574468,-0.1421758225972911,0.04032258064516129,-0.0737310478522763,0.004489937728839832,24.0
10707,57,19.5,40.0,0.0,780.0,-0.16756267800395647,0.013539651837524178,0.5012152677539453,0.07862903225806452,0.018149184086298446,0.00694871315177593,19.5
10707,70,15.0,28.0,0.15,357.0,-0.24903384825165756,0.010058027079303675,0.09486300016369072,0.05443548387096774,-0.1226672583412998,0.0031803725579282144,15.0
10708,5,21.35,4.0,0.0,85.4,-0.13406897467990153,0.014970986460348163,-0.7178415350168185,0.006048387096774193,-0.21308273295911467,0.000760795004053416,21.35
10708,36,19.0,5.0,0.0,95.0,-0.17661503025370104,0.013152804642166343,-0.6839788460509638,0.008064516129032258,-0.20988689880472944,0.0008463176274598889,19.0
10709,8,40.0,40.0,0.0,1600.0,0.20358376423557079,0.02940038684719536,0.5012152677539453,0.07862903225806452,0.29112668477336834,0.014253770567745499,40.0
10709,51,53.0,28.0,0.0,1484.0,0.43894492272892954,0.039458413926499035,0.09486300016369072,0.05443548387096774,0.2525103554078804,0.01322037220158395,53.0
10709,60,34.0,10.0,0.0,340.0,0.09495553723863599,0.024758220502901353,-0.5146654012216911,0.01814516129032258,-0.1283265479896903,0.0030289262456459185,34.0
10710,19,9.2,5.0,0.0,46.0,-0.35404113434869455,0.005570599613152804,-0.6839788460509638,0.008064516129032258,-0.22619896896773728,0.00040979590382268305,9.2
10710,47,9.5,5.0,0.0,47.5,-0.3486097229988478,0.005802707930367504,-0.6839788460509638,0.008064516129032258,-0.2256996198811146,0.00042315881372994446,9.5
10711,19,9.2,12.0,0.0,110.39999999999999,-0.35404113434869455,0.005570599613152804,-0.44694002328998206,0.02217741935483871,-0.20476024818206984,0.0009835101691744394,9.2
10711,41,9.65,42.0,0.0,405.3,-0.34589401732392444,0.0059187620889748545,0.5689406456856544,0.08266129032258064,-0.10658821775204921,0.0036106582569420315,9.65
10711,53,352.0,120.0,0.0,42240.0,5.8522515680761815,0.27079303675048355,3.210230385022309,0.2399193548387097,13.820157938337418,0.3762995429884812,263.5
10712,53,32.8,3.0,0.05,93.47999999999999,0.07322989183924898,0.02382978723404255,-0.751704223982673,0.004032258064516129,-0.21039290587917378,0.0008327765454205306,32.8
10712,56,38.0,30.0,0.0,1140.0,0.16737435523659253,0.027852998065764023,0.1625883780953998,0.058467741935483875,0.13799296487574375,0.010155811529518667,38.0
10713,10,31.0,18.0,0.0,558.0,0.04064142374016859,0.022437137330754354,-0.24376388949485475,0.034274193548387094,-0.0557544807338595,0.004971002485501243,31.0
10713,26,31.23,30.0,0.0,936.9,0.044805505775051095,0.02261508704061896,0.1625883780953998,0.058467741935483875,0.07038109854703169,0.008346473528075472,31.23
10713,45,9.5,110.0,0.0,1045.0,-0.3486097229988478,0.005802707930367504,2.8716034953637637,0.21975806451612903,0.10636752272297346,0.009309493902058779,9.5
10713,46,12.0,24.0,0.0,288.0,-0.30334796175012496,0.007736943907156672,-0.040587755699727474,0.046370967741935484,-0.14563731632594348,0.0025656787021941896,12.0
10714,2,19.0,30.0,0.25,427.5,-0.17661503025370104,0.013152804642166343,0.1625883780953998,0.058467741935483875,-0.09919785127003343,0.0038084293235695005,19.0
10714,17,39.0,27.0,0.25,789.75,0.18547905973608167,0.028626692456479693,0.06100031119783617,0.05241935483870968,0.021394953149345922,0.00703557206617313,39.0
10714,47,9.5,50.0,0.25,356.25,-0.3486097229988478,0.005802707930367504,0.8398421574124908,0.09879032258064516,-0.12291693288461114,0.0031736911029745835,9.5
10714,56,38.0,18.0,0.25,513.0,0.16737435523659253,0.027852998065764023,-0.24376388949485475,0.034274193548387094,-0.07073495333254017,0.004570115188283401,38.0
10714,58,13.25,12.0,0.25,119.25,-0.28071708112576355,0.008704061895551257,-0.44694002328998206,0.02217741935483871,-0.20181408857099598,0.0010623513376272816,13.25
10715,10,31.0,21.0,0.0,651.0,0.04064142374016859,0.022437137330754354,-0.1421758225972911,0.04032258064516129,-0.024794837363252793,0.005799502899751449,31.0
10715,71,21.5,30.0,0.0,645.0,-0.1313532690049782,0.015087040618955513,0.1625883780953998,0.058467741935483875,-0.026792233709743547,0.005746051260122404,21.5
10716,21,10.0,5.0,0.0,50.0,-0.33955737074910325,0.006189555125725338,-0.6839788460509638,0.008064516129032258,-0.22486737140341012,0.00044543033024204684,10.0
10716,51,53.0,7.0,0.0,371.0,0.43894492272892954,0.039458413926499035,-0.6162534681192547,0.012096774193548387,-0.1180066668661547,0.0033050930503959876,53.0
10716,61,28.5,10.0,0.0,285.0,-0.00462033750855425,0.020502901353965184,-0.5146654012216911,0.01814516129032258,-0.14663601449918887,0.002538952882379667,28.5
10717,21,10.0,32.0,0.05,304.0,-0.33955737074910325,0.006189555125725338,0.2303137560271089,0.0625,-0.1403109260686348,0.0027082164078716447,10.0
10717,54,7.45,15.0,0.0,111.75,-0.38572436722280057,0.004216634429400386,-0.3453519563924184,0.028225806451612906,-0.20431083400410943,0.0009955367880909746,7.45
10717,69,36.0,25.0,0.05,855.0,0.13116494623761427,0.02630560928433269,-0.006725066733872924,0.04838709677419355,0.043116638417432886,0.007616858647139001,36.0
10718,12,38.0,36.0,0.0,1368.0,0.16737435523659253,0.027852998065764023,0.3657645118905271,0.07056451612903225,0.21389402604239247,0.012186973835422402,38.0
10718,16,17.45,20.0,0.0,349.0,-0.20467732222790921,0.01195357833655706,-0.17603851156314565,0.038306451612903226,-0.12533045346995414,0.003109103705089487,17.45
10718,36,19.0,40.0,0.0,760.0,-0.17661503025370104,0.013152804642166343,0.5012152677539453,0.07862903225806452,0.011491196264662594,0.006770541019679111,19.0
10718,62,49.3,20.0,0.0,986.0,0.3719575160808197,0.03659574468085106,-0.17603851156314565,0.038306451612903226,0.08672645864914771,0.008783886112373164,49.3
10719,18,62.5,12.0,0.25,562.5,0.6109396154740764,0.04680851063829787,-0.44694002328998206,0.02217741935483871,-0.054256433473991436,0.0050110912152230265,62.5
10719,30,25.89,3.0,0.25,58.2525,-0.05187361625222088,0.018483558994197295,-0.751704223982673,0.004032258064516129,-0.22212011917850763,0.0005189486062484966,25.89
10719,54,7.45,40.0,0.25,223.5,-0.38572436722280057,0.004216634429400386,0.5012152677539453,0.07862903225806452,-0.1671093270507191,0.0019910735761819493,7.45
10720,35,18.0,21.0,0.0,378.0,-0.19471973475319015,0.012379110251450677,-0.1421758225972911,0.04032258064516129,-0.11567637112858216,0.003367453296629874,18.0
10720,71,21.5,8.0,0.0,172.0,-0.1313532690049782,0.015087040618955513,-0.5823907791534002,0.014112903225806451,-0.18425364569143143,0.001532280336032641,21.5
10721,44,19.45,50.0,0.05,923.875,-0.16846791322893093,0.013500967117988394,0.8398421574124908,0.09879032258064516,0.06604508397819135,0.00823043892704742,19.45
10722,2,19.0,3.0,0.0,57.0,-0.17661503025370104,0.013152804642166343,-0.751704223982673,0.004032258064516129,-0.22253707566583755,0.0005077905764759333,19.0
10722,31,12.5,50.0,0.0,625.0,-0.2942956095003804,0.008123791102514506,0.8398421574124908,0.09879032258064516,-0.0334502215313794,0.005567879128025585,12.5
10722,68,12.5,45.0,0.0,562.5,-0.2942956095003804,0.008123791102514506,0.670528712583218,0.08870967741935484,-0.054256433473991436,0.0050110912152230265,12.5
10722,75,7.75,42.0,0.0,325.5,-0.3802929558729538,0.004448742746615087,0.5689406456856544,0.08266129032258064,-0.13315358916037626,0.0028997514498757247,7.75
10723,26,31.23,15.0,0.0,468.45,0.044805505775051095,0.02261508704061896,-0.3453519563924184,0.028225806451612906,-0.08556562120523403,0.004173236764037736,31.23
10724,10,31.0,16.0,0.0,496.0,0.04064142374016859,0.022437137330754354,-0.31148926742656385,0.03024193548387097,-0.07639424298093064,0.004418668876001105,31.0
10724,61,28.5,5.0,0.0,142.5,-0.00462033750855425,0.020502901353965184,-0.6839788460509638,0.008064516129032258,-0.19407417772834432,0.0012694764411898334,28.5
10725,41,9.65,12.0,0.0,115.80000000000001,-0.34589401732392444,0.0059187620889748545,-0.44694002328998206,0.02217741935483871,-0.20296259147022813,0.0010316166448405806,9.65
10725,52,7.0,4.0,0.0,28.0,-0.3938714842475706,0.003868471953578336,-0.7178415350168185,0.006048387096774193,-0.23219115800720955,0.00024944098493554623,7.0
10725,55,24.0,6.0,0.0,144.0,-0.08609150775625536,0.01702127659574468,-0.6501161570851093,0.010080645161290322,-0.19357482864172162,0.0012828393510970948,24.0
10726,4,22.0,25.0,0.0,550.0,-0.12230091675523362,0.015473887814313346,-0.006725066733872924,0.04838709677419355,-0.05841767586251384,0.004899733632662515,22.0
10726,11,21.0,5.0,0.0,105.0,-0.14040562125472275,0.01470019342359768,-0.6839788460509638,0.008064516129032258,-0.20655790489391151,0.0009354036935082983,21.0
10727,17,39.0,20.0,0.05,741.0,0.18547905973608167,0.028626692456479693,-0.17603851156314565,0.038306451612903226,0.005166107834108535,0.006601277494187134,39.0
10727,56,38.0,10.0,0.05,361.0,0.16737435523659253,0.027852998065764023,-0.5146654012216911,0.01814516129032258,-0.12133566077697264,0.003216006984347578,38.0
10727,59,55.0,10.0,0.05,522.5,0.47515433172790783,0.04100580270793037,-0.5146654012216911,0.01814516129032258,-0.06757240911726313,0.004654746951029389,55.0
10728,30,1294.5,15.0,0.0,19417.5,22.915935558844687,0.9999999999999999,-0.3453519563924184,0.028225806451612906,6.222561585373207,0.1729828687494989,263.5
10728,40,18.4,6.0,0.0,110.39999999999999,-0.18747785295339453,0.012688588007736942,-0.6501161570851093,0.010080645161290322,-0.20476024818206984,0.0009835101691744394,18.4
10728,55,24.0,12.0,0.0,288.0,-0.08609150775625536,0.01702127659574468,-0.44694002328998206,0.02217741935483871,-0.14563731632594348,0.0025656787021941896,24.0
10728,60,34.0,15.0,0.0,510.0,0.09495553723863599,0.024758220502901353,-0.3453519563924184,0.028225806451612906,-0.07173365150578555,0.004543389368468878,34.0
10729,1,18.0,50.0,0.0,900.0,-0.19471973475319015,0.012379110251450677,0.8398421574124908,0.09879032258064516,0.05809711101611355,0.008017745944356842,18.0
10729,21,10.0,30.0,0.0,300.0,-0.33955737074910325,0.006189555125725338,0.1625883780953998,0.058467741935483875,-0.14164252363296198,0.002672581981452281,10.0
10729,50,16.25,40.0,0.0,650.0,-0.22640296762729614,0.011025145067698259,0.5012152677539453,0.07862903225806452,-0.025127736754334586,0.005790594293146609,16.25
10730,16,17.45,15.0,0.05,248.6625,-0.20467732222790921,0.01195357833655706,-0.3453519563924184,0.028225806451612906,-0.1587327461226235,0.002215236389876259,17.45
10730,31,12.5,3.0,0.05,35.625,-0.2942956095003804,0.008123791102514506,-0.751704223982673,0.004032258064516129,-0.2296528001502109,0.00031736911029745836,12.5
10730,65,21.05,10.0,0.05,199.975,-0.1395003860297483,0.014738878143133462,-0.5146654012216911,0.01814516129032258,-0.17494078522591827,0.0017814986058030662,21.05
10731,21,10.0,40.0,0.05,380.0,-0.33955737074910325,0.006189555125725338,0.5012152677539453,0.07862903225806452,-0.11501057234641858,0.0033852705098395557,10.0
10731,51,53.0,30.0,0.05,1510.5,0.43894492272892954,0.039458413926499035,0.1625883780953998,0.058467741935483875,0.2613321892715479,0.013456450276612235,53.0
10732,76,18.0,20.0,0.0,360.0,-0.19471973475319015,0.012379110251450677,-0.17603851156314565,0.038306451612903226,-0.12166856016805443,0.003207098377742737,18.0
10733,14,23.25,16.0,0.0,372.0,-0.0996700361308722,0.016441005802707933,-0.31148926742656385,0.03024193548387097,-0.11767376747507291,0.0033140016570008283,23.25
10733,28,45.6,20.0,0.0,912.0,0.30497010943270997,0.0337330754352031,-0.17603851156314565,0.038306451612903226,0.06209190370909506,0.008124649223614933,45.6
10733,52,7.0,25.0,0.0,175.0,-0.3938714842475706,0.003868471953578336,-0.006725066733872924,0.04838709677419355,-0.18325494751818605,0.0015590061558471639,7.0
10734,6,25.0,30.0,0.0,750.0,-0.06798680325676622,0.017794970986460348,0.1625883780953998,0.058467741935483875,0.00816220235384467,0.006681454953630702,25.0
10734,30,25.89,15.0,0.0,388.35,-0.05187361625222088,0.018483558994197295,-0.3453519563924184,0.028225806451612906,-0.11223086243088559,0.003459657374989978,25.89
10734,76,18.0,20.0,0.0,360.0,-0.19471973475319015,0.012379110251450677,-0.17603851156314565,0.038306451612903226,-0.12166856016805443,0.003207098377742737,18.0
10735,61,28.5,20.0,0.1,513.0,-0.00462033750855425,0.020502901353965184,-0.17603851156314565,0.038306451612903226,-0.07073495333254017,0.004570115188283401,28.5
10735,77,13.0,2.0,0.1,23.400000000000002,-0.2852432572506358,0.00851063829787234,-0.7855669129485275,0.0020161290322580645,-0.2337224952061858,0.00020846139455327794,13.0
10736,65,21.05,40.0,0.0,842.0,-0.1395003860297483,0.014738878143133462,0.5012152677539453,0.07862903225806452,0.03878894633336958,0.007501046761276068,21.05
10736,75,7.75,20.0,0.0,155.0,-0.3802929558729538,0.004448742746615087,-0.17603851156314565,0.038306451612903226,-0.1899129353398219,0.001380834023750345,7.75
10737,13,6.0,4.0,0.0,24.0,-0.41197618874705977,0.0030947775628626687,-0.7178415350168185,0.006048387096774193,-0.23352275557153673,0.00021380655851618247,6.0
10737,41,9.65,12.0,0.0,115.80000000000001,-0.34589401732392444,0.0059187620889748545,-0.44694002328998206,0.02217741935483871,-0.20296259147022813,0.0010316166448405806,9.65
10738,16,17.45,3.0,0.0,52.349999999999994,-0.20467732222790921,0.01195357833655706,-0.751704223982673,0.004032258064516129,-0.22408505783436788,0.00046636555576342296,17.45
10739,36,19.0,6.0,0.0,114.0,-0.17661503025370104,0.013152804642166343,-0.6501161570851093,0.010080645161290322,-0.2035618103741754,0.0010155811529518667,19.0
10739,52,7.0,18.0,0.0,126.0,-0.3938714842475706,0.003868471953578336,-0.24376388949485475,0.034274193548387094,-0.1995670176811939,0.001122484432209958,7.0
10740,28,45.6,5.0,0.2,182.4,0.30497010943270997,0.0337330754352031,-0.6839788460509638,0.008064516129032258,-0.1807914920241808,0.0016249298447229869,45.6
10740,35,18.0,20.0,0.2,288.0,-0.19471973475319015,0.012379110251450677,-0.17603851156314565,0.038306451612903226,-0.14563731632594348,0.0025656787021941896,18.0
10740,45,9.5,40.0,0.2,304.0,-0.3486097229988478,0.005802707930367504,0.5012152677539453,0.07862903225806452,-0.1403109260686348,0.0027082164078716447,9.5
10740,56,38.0,14.0,0.2,425.6,0.16737435523659253,0.027852998065764023,-0.37921464535827293,0.026209677419354836,-0.09983036011308882,0.0037915029710203028,38.0
10741,2,19.0,15.0,0.2,228.0,-0.17661503025370104,0.013152804642166343,-0.3453519563924184,0.028225806451612906,-0.16561127979085105,0.0020311623059037333,19.0
10742,3,10.0,20.0,0.0,200.0,-0.33955737074910325,0.006189555125725338,-0.17603851156314565,0.038306451612903226,-0.17493246274114124,0.0017817213209681874,10.0
10742,60,34.0,50.0,0.0,1700.0,0.09495553723863599,0.024758220502901353,0.8398421574124908,0.09879032258064516,0.32441662388154757,0.015144631228229592,34.0
10742,72,34.8,35.0,0.0,1218.0,0.10943930083822724,0.025377176015473887,0.3319018229246726,0.06854838709677419,0.1639591173801236,0.010850682844696261,34.8
10743,46,12.0,28.0,0.05,319.2,-0.30334796175012496,0.007736943907156672,0.09486300016369072,0.05443548387096774,-0.13525085532419157,0.0028436272282652266,12.0
10744,40,18.4,50.0,0.2,736.0,-0.18747785295339453,0.012688588007736942,0.8398421574124908,0.09879032258064516,0.003501610878699573,0.006556734461162929,18.4
10745,18,62.5,24.0,0.0,1500.0,0.6109396154740764,0.04680851063829787,-0.040587755699727474,0.046370967741935484,0.2578367456651891,0.013362909907261404,62.5
10745,44,19.45,16.0,0.0,311.2,-0.16846791322893093,0.013500967117988394,-0.31148926742656385,0.03024193548387097,-0.1379140504528459,0.0027723583754264993,19.45
10745,59,55.0,45.0,0.0,2475.0,0.47515433172790783,0.04100580270793037,0.670528712583218,0.08870967741935484,0.5824136519699368,0.02204880134698132,55.0
10745,72,34.8,7.0,0.0,243.59999999999997,0.10943930083822724,0.025377176015473887,-0.6162534681192547,0.012096774193548387,-0.16041804928997508,0.0021701365689392516,34.8
10746,13,6.0,6.0,0.0,36.0,-0.41197618874705977,0.0030947775628626687,-0.6501161570851093,0.010080645161290322,-0.2295279628785552,0.0003207098377742737,6.0
10746,42,14.0,28.0,0.0,392.0,-0.26713855275114673,0.009284332688588007,0.09486300016369072,0.05443548387096774,-0.11101577965343706,0.003492173789097647,14.0
10746,62,49.3,9.0,0.0,443.7,0.3719575160808197,0.03659574468085106,-0.5485280901875457,0.016129032258064516,-0.0938048811345084,0.003952748750567924,49.3
10746,69,36.0,40.0,0.0,1440.0,0.13116494623761427,0.02630560928433269,0.5012152677539453,0.07862903225806452,0.23786278220028154,0.012828393510970948,36.0
10747,31,12.5,8.0,0.0,100.0,-0.2942956095003804,0.008123791102514506,-0.5823907791534002,0.014112903225806451,-0.20822240184932048,0.0008908606604840937,12.5
10747,41,9.65,35.0,0.0,337.75,-0.34589401732392444,0.0059187620889748545,0.3319018229246726,0.06854838709677419,-0.1290755716196243,0.0030088818807850262,9.65
10747,63,43.9,9.0,0.0,395.09999999999997,0.2741921117835784,0.03241779497098646,-0.5485280901875457,0.016129032258064516,-0.10998379154108352,0.003519790469572654,43.9
10747,69,36.0,30.0,0.0,1080.0,0.13116494623761427,0.02630560928433269,0.1625883780953998,0.058467741935483875,0.11801900141083621,0.009621295133228212,36.0
10748,23,9.0,44.0,0.0,396.0,-0.3576620752485924,0.005415860735009671,0.6366660236173635,0.08669354838709678,-0.10968418208910989,0.003527808215517011,9.0
10748,40,18.4,40.0,0.0,736.0,-0.18747785295339453,0.012688588007736942,0.5012152677539453,0.07862903225806452,0.003501610878699573,0.006556734461162929,18.4
10748,56,38.0,28.0,0.0,1064.0,0.16737435523659253,0.027852998065764023,0.09486300016369072,0.05443548387096774,0.11269261115352752,0.009478757427550756,38.0
10749,56,38.0,15.0,0.0,570.0,0.16737435523659253,0.027852998065764023,-0.3453519563924184,0.028225806451612906,-0.05175968804087799,0.005077905764759334,38.0
10749,59,55.0,6.0,0.0,330.0,0.47515433172790783,0.04100580270793037,-0.6501161570851093,0.010080645161290322,-0.1316555419005082,0.002939840179597509,55.0
10749,76,18.0,10.0,0.0,180.0,-0.19471973475319015,0.012379110251450677,-0.5146654012216911,0.01814516129032258,-0.1815904505627771,0.0016035491888713685,18.0
10750,14,23.25,5.0,0.15,98.8125,-0.0996700361308722,0.016441005802707933,-0.6839788460509638,0.008064516129032258,-0.20861771987623012,0.000880281690140845,23.25
10750,45,9.5,40.0,0.15,323.0,-0.3486097229988478,0.005802707930367504,0.5012152677539453,0.07862903225806452,-0.13398583763808075,0.0028774799333636226,9.5
10750,59,55.0,25.0,0.15,1168.75,0.47515433172790783,0.04100580270793037,-0.006725066733872924,0.04838709677419355,0.1475638223693453,0.010411933969407844,55.0
10751,26,31.23,12.0,0.1,337.284,0.044805505775051095,0.02261508704061896,-0.44694002328998206,0.02217741935483871,-0.12923070273586842,0.0030047304701071704,31.23
10751,30,25.89,30.0,0.0,776.7,-0.05187361625222088,0.018483558994197295,0.1625883780953998,0.058467741935483875,0.017050616095728544,0.006919314749979956,25.89
10751,50,16.25,20.0,0.1,292.5,-0.22640296762729614,0.011025145067698259,-0.17603851156314565,0.038306451612903226,-0.1441392690660754,0.002605767431915974,16.25
10751,73,15.0,15.0,0.0,225.0,-0.24903384825165756,0.010058027079303675,-0.3453519563924184,0.028225806451612906,-0.1666099779640964,0.0020044364860892106,15.0
10752,1,18.0,8.0,0.0,144.0,-0.19471973475319015,0.012379110251450677,-0.5823907791534002,0.014112903225806451,-0.19357482864172162,0.0012828393510970948,18.0
10752,69,36.0,3.0,0.0,108.0,0.13116494623761427,0.02630560928433269,-0.751704223982673,0.004032258064516129,-0.20555920672066613,0.0009621295133228211,36.0
10753,45,9.5,4.0,0.0,38.0,-0.3486097229988478,0.005802707930367504,-0.7178415350168185,0.006048387096774193,-0.22886216409639162,0.0003385270509839556,9.5
10753,74,10.0,5.0,0.0,50.0,-0.33955737074910325,0.006189555125725338,-0.6839788460509638,0.008064516129032258,-0.22486737140341012,0.00044543033024204684,10.0
10754,40,18.4,3.0,0.0,55.199999999999996,-0.18747785295339453,0.012688588007736942,-0.751704223982673,0.004032258064516129,-0.2231362945697848,0.0004917550845872197,18.4
10755,47,9.5,30.0,0.25,213.75,-0.3486097229988478,0.005802707930367504,0.1625883780953998,0.058467741935483875,-0.1703550961137666,0.0019042146617847503,9.5
10755,56,38.0,30.0,0.25,855.0,0.16737435523659253,0.027852998065764023,0.1625883780953998,0.058467741935483875,0.043116638417432886,0.007616858647139001,38.0
10755,57,19.5,14.0,0.25,204.75,-0.16756267800395647,0.013539651837524178,-0.37921464535827293,0.026209677419354836,-0.1733511906335027,0.0018240372023411817,19.5
10755,69,36.0,25.0,0.25,675.0,0.13116494623761427,0.02630560928433269,-0.006725066733872924,0.04838709677419355,-0.016805251977289774,0.006013309458267632,36.0
10756,18,62.5,21.0,0.2,1050.0,0.6109396154740764,0.04680851063829787,-0.1421758225972911,0.04032258064516129,0.10803201967838243,0.009354036935082983,62.5
10756,36,19.0,20.0,0.2,304.0,-0.17661503025370104,0.013152804642166343,-0.17603851156314565,0.038306451612903226,-0.1403109260686348,0.0027082164078716447,19.0
10756,68,12.5,6.0,0.2,60.0,-0.2942956095003804,0.008123791102514506,-0.6501161570851093,0.010080645161290322,-0.2215383774925922,0.0005345163962904561,12.5
10756,69,36.0,20.0,0.2,576.0,0.13116494623761427,0.02630560928433269,-0.17603851156314565,0.038306451612903226,-0.049762291694387235,0.005131357404388379,36.0
10757,34,14.0,30.0,0.0,420.0,-0.26713855275114673,0.009284332688588007,0.1625883780953998,0.058467741935483875,-0.10169459670314687,0.0037416147740331933,14.0
10757,59,55.0,7.0,0.0,385.0,0.47515433172790783,0.04100580270793037,-0.6162534681192547,0.012096774193548387,-0.1133460753910096,0.0034298135428637603,55.0
10757,62,49.3,30.0,0.0,1479.0,0.3719575160808197,0.03659574468085106,0.1625883780953998,0.058467741935483875,0.2508458584524714,0.013175829168559744,49.3
10757,64,33.25,24.0,0.0,798.0,0.08137700886401913,0.024177949709864605,-0.040587755699727474,0.046370967741935484,0.02414137312577071,0.007109068070663067,33.25
10758,26,31.23,20.0,0.0,624.6,0.044805505775051095,0.02261508704061896,-0.17603851156314565,0.038306451612903226,-0.03358338128781211,0.005564315685383649,31.23
10758,52,7.0,60.0,0.0,420.0,-0.3938714842475706,0.003868471953578336,1.1784690470710362,0.11895161290322581,-0.10169459670314687,0.0037416147740331933,7.0
10758,70,15.0,40.0,0.0,600.0,-0.24903384825165756,0.010058027079303675,0.5012152677539453,0.07862903225806452,-0.041772706308424216,0.005345163962904562,15.0
10759,32,32.0,10.0,0.0,320.0,0.05874612823965772,0.02321083172147002,-0.5146654012216911,0.01814516129032258,-0.13498453581132613,0.0028507541135490994,32.0
10760,25,14.0,12.0,0.25,126.0,-0.26713855275114673,0.009284332688588007,-0.44694002328998206,0.02217741935483871,-0.1995670176811939,0.001122484432209958,14.0
10760,27,43.9,40.0,0.0,1756.0,0.2741921117835784,0.03241779497098646,0.5012152677539453,0.07862903225806452,0.34305898978212795,0.015643513198100683,43.9
10760,43,46.0,30.0,0.25,1035.0,0.3122119912325056,0.03404255319148936,0.1625883780953998,0.058467741935483875,0.10303852881215554,0.009220407836010368,46.0
10761,25,14.0,35.0,0.25,367.5,-0.26713855275114673,0.009284332688588007,0.3319018229246726,0.06854838709677419,-0.11917181473494098,0.0032739129272790443,14.0
10761,75,7.75,18.0,0.0,139.5,-0.3802929558729538,0.004448742746615087,-0.24376388949485475,0.034274193548387094,-0.19507287590158967,0.0012427506213753107,7.75
10762,39,18.0,16.0,0.0,288.0,-0.19471973475319015,0.012379110251450677,-0.31148926742656385,0.03024193548387097,-0.14563731632594348,0.0025656787021941896,18.0
10762,47,9.5,30.0,0.0,285.0,-0.3486097229988478,0.005802707930367504,0.1625883780953998,0.058467741935483875,-0.14663601449918887,0.002538952882379667,9.5
10762,51,53.0,28.0,0.0,1484.0,0.43894492272892954,0.039458413926499035,0.09486300016369072,0.05443548387096774,0.2525103554078804,0.01322037220158395,53.0
10762,56,38.0,60.0,0.0,2280.0,0.16737435523659253,0.027852998065764023,1.1784690470710362,0.11895161290322581,0.5174982707089872,0.020311623059037335,38.0
10763,21,10.0,40.0,0.0,400.0,-0.33955737074910325,0.006189555125725338,0.5012152677539453,0.07862903225806452,-0.10835258452478272,0.0035634426419363747,10.0
10763,22,21.0,6.0,0.0,126.0,-0.14040562125472275,0.01470019342359768,-0.6501161570851093,0.010080645161290322,-0.1995670176811939,0.001122484432209958,21.0
10763,24,4.5,20.0,0.0,90.0,-0.43913324549629346,0.0019342359767891683,-0.17603851156314565,0.038306451612903226,-0.2115513957601384,0.0008017745944356843,4.5
10764,3,10.0,20.0,0.1,180.0,-0.33955737074910325,0.006189555125725338,-0.17603851156314565,0.038306451612903226,-0.1815904505627771,0.0016035491888713685,10.0
10764,39,18.0,130.0,0.1,2106.0,-0.19471973475319015,0.012379110251450677,3.5488572746808544,0.2600806451612903,0.45957377666075533,0.018761525509795013,18.0
10765,65,21.05,80.0,0.1,1515.6000000000001,-0.1395003860297483,0.014738878143133462,1.8557228263881271,0.1592741935483871,0.2630299761660651,0.013501884170296925,21.05
10766,2,19.0,40.0,0.0,760.0,-0.17661503025370104,0.013152804642166343,0.5012152677539453,0.07862903225806452,0.011491196264662594,0.006770541019679111,19.0
10766,7,30.0,35.0,0.0,1050.0,0.022536719240679452,0.021663442940038687,0.3319018229246726,0.06854838709677419,0.10803201967838243,0.009354036935082983,30.0
10766,68,12.5,40.0,0.0,500.0,-0.2942956095003804,0.008123791102514506,0.5012152677539453,0.07862903225806452,-0.07506264541660347,0.004454303302420469,12.5
10767,42,14.0,2.0,0.0,28.0,-0.26713855275114673,0.009284332688588007,-0.7855669129485275,0.0020161290322580645,-0.23219115800720955,0.00024944098493554623,14.0
10768,22,21.0,4.0,0.0,84.0,-0.14040562125472275,0.01470019342359768,-0.7178415350168185,0.006048387096774193,-0.21354879210662916,0.0007483229548066386,21.0
10768,31,12.5,50.0,0.0,625.0,-0.2942956095003804,0.008123791102514506,0.8398421574124908,0.09879032258064516,-0.0334502215313794,0.005567879128025585,12.5
10768,60,34.0,15.0,0.0,510.0,0.09495553723863599,0.024758220502901353,-0.3453519563924184,0.028225806451612906,-0.07173365150578555,0.004543389368468878,34.0
10768,71,21.5,12.0,0.0,258.0,-0.1313532690049782,0.015087040618955513,-0.44694002328998206,0.02217741935483871,-0.15562429805839725,0.0022984205040489617,21.5
10769,41,9.65,30.0,0.05,275.025,-0.34589401732392444,0.0059187620889748545,0.1625883780953998,0.058467741935483875,-0.14995668592522976,0.0024500895314963785,9.65
10769,52,18.4,15.0,0.05,262.2,-0.18747785295339453,0.012688588007736942,-0.3453519563924184,0.028225806451612906,-0.15422612061585375,0.0023358366517892935,18.4
10769,61,28.5,20.0,0.0,570.0,-0.00462033750855425,0.020502901353965184,-0.17603851156314565,0.038306451612903226,-0.05175968804087799,0.005077905764759334,28.5
10769,62,49.3,15.0,0.0,739.5,0.3719575160808197,0.03659574468085106,-0.3453519563924184,0.028225806451612906,0.004666758747485847,0.006587914584279872,49.3
10770,11,21.0,15.0,0.25,236.25,-0.14040562125472275,0.01470019342359768,-0.3453519563924184,0.028225806451612906,-0.16286485981442625,0.0021046583103936714,21.0
10771,71,21.5,16.0,0.0,344.0,-0.1313532690049782,0.015087040618955513,-0.31148926742656385,0.03024193548387097,-0.1269949504253631,0.003064560672065282,21.5
10772,29,123.79,18.0,0.0,2228.2200000000003,1.7205769542477656,0.09422823984526113,-0.24376388949485475,0.034274193548387094,0.5002607402387721,0.019850335409038675,123.79
10772,59,55.0,25.0,0.0,1375.0,0.47515433172790783,0.04100580270793037,-0.006725066733872924,0.04838709677419355,0.216224321779965,0.012249334081656288,55.0
10773,17,39.0,33.0,0.0,1287.0,0.18547905973608167,0.028626692456479693,0.26417644499296344,0.06451612903225806,0.18692917536476727,0.011465376700430284,39.0
10773,31,12.5,70.0,0.2,700.0,-0.2942956095003804,0.008123791102514506,1.5170959367295818,0.13911290322580644,-0.008482767200244958,0.0062360246233886555,12.5
10773,75,7.75,7.0,0.2,43.400000000000006,-0.3802929558729538,0.004448742746615087,-0.6162534681192547,0.012096774193548387,-0.22706450738454995,0.0003866335266500967,7.75
10774,31,12.5,2.0,0.25,18.75,-0.2942956095003804,0.008123791102514506,-0.7855669129485275,0.0020161290322580645,-0.23527047737471612,0.00016703637384076755,12.5
10774,66,17.0,50.0,0.0,850.0,-0.2128244392526793,0.011605415860735008,0.8398421574124908,0.09879032258064516,0.041452141462023924,0.007572315614114796,17.0
10775,10,31.0,6.0,0.0,186.0,0.04064142374016859,0.022437137330754354,-0.6501161570851093,0.010080645161290322,-0.17959305421628632,0.0016570008285004142,31.0
10775,67,14.0,3.0,0.0,42.0,-0.26713855275114673,0.009284332688588007,-0.751704223982673,0.004032258064516129,-0.22753056653206447,0.0003741614774033193,14.0
10776,31,12.5,16.0,0.05,190.0,-0.2942956095003804,0.008123791102514506,-0.31148926742656385,0.03024193548387097,-0.17826145665195917,0.0016926352549197778,12.5
10776,42,14.0,12.0,0.05,159.6,-0.26713855275114673,0.009284332688588007,-0.44694002328998206,0.02217741935483871,-0.18838159814084565,0.0014218136141326133,14.0
10776,45,9.5,27.0,0.05,243.67499999999998,-0.3486097229988478,0.005802707930367504,0.06100031119783617,0.05241935483870968,-0.16039308183564396,0.002170804714434615,9.5
10776,51,18.4,120.0,0.05,2097.6,-0.18747785295339453,0.012688588007736942,3.210230385022309,0.2399193548387097,0.4567774217756682,0.01868669321431435,18.4
10777,42,14.0,20.0,0.2,224.0,-0.26713855275114673,0.009284332688588007,-0.17603851156314565,0.038306451612903226,-0.1669428773551782,0.00199552787948437,14.0
10778,41,9.65,10.0,0.0,96.5,-0.34589401732392444,0.0059187620889748545,-0.5146654012216911,0.01814516129032258,-0.20938754971810675,0.0008596805373671504,9.65
10779,16,17.45,20.0,0.0,349.0,-0.20467732222790921,0.01195357833655706,-0.17603851156314565,0.038306451612903226,-0.12533045346995414,0.003109103705089487,17.45
10779,62,49.3,20.0,0.0,986.0,0.3719575160808197,0.03659574468085106,-0.17603851156314565,0.038306451612903226,0.08672645864914771,0.008783886112373164,49.3
10780,70,15.0,35.0,0.0,525.0,-0.24903384825165756,0.010058027079303675,0.3319018229246726,0.06854838709677419,-0.06674016063955865,0.0046770184675414914,15.0
10780,77,13.0,15.0,0.0,195.0,-0.2852432572506358,0.00851063829787234,-0.3453519563924184,0.028225806451612906,-0.1765969596965502,0.0017371782879439825,13.0
10781,54,7.45,3.0,0.2,17.880000000000003,-0.38572436722280057,0.004216634429400386,-0.751704223982673,0.004032258064516129,-0.2355600998449573,0.00015928588609455597,7.45
10781,56,38.0,20.0,0.2,608.0,0.16737435523659253,0.027852998065764023,-0.17603851156314565,0.038306451612903226,-0.03910951117976987,0.005416432815743289,38.0
10781,74,10.0,35.0,0.0,350.0,-0.33955737074910325,0.006189555125725338,0.3319018229246726,0.06854838709677419,-0.12499755407887235,0.0031180123116943278,10.0
10782,31,12.5,1.0,0.0,12.5,-0.2942956095003804,0.008123791102514506,-0.8194296019143821,0.0,-0.23735109856897732,0.00011135758256051171,12.5
10783,31,12.5,10.0,0.0,125.0,-0.2942956095003804,0.008123791102514506,-0.5146654012216911,0.01814516129032258,-0.19989991707227567,0.0011135758256051172,12.5
10783,38,263.5,5.0,0.0,1317.5,4.249985219871392,0.20232108317214698,-0.6839788460509638,0.008064516129032258,0.19708260679276193,0.011737089201877934,263.5
10784,36,19.0,30.0,0.0,570.0,-0.17661503025370104,0.013152804642166343,0.1625883780953998,0.058467741935483875,-0.05175968804087799,0.005077905764759334,19.0
10784,39,18.0,2.0,0.15,30.599999999999998,-0.19471973475319015,0.012379110251450677,-0.7855669129485275,0.0020161290322580645,-0.23132561959039688,0.00027260336210813266,18.0
10784,72,34.8,30.0,0.15,887.4,0.10943930083822724,0.025377176015473887,0.1625883780953998,0.058467741935483875,0.05390257868848296,0.007905497501135847,34.8
10785,10,31.0,10.0,0.0,310.0,0.04064142374016859,0.022437137330754354,-0.5146654012216911,0.01814516129032258,-0.13831352972214406,0.00276166804750069,31.0
10785,75,7.75,10.0,0.0,77.5,-0.3802929558729538,0.004448742746615087,-0.5146654012216911,0.01814516129032258,-0.21571263814866082,0.0006904170118751725,7.75
10786,8,40.0,30.0,0.2,960.0,0.20358376423557079,0.02940038684719536,0.1625883780953998,0.058467741935483875,0.0780710744810211,0.008552262340647298,40.0
10786,30,25.89,15.0,0.2,310.68000000000006,-0.05187361625222088,0.018483558994197295,-0.3453519563924184,0.028225806451612906,-0.13808715813620842,0.002767725899991983,25.89
10786,75,7.75,42.0,0.2,260.40000000000003,-0.3802929558729538,0.004448742746615087,0.5689406456856544,0.08266129032258064,-0.15482533951980096,0.00231980115990058,7.75
10787,2,19.0,15.0,0.05,270.75,-0.17661503025370104,0.013152804642166343,-0.3453519563924184,0.028225806451612906,-0.1513798308221044,0.0024120052382606834,19.0
10787,29,123.79,20.0,0.05,2352.01,1.7205769542477656,0.09422823984526113,-0.17603851156314565,0.038306451612903226,0.5414703558607872,0.02095313182065193,123.79
10788,19,9.2,338.0,0.05,2954.12,-0.35404113434869455,0.005570599613152804,10.592296579578601,0.6794354838709676,0.7419124082250452,0.026317092943492704,9.2
10788,75,7.75,40.0,0.05,294.5,-0.3802929558729538,0.004448742746615087,0.5012152677539453,0.07862903225806452,-0.14347347028391183,0.0026235846451256556,7.75
10789,18,62.5,30.0,0.0,1875.0,0.6109396154740764,0.04680851063829787,0.1625883780953998,0.058467741935483875,0.38267401732086126,0.016703637384076757,62.5
10789,35,18.0,15.0,0.0,270.0,-0.19471973475319015,0.012379110251450677,-0.3453519563924184,0.028225806451612906,-0.15162950536541575,0.002405323783307053,18.0
10789,63,43.9,30.0,0.0,1317.0,0.2741921117835784,0.03241779497098646,0.1625883780953998,0.058467741935483875,0.19691615709722105,0.011732634898575513,43.9
10789,68,12.5,18.0,0.0,225.0,-0.2942956095003804,0.008123791102514506,-0.24376388949485475,0.034274193548387094,-0.1666099779640964,0.0020044364860892106,12.5
10790,7,30.0,3.0,0.15,76.5,0.022536719240679452,0.021663442940038687,-0.751704223982673,0.004032258064516129,-0.21604553753974262,0.0006815084052703317,30.0
10790,56,38.0,20.0,0.15,646.0,0.16737435523659253,0.027852998065764023,-0.17603851156314565,0.038306451612903226,-0.026459334318661758,0.005754959866727245,38.0
10791,29,123.79,14.0,0.05,1646.4070000000002,1.7205769542477656,0.09422823984526113,-0.37921464535827293,0.026209677419354836,0.30657554681530114,0.014667192274456353,123.79
10791,41,9.65,20.0,0.05,183.35,-0.34589401732392444,0.0059187620889748545,-0.17603851156314565,0.038306451612903226,-0.18047523760265308,0.0016333930209975857,9.65
10792,2,19.0,10.0,0.0,190.0,-0.17661503025370104,0.013152804642166343,-0.5146654012216911,0.01814516129032258,-0.17826145665195917,0.0016926352549197778,19.0
10792,54,7.45,3.0,0.0,22.35,-0.38572436722280057,0.004216634429400386,-0.751704223982673,0.004032258064516129,-0.23407203956682168,0.00019910735761819495,7.45
10792,68,12.5,15.0,0.0,187.5,-0.2942956095003804,0.008123791102514506,-0.3453519563924184,0.028225806451612906,-0.17909370512966363,0.0016703637384076755,12.5
10793,41,9.65,14.0,0.0,135.1,-0.34589401732392444,0.0059187620889748545,-0.37921464535827293,0.026209677419354836,-0.19653763322234957,0.0012035527523140104,9.65
10793,52,7.0,8.0,0.0,56.0,-0.3938714842475706,0.003868471953578336,-0.5823907791534002,0.014112903225806451,-0.22286997505691936,0.0004988819698710925,7.0
10794,14,23.25,15.0,0.2,279.0,-0.0996700361308722,0.016441005802707933,-0.3453519563924184,0.028225806451612906,-0.14863341084567963,0.0024855012427506215,23.25
10794,54,7.45,6.0,0.2,35.760000000000005,-0.38572436722280057,0.004216634429400386,-0.6501161570851093,0.010080645161290322,-0.22960785873241485,0.00031857177218911194,7.45
10795,16,17.45,65.0,0.0,1134.25,-0.20467732222790921,0.01195357833655706,1.347782491900309,0.12903225806451613,0.13607879337702344,0.010104587041540831,17.45
10795,17,39.0,35.0,0.25,1023.75,0.18547905973608167,0.028626692456479693,0.3319018229246726,0.06854838709677419,0.09929341066248537,0.00912018601170591,39.0
10796,26,31.23,21.0,0.2,524.6640000000001,0.044805505775051095,0.02261508704061896,-0.1421758225972911,0.04032258064516129,-0.0668520148349621,0.004674025175722266,31.23
10796,44,19.45,10.0,0.0,194.5,-0.16846791322893093,0.013500967117988394,-0.5146654012216911,0.01814516129032258,-0.1767634093920911,0.0017327239846415621,19.45
10796,64,33.25,35.0,0.2,931.0,0.08137700886401913,0.024177949709864605,0.3319018229246726,0.06854838709677419,0.06841699213964912,0.008293912749106912,33.25
10796,69,36.0,24.0,0.2,691.2,0.13116494623761427,0.02630560928433269,-0.040587755699727474,0.046370967741935484,-0.011412281841764719,0.006157628885266056,36.0
10797,11,21.0,20.0,0.0,420.0,-0.14040562125472275,0.01470019342359768,-0.17603851156314565,0.038306451612903226,-0.10169459670314687,0.0037416147740331933,21.0
10798,62,49.3,2.0,0.0,98.6,0.3719575160808197,0.03659574468085106,-0.7855669129485275,0.0020161290322580645,-0.208688460996835,0.0008783886112373163,49.3
10798,72,34.8,10.0,0.0,348.0,0.10943930083822724,0.025377176015473887,-0.5146654012216911,0.01814516129032258,-0.12566335286103594,0.003100195098484646,34.8
10799,13,6.0,20.0,0.15,102.0,-0.41197618874705977,0.0030947775628626687,-0.17603851156314565,0.038306451612903226,-0.2075566030671569,0.0009086778736937755,6.0
10799,24,4.5,20.0,0.15,76.5,-0.43913324549629346,0.0019342359767891683,-0.17603851156314565,0.038306451612903226,-0.21604553753974262,0.0006815084052703317,4.5
10799,59,55.0,25.0,0.0,1375.0,0.47515433172790783,0.04100580270793037,-0.006725066733872924,0.04838709677419355,0.216224321779965,0.012249334081656288,55.0
10800,11,21.0,50.0,0.1,945.0,-0.14040562125472275,0.01470019342359768,0.8398421574124908,0.09879032258064516,0.07307758361479422,0.008418633241574686,21.0
10800,51,53.0,10.0,0.1,477.0,0.43894492272892954,0.039458413926499035,-0.5146654012216911,0.01814516129032258,-0.0827193314114847,0.004249405350509126,53.0
10800,54,7.45,7.0,0.1,46.935,-0.38572436722280057,0.004216634429400386,-0.6162534681192547,0.012096774193548387,-0.22588770803707578,0.00041812545099820936,7.45
10801,17,39.0,40.0,0.25,1170.0,0.18547905973608167,0.028626692456479693,0.5012152677539453,0.07862903225806452,0.14797994660819755,0.010423069727663896,39.0
10801,29,123.79,20.0,0.25,1856.8500000000001,1.7205769542477656,0.09422823984526113,-0.17603851156314565,0.038306451612903226,0.37663189337272684,0.016541946174198893,123.79
10802,30,25.89,25.0,0.25,485.4375,-0.05187361625222088,0.018483558994197295,-0.006725066733872924,0.04838709677419355,-0.07991049279923207,0.0043245717187374725,25.89
10802,51,53.0,30.0,0.25,1192.5,0.43894492272892954,0.039458413926499035,0.1625883780953998,0.058467741935483875,0.15547018290753786,0.010623513376272816,53.0
10802,55,24.0,60.0,0.25,1080.0,-0.08609150775625536,0.01702127659574468,1.1784690470710362,0.11895161290322581,0.11801900141083621,0.009621295133228212,24.0
10802,62,49.3,5.0,0.25,184.875,0.3719575160808197,0.03659574468085106,-0.6839788460509638,0.008064516129032258,-0.17996756603125336,0.001646978646069968,49.3
10803,19,9.2,24.0,0.05,209.75999999999996,-0.35404113434869455,0.005570599613152804,-0.040587755699727474,0.046370967741935484,-0.17168336468418294,0.0018686693214314345,9.2
10803,25,14.0,15.0,0.05,199.5,-0.26713855275114673,0.009284332688588007,-0.3453519563924184,0.028225806451612906,-0.17509891243668213,0.0017772670176657668,14.0
10803,59,55.0,15.0,0.05,783.75,0.47515433172790783,0.04100580270793037,-0.3453519563924184,0.028225806451612906,0.019397556802855168,0.0069821204265440836,55.0
10804,10,31.0,36.0,0.0,1116.0,0.04064142374016859,0.022437137330754354,0.3657645118905271,0.07056451612903225,0.13000337948978075,0.009942004971002486,31.0
10804,28,45.6,24.0,0.0,1094.4,0.30497010943270997,0.0337330754352031,-0.040587755699727474,0.046370967741935484,0.12281275264241405,0.009749579068337922,45.6
10804,49,20.0,4.0,0.15,68.0,-0.1585103257542119,0.013926499032882012,-0.7178415350168185,0.006048387096774193,-0.21887518236393785,0.0006057852491291837,20.0
10805,34,14.0,10.0,0.0,140.0,-0.26713855275114673,0.009284332688588007,-0.5146654012216911,0.01814516129032258,-0.19490642620604878,0.001247204924677731,14.0
10805,38,263.5,10.0,0.0,2635.0,4.249985219871392,0.20232108317214698,-0.5146654012216911,0.01814516129032258,0.6356775545430235,0.023474178403755867,263.5
10806,2,19.0,20.0,0.25,285.0,-0.17661503025370104,0.013152804642166343,-0.17603851156314565,0.038306451612903226,-0.14663601449918887,0.002538952882379667,19.0
10806,65,21.05,2.0,0.0,42.1,-0.1395003860297483,0.014738878143133462,-0.7855669129485275,0.0020161290322580645,-0.22749727659295627,0.0003750523380638034,21.05
10806,74,10.0,15.0,0.25,112.5,-0.33955737074910325,0.006189555125725338,-0.3453519563924184,0.028225806451612906,-0.20406115946079809,0.0010022182430446053,10.0
10807,40,18.4,21.0,0.0,386.4,-0.18747785295339453,0.012688588007736942,-0.1421758225972911,0.04032258064516129,-0.11288001624349511,0.0034422855921105375,18.4
10808,56,38.0,20.0,0.15,646.0,0.16737435523659253,0.027852998065764023,-0.17603851156314565,0.038306451612903226,-0.026459334318661758,0.005754959866727245,38.0
10808,76,18.0,50.0,0.15,765.0,-0.19471973475319015,0.012379110251450677,0.8398421574124908,0.09879032258064516,0.013155693220071556,0.0068150840527033164,18.0
10809,52,7.0,20.0,0.0,140.0,-0.3938714842475706,0.003868471953578336,-0.17603851156314565,0.038306451612903226,-0.19490642620604878,0.001247204924677731,7.0
10810,13,6.0,7.0,0.0,42.0,-0.41197618874705977,0.0030947775628626687,-0.6162534681192547,0.012096774193548387,-0.22753056653206447,0.0003741614774033193,6.0
10810,70,15.0,5.0,0.0,75.0,-0.24903384825165756,0.010058027079303675,-0.6839788460509638,0.008064516129032258,-0.2165448866263653,0.0006681454953630702,15.0
10811,19,9.2,15.0,0.0,138.0,-0.35404113434869455,0.005570599613152804,-0.3453519563924184,0.028225806451612906,-0.19557222498821236,0.0012293877114680492,9.2
10811,23,9.0,18.0,0.0,162.0,-0.3576620752485924,0.005415860735009671,-0.24376388949485475,0.034274193548387094,-0.18758263960224936,0.0014431942699842317,9.0
10811,40,18.4,30.0,0.0,552.0,-0.18747785295339453,0.012688588007736942,0.1625883780953998,0.058467741935483875,-0.057751877080350254,0.004917550845872197,18.4
10812,31,12.5,16.0,0.1,180.0,-0.2942956095003804,0.008123791102514506,-0.31148926742656385,0.03024193548387097,-0.1815904505627771,0.0016035491888713685,12.5
10812,72,34.8,40.0,0.1,1252.8,0.10943930083822724,0.025377176015473887,0.5012152677539453,0.07862903225806452,0.17554401618976995,0.011160702354544725,34.8
10812,77,13.0,20.0,0.0,260.0,-0.2852432572506358,0.00851063829787234,-0.17603851156314565,0.038306451612903226,-0.15495849927623367,0.0023162377172586436,13.0
10813,2,19.0,12.0,0.2,182.4,-0.17661503025370104,0.013152804642166343,-0.44694002328998206,0.02217741935483871,-0.1807914920241808,0.0016249298447229869,19.0
10813,46,12.0,35.0,0.0,420.0,-0.30334796175012496,0.007736943907156672,0.3319018229246726,0.06854838709677419,-0.10169459670314687,0.0037416147740331933,12.0
10814,41,9.65,20.0,0.0,193.0,-0.34589401732392444,0.0059187620889748545,-0.17603851156314565,0.038306451612903226,-0.17726275847871378,0.0017193610747343008,9.65
10814,43,46.0,20.0,0.15,782.0,0.3122119912325056,0.03404255319148936,-0.17603851156314565,0.038306451612903226,0.01881498286846203,0.006966530364985612,46.0
10814,48,12.75,8.0,0.15,86.7,-0.28976943337550815,0.008317214700193424,-0.5823907791534002,0.014112903225806451,-0.2126499637507083,0.0007723761926397092,12.75
10814,61,28.5,30.0,0.15,726.75,-0.00462033750855425,0.020502901353965184,0.1625883780953998,0.058467741935483875,0.0004222915111929917,0.0064743298500681504,28.5
10815,33,2.5,16.0,0.0,40.0,-0.47534265449527174,0.0003868471953578337,-0.31148926742656385,0.03024193548387097,-0.22819636531422804,0.00035634426419363743,2.5
10816,38,263.5,30.0,0.05,7509.75,4.249985219871392,0.20232108317214698,0.1625883780953998,0.058467741935483875,2.258478861218992,0.06690140845070422,263.5
10816,62,49.3,20.0,0.05,936.6999999999999,0.3719575160808197,0.03659574468085106,-0.17603851156314565,0.038306451612903226,0.07031451866881532,0.008344691806754505,49.3
10817,26,31.23,40.0,0.15,1061.82,0.044805505775051095,0.02261508704061896,0.5012152677539453,0.07862903225806452,0.1119668904809692,0.009459336665152203,31.23
10817,38,263.5,30.0,0.0,7905.0,4.249985219871392,0.20232108317214698,0.1625883780953998,0.058467741935483875,2.3900573455440703,0.07042253521126761,263.5
10817,40,18.4,60.0,0.15,938.4,-0.18747785295339453,0.012688588007736942,1.1784690470710362,0.11895161290322581,0.07088044763365438,0.008359836437982734,18.4
10817,62,49.3,25.0,0.15,1047.625,0.3719575160808197,0.03659574468085106,-0.006725066733872924,0.04838709677419355,0.10724138362456317,0.009332878994396486,49.3
10818,32,32.0,20.0,0.0,640.0,0.05874612823965772,0.02321083172147002,-0.17603851156314565,0.038306451612903226,-0.028456730665152512,0.005701508227098199,32.0
10818,41,9.65,340.0,0.0,3281.0,-0.34589401732392444,0.0059187620889748545,10.66002195751031,0.6834677419354838,0.8507305611818615,0.029229138270483113,9.65
10819,43,46.0,7.0,0.0,322.0,0.3122119912325056,0.03404255319148936,-0.6162534681192547,0.012096774193548387,-0.13431873702916253,0.0028685713267587814,46.0
10819,75,7.75,20.0,0.0,155.0,-0.3802929558729538,0.004448742746615087,-0.17603851156314565,0.038306451612903226,-0.1899129353398219,0.001380834023750345,7.75
10820,56,38.0,30.0,0.0,1140.0,0.16737435523659253,0.027852998065764023,0.1625883780953998,0.058467741935483875,0.13799296487574375,0.010155811529518667,38.0
10821,35,18.0,20.0,0.0,360.0,-0.19471973475319015,0.012379110251450677,-0.17603851156314565,0.038306451612903226,-0.12166856016805443,0.003207098377742737,18.0
10821,51,53.0,6.0,0.0,318.0,0.43894492272892954,0.039458413926499035,-0.6501161570851093,0.010080645161290322,-0.1356503345934897,0.002832936900339418,53.0
10822,62,49.3,3.0,0.0,147.89999999999998,0.3719575160808197,0.03659574468085106,-0.751704223982673,0.004032258064516129,-0.19227652101650264,0.0013175829168559743,49.3
10822,70,15.0,6.0,0.0,90.0,-0.24903384825165756,0.010058027079303675,-0.6501161570851093,0.010080645161290322,-0.2115513957601384,0.0008017745944356843,15.0
10823,11,21.0,20.0,0.1,378.0,-0.14040562125472275,0.01470019342359768,-0.17603851156314565,0.038306451612903226,-0.11567637112858216,0.003367453296629874,21.0
10823,57,19.5,15.0,0.0,292.5,-0.16756267800395647,0.013539651837524178,-0.3453519563924184,0.028225806451612906,-0.1441392690660754,0.002605767431915974,19.5
10823,59,55.0,40.0,0.1,1980.0,0.47515433172790783,0.04100580270793037,0.5012152677539453,0.07862903225806452,0.4176284533844495,0.017639041077585054,55.0
10823,77,13.0,15.0,0.1,175.5,-0.2852432572506358,0.00851063829787234,-0.3453519563924184,0.028225806451612906,-0.18308849782264514,0.0015634604591495843,13.0
10824,41,9.65,12.0,0.0,115.80000000000001,-0.34589401732392444,0.0059187620889748545,-0.44694002328998206,0.02217741935483871,-0.20296259147022813,0.0010316166448405806,9.65
10824,70,15.0,9.0,0.0,135.0,-0.24903384825165756,0.010058027079303675,-0.5485280901875457,0.016129032258064516,-0.19657092316145774,0.0012026618916535265,15.0
10825,26,31.23,12.0,0.0,374.76,0.044805505775051095,0.02261508704061896,-0.44694002328998206,0.02217741935483871,-0.11675496515568717,0.003338589411230189,31.23
10825,53,32.8,20.0,0.0,656.0,0.07322989183924898,0.02382978723404255,-0.17603851156314565,0.038306451612903226,-0.02313034040784383,0.005844045932775654,32.8
10826,31,12.5,35.0,0.0,437.5,-0.2942956095003804,0.008123791102514506,0.3319018229246726,0.06854838709677419,-0.0958688573592155,0.00389751538961791,12.5
10826,200,19.5,15.0,0.0,292.5,-0.16756267800395647,0.013539651837524178,-0.3453519563924184,0.028225806451612906,-0.1441392690660754,0.002605767431915974,19.5
10827,10,31.0,15.0,0.0,465.0,0.04064142374016859,0.022437137330754354,-0.3453519563924184,0.028225806451612906,-0.0867141241044662,0.004142502071251036,31.0
10827,39,18.0,21.0,0.0,378.0,-0.19471973475319015,0.012379110251450677,-0.1421758225972911,0.04032258064516129,-0.11567637112858216,0.003367453296629874,18.0
10828,20,81.0,5.0,0.0,405.0,0.9458766487146253,0.06112185686653772,-0.6839788460509638,0.008064516129032258,-0.10668808756937376,0.0036079856749605794,81.0
10828,38,263.5,2.0,0.0,527.0,4.249985219871392,0.20232108317214698,-0.7855669129485275,0.0020161290322580645,-0.06607436185739507,0.004694835680751174,263.5
10829,2,19.0,10.0,0.0,190.0,-0.17661503025370104,0.013152804642166343,-0.5146654012216911,0.01814516129032258,-0.17826145665195917,0.0016926352549197778,19.0
10829,8,40.0,20.0,0.0,800.0,0.20358376423557079,0.02940038684719536,-0.17603851156314565,0.038306451612903226,0.024807171907934297,0.007126885283872749,40.0
10829,13,6.0,10.0,0.0,60.0,-0.41197618874705977,0.0030947775628626687,-0.5146654012216911,0.01814516129032258,-0.2215383774925922,0.0005345163962904561,6.0
10829,60,34.0,21.0,0.0,714.0,0.09495553723863599,0.024758220502901353,-0.1421758225972911,0.04032258064516129,-0.003822175725099863,0.006360745115856429,34.0
10830,6,25.0,6.0,0.0,150.0,-0.06798680325676622,0.017794970986460348,-0.6501161570851093,0.010080645161290322,-0.19157743229523086,0.0013362909907261404,25.0
10830,39,18.0,20.0,0.0,360.0,-0.19471973475319015,0.012379110251450677,-0.17603851156314565,0.038306451612903226,-0.12166856016805443,0.003207098377742737,18.0
10830,60,850.0,30.0,0.0,25500.0,14.86839440882177,0.6560928433268859,0.1625883780953998,0.058467741935483875,8.247422131628209,0.22716946842344388,263.5
10830,68,12.5,24.0,0.0,300.0,-0.2942956095003804,0.008123791102514506,-0.040587755699727474,0.046370967741935484,-0.14164252363296198,0.002672581981452281,12.5
10831,19,9.2,2.0,0.0,18.4,-0.35404113434869455,0.005570599613152804,-0.7855669129485275,0.0020161290322580645,-0.23538699216159475,0.0001639183615290732,9.2
10831,35,18.0,8.0,0.0,144.0,-0.19471973475319015,0.012379110251450677,-0.5823907791534002,0.014112903225806451,-0.19357482864172162,0.0012828393510970948,18.0
10831,38,263.5,426.0,0.0,112251.0,4.249985219871392,0.20232108317214698,13.572213208573801,0.8568548387096774,37.126777207364796,1.0,263.5
10831,43,46.0,9.0,0.0,414.0,0.3122119912325056,0.03404255319148936,-0.5485280901875457,0.016129032258064516,-0.10369199304963762,0.0036881631344041475,46.0
10832,13,6.0,3.0,0.2,14.4,-0.41197618874705977,0.0030947775628626687,-0.751704223982673,0.004032258064516129,-0.23671858972592194,0.00012828393510970948,6.0
10832,25,14.0,10.0,0.2,112.0,-0.26713855275114673,0.009284332688588007,-0.5146654012216911,0.01814516129032258,-0.20422760915633897,0.000997763939742185,14.0
10832,44,19.45,16.0,0.2,248.96,-0.16846791322893093,0.013500967117988394,-0.31148926742656385,0.03024193548387097,-0.15863370855377665,0.0022178867003411996,19.45
10832,64,33.25,3.0,0.0,99.75,0.08137700886401913,0.024177949709864605,-0.751704223982673,0.004032258064516129,-0.20830562669709093,0.0008886335088328834,33.25
10833,7,30.0,20.0,0.1,540.0,0.022536719240679452,0.021663442940038687,-0.17603851156314565,0.038306451612903226,-0.061746669773331764,0.004810647566614106,30.0
10833,31,12.5,9.0,0.1,101.25,-0.2942956095003804,0.008123791102514506,-0.5485280901875457,0.016129032258064516,-0.20780627761046824,0.0009019964187401448,12.5
10833,53,32.8,9.0,0.1,265.68,0.07322989183924898,0.02382978723404255,-0.5485280901875457,0.016129032258064516,-0.1530676307348891,0.00236683860277414,32.8
10834,29,123.79,8.0,0.05,940.804,1.7205769542477656,0.09422823984526113,-0.5823907791534002,0.014112903225806451,0.071680737769815,0.008381252728260772,123.79
10834,30,25.89,20.0,0.05,491.9099999999999,-0.05187361625222088,0.018483558994197295,-0.17603851156314565,0.038306451612903226,-0.0777558014904552,0.0043822326749873046,25.89
10835,59,55.0,15.0,0.0,825.0,0.47515433172790783,0.04100580270793037,-0.3453519563924184,0.028225806451612906,0.03312965668497911,0.007349600448993772,55.0
10835,77,18.4,2.0,0.2,29.439999999999998,-0.18747785295339453,0.012688588007736942,-0.7855669129485275,0.0020161290322580645,-0.23171178288405178,0.00026226937844651716,18.4
10836,22,21.0,52.0,0.0,1092.0,-0.14040562125472275,0.01470019342359768,0.9075675353441999,0.10282258064516128,0.12201379410381771,0.009728198412486302,21.0
10836,35,18.0,6.0,0.0,108.0,-0.19471973475319015,0.012379110251450677,-0.6501161570851093,0.010080645161290322,-0.20555920672066613,0.0009621295133228211,18.0
10836,57,19.5,24.0,0.0,468.0,-0.16756267800395647,0.013539651837524178,-0.040587755699727474,0.046370967741935484,-0.08571542593122083,0.004169227891065558,19.5
10836,60,34.0,60.0,0.0,2040.0,0.09495553723863599,0.024758220502901353,1.1784690470710362,0.11895161290322581,0.437602416849357,0.01817355747387551,34.0
10836,64,532.0,30.0,0.0,15960.0,9.111098377984225,0.41005802707930367,0.1625883780953998,0.058467741935483875,5.07156194070791,0.14218136141326135,263.5
10837,13,6.0,6.0,0.0,36.0,-0.41197618874705977,0.0030947775628626687,-0.6501161570851093,0.010080645161290322,-0.2295279628785552,0.0003207098377742737,6.0
10837,40,18.4,25.0,0.0,459.99999999999994,-0.18747785295339453,0.012688588007736942,-0.006725066733872924,0.04838709677419355,-0.08837862105987519,0.0040979590382268305,18.4
10837,47,9.5,40.0,0.25,285.0,-0.3486097229988478,0.005802707930367504,0.5012152677539453,0.07862903225806452,-0.14663601449918887,0.002538952882379667,9.5
10837,76,18.0,21.0,0.25,283.5,-0.19471973475319015,0.012379110251450677,-0.1421758225972911,0.04032258064516129,-0.14713536358581156,0.0025255899724724055,18.0
10838,1,18.0,4.0,0.25,54.0,-0.19471973475319015,0.012379110251450677,-0.7178415350168185,0.006048387096774193,-0.22353577383908294,0.00048106475666141057,18.0
10838,18,62.5,25.0,0.25,1171.875,0.6109396154740764,0.04680851063829787,-0.006725066733872924,0.04838709677419355,0.1486041329664759,0.010439773365047972,62.5
10838,36,19.0,50.0,0.25,712.5,-0.17661503025370104,0.013152804642166343,0.8398421574124908,0.09879032258064516,-0.004321524811722552,0.006347382205949167,19.0
10839,58,13.25,30.0,0.1,357.75,-0.28071708112576355,0.008704061895551257,0.1625883780953998,0.058467741935483875,-0.12241758379798846,0.003187054012881845,13.25
10839,72,34.8,15.0,0.1,469.8,0.10943930083822724,0.025377176015473887,-0.3453519563924184,0.028225806451612906,-0.0851162070272736,0.004185263382954272,34.8
10840,25,14.0,6.0,0.2,67.2,-0.26713855275114673,0.009284332688588007,-0.6501161570851093,0.010080645161290322,-0.21914150187680326,0.0005986583638453109,14.0
10840,39,18.0,10.0,0.2,144.0,-0.19471973475319015,0.012379110251450677,-0.5146654012216911,0.01814516129032258,-0.19357482864172162,0.0012828393510970948,18.0
10841,10,31.0,16.0,0.0,496.0,0.04064142374016859,0.022437137330754354,-0.31148926742656385,0.03024193548387097,-0.07639424298093064,0.004418668876001105,31.0
10841,56,38.0,30.0,0.0,1140.0,0.16737435523659253,0.027852998065764023,0.1625883780953998,0.058467741935483875,0.13799296487574375,0.010155811529518667,38.0
10841,59,55.0,50.0,0.0,2750.0,0.47515433172790783,0.04100580270793037,0.8398421574124908,0.09879032258064516,0.6739609845174297,0.024498668163312576,55.0
10841,77,13.0,15.0,0.0,195.0,-0.2852432572506358,0.00851063829787234,-0.3453519563924184,0.028225806451612906,-0.1765969596965502,0.0017371782879439825,13.0
10842,11,21.0,15.0,0.0,315.0,-0.14040562125472275,0.01470019342359768,-0.3453519563924184,0.028225806451612906,-0.1366490327667351,0.0028062110805248948,21.0
10842,43,46.0,5.0,0.0,230.0,0.3122119912325056,0.03404255319148936,-0.6839788460509638,0.008064516129032258,-0.16494548100868744,0.0020489795191134153,46.0
10842,68,12.5,20.0,0.0,250.0,-0.2942956095003804,0.008123791102514506,-0.17603851156314565,0.038306451612903226,-0.1582874931870516,0.0022271516512102343,12.5
10842,70,15.0,12.0,0.0,180.0,-0.24903384825165756,0.010058027079303675,-0.44694002328998206,0.02217741935483871,-0.1815904505627771,0.0016035491888713685,15.0
10843,51,53.0,4.0,0.25,159.0,0.43894492272892954,0.039458413926499035,-0.7178415350168185,0.006048387096774193,-0.18858133777549474,0.001416468450169709,53.0
10844,22,21.0,35.0,0.0,735.0,-0.14040562125472275,0.01470019342359768,0.3319018229246726,0.06854838709677419,0.00316871148761778,0.0065478258545580885,21.0
10845,23,9.0,70.0,0.1,567.0,-0.3576620752485924,0.005415860735009671,1.5170959367295818,0.13911290322580644,-0.05275838621412337,0.005051179944944811,9.0
10845,35,18.0,20.0,0.1,324.0,-0.19471973475319015,0.012379110251450677,-0.17603851156314565,0.038306451612903226,-0.13365293824699895,0.0028863885399684633,18.0
10845,42,14.0,42.0,0.1,529.2,-0.26713855275114673,0.009284332688588007,0.5689406456856544,0.08266129032258064,-0.0653419831970151,0.004714434615281824,14.0
10845,58,13.25,60.0,0.1,715.5,-0.28071708112576355,0.008704061895551257,1.1784690470710362,0.11895161290322581,-0.0033228266384771744,0.00637410802576369,13.25
10845,64,33.25,48.0,0.0,1596.0,0.08137700886401913,0.024177949709864605,0.7721167794807816,0.09475806451612903,0.2897950872090412,0.014218136141326134,33.25
10846,4,22.0,21.0,0.0,462.0,-0.12230091675523362,0.015473887814313346,-0.1421758225972911,0.04032258064516129,-0.08771282227771159,0.004115776251436513,22.0
10846,70,15.0,30.0,0.0,450.0,-0.24903384825165756,0.010058027079303675,0.1625883780953998,0.058467741935483875,-0.0917076149706931,0.004008872972178421,15.0
10846,74,10.0,20.0,0.0,200.0,-0.33955737074910325,0.006189555125725338,-0.17603851156314565,0.038306451612903226,-0.17493246274114124,0.0017817213209681874,10.0
10847,1,18.0,80.0,0.2,1152.0,-0.19471973475319015,0.012379110251450677,1.8557228263881271,0.1592741935483871,0.14198775756872528,0.010262714808776758,18.0
10847,19,9.2,12.0,0.0,110.39999999999999,-0.35404113434869455,0.005570599613152804,-0.44694002328998206,0.02217741935483871,-0.20476024818206984,0.0009835101691744394,9.2
10847,37,26.0,60.0,0.2,1248.0,-0.04988209875727709,0.018568665377176018,1.1784690470710362,0.11895161290322581,0.17394609911257736,0.011117941042841488,26.0
10847,45,9.5,36.0,0.2,273.6,-0.3486097229988478,0.005802707930367504,0.3657645118905271,0.07056451612903225,-0.15043106755752128,0.0024373947670844804,9.5
10847,60,34.0,45.0,0.2,1224.0,0.09495553723863599,0.024758220502901353,0.670528712583218,0.08870967741935484,0.16595651372661432,0.010904134484325307,34.0
10847,71,21.5,55.0,0.2,946.0,-0.1313532690049782,0.015087040618955513,1.0091556022417636,0.10887096774193548,0.073410483005876,0.008427541848179525,21.5
10848,5,21.35,30.0,0.0,640.5,-0.13406897467990153,0.014970986460348163,0.1625883780953998,0.058467741935483875,-0.028290280969611614,0.0057059625304006194,21.35
10848,9,97.0,3.0,0.0,291.0,1.2355519207064514,0.0735009671179884,-0.751704223982673,0.004032258064516129,-0.1446386181526981,0.0025924045220087123,97.0
10849,3,10.0,49.0,0.0,490.0,-0.33955737074910325,0.006189555125725338,0.8059794684466363,0.0967741935483871,-0.0783916393274214,0.0043652172363720584,10.0
10849,26,31.23,18.0,0.15,477.81899999999996,0.044805505775051095,0.02261508704061896,-0.24376388949485475,0.034274193548387094,-0.08244668681018873,0.004256701499318491,31.23
10850,25,14.0,20.0,0.15,238.0,-0.26713855275114673,0.009284332688588007,-0.17603851156314565,0.038306451612903226,-0.16228228588003313,0.002120248371952143,14.0
10850,33,2.5,4.0,0.15,8.5,-0.47534265449527174,0.0003868471953578337,-0.7178415350168185,0.006048387096774193,-0.2386826961333045,7.572315614114796e-05,2.5
10850,70,15.0,30.0,0.15,382.5,-0.24903384825165756,0.010058027079303675,0.1625883780953998,0.058467741935483875,-0.1141783238687141,0.0034075420263516582,15.0
10851,2,19.0,5.0,0.05,90.25,-0.17661503025370104,0.013152804642166343,-0.6839788460509638,0.008064516129032258,-0.21146817091236797,0.0008040017460868945,19.0
10851,25,14.0,10.0,0.05,133.0,-0.26713855275114673,0.009284332688588007,-0.5146654012216911,0.01814516129032258,-0.19723672194362132,0.0011848446784438445,14.0
10851,57,19.5,10.0,0.05,185.25,-0.16756267800395647,0.013539651837524178,-0.5146654012216911,0.01814516129032258,-0.17984272875959767,0.0016503193735467835,19.5
10851,59,55.0,42.0,0.05,2194.5,0.47515433172790783,0.04100580270793037,0.5689406456856544,0.08266129032258064,0.48903537277149395,0.019549937194323436,55.0
10852,2,19.0,15.0,0.0,285.0,-0.17661503025370104,0.013152804642166343,-0.3453519563924184,0.028225806451612906,-0.14663601449918887,0.002538952882379667,19.0
10852,17,39.0,6.0,0.0,234.0,0.18547905973608167,0.028626692456479693,-0.6501161570851093,0.010080645161290322,-0.1636138834443603,0.002084613945532779,39.0
10852,62,49.3,50.0,0.0,2465.0,0.3719575160808197,0.03659574468085106,0.8398421574124908,0.09879032258064516,0.5790846580591188,0.021959715280932907,49.3
10853,18,62.5,10.0,0.0,625.0,0.6109396154740764,0.04680851063829787,-0.5146654012216911,0.01814516129032258,-0.0334502215313794,0.005567879128025585,62.5
10854,10,31.0,100.0,0.15,2635.0,0.04064142374016859,0.022437137330754354,2.532976605705218,0.19959677419354838,0.6356775545430235,0.023474178403755867,31.0
10854,13,6.0,65.0,0.15,331.5,-0.41197618874705977,0.0030947775628626687,1.347782491900309,0.12903225806451613,-0.13115619281388552,0.0029532030895047705,6.0
10855,16,17.45,50.0,0.0,872.5,-0.20467732222790921,0.01195357833655706,0.8398421574124908,0.09879032258064516,0.04894237776136426,0.007772759262723717,17.45
10855,31,12.5,14.0,0.0,175.0,-0.2942956095003804,0.008123791102514506,-0.37921464535827293,0.026209677419354836,-0.18325494751818605,0.0015590061558471639,12.5
10855,56,38.0,24.0,0.0,912.0,0.16737435523659253,0.027852998065764023,-0.040587755699727474,0.046370967741935484,0.06209190370909506,0.008124649223614933,38.0
10855,65,21.05,15.0,0.15,268.3875,-0.1395003860297483,0.014738878143133462,-0.3453519563924184,0.028225806451612906,-0.15216630563353514,0.002390958655156747,21.05
10856,2,19.0,20.0,0.0,380.0,-0.17661503025370104,0.013152804642166343,-0.17603851156314565,0.038306451612903226,-0.11501057234641858,0.0033852705098395557,19.0
10856,42,14.0,20.0,0.0,280.0,-0.26713855275114673,0.009284332688588007,-0.17603851156314565,0.038306451612903226,-0.14830051145459783,0.002494409849355462,14.0
10857,3,10.0,30.0,0.0,300.0,-0.33955737074910325,0.006189555125725338,0.1625883780953998,0.058467741935483875,-0.14164252363296198,0.002672581981452281,10.0
10857,26,31.23,35.0,0.25,819.7874999999999,0.044805505775051095,0.02261508704061896,0.3319018229246726,0.06854838709677419,0.03139441860896523,0.007303164337066038,31.23
10857,29,123.79,10.0,0.25,928.4250000000001,1.7205769542477656,0.09422823984526113,-0.5146654012216911,0.01814516129032258,0.06755977620761353,0.008270973087099447,123.79
10858,7,30.0,5.0,0.0,150.0,0.022536719240679452,0.021663442940038687,-0.6839788460509638,0.008064516129032258,-0.19157743229523086,0.0013362909907261404,30.0
10858,27,43.9,10.0,0.0,439.0,0.2741921117835784,0.03241779497098646,-0.5146654012216911,0.01814516129032258,-0.09536950827259282,0.003910878299525171,43.9
10858,70,15.0,4.0,0.0,60.0,-0.24903384825165756,0.010058027079303675,-0.7178415350168185,0.006048387096774193,-0.2215383774925922,0.0005345163962904561,15.0
10859,24,4.5,40.0,0.25,135.0,-0.43913324549629346,0.0019342359767891683,0.5012152677539453,0.07862903225806452,-0.19657092316145774,0.0012026618916535265,4.5
10859,54,7.45,35.0,0.25,195.5625,-0.38572436722280057,0.004216634429400386,0.3319018229246726,0.06854838709677419,-0.17640970378906667,0.0017421893791592057,7.45
10859,64,33.25,30.0,0.25,748.125,0.08137700886401913,0.024177949709864605,0.1625883780953998,0.058467741935483875,0.007538015995566308,0.006664751316246625,33.25
10860,51,53.0,3.0,0.0,159.0,0.43894492272892954,0.039458413926499035,-0.751704223982673,0.004032258064516129,-0.18858133777549474,0.001416468450169709,53.0
10860,76,18.0,20.0,0.0,360.0,-0.19471973475319015,0.012379110251450677,-0.17603851156314565,0.038306451612903226,-0.12166856016805443,0.003207098377742737,18.0
10861,17,39.0,42.0,0.0,1638.0,0.18547905973608167,0.028626692456479693,0.5689406456856544,0.08266129032258064,0.3037768616344764,0.014592297618729454,39.0
10861,18,62.5,20.0,0.0,1250.0,0.6109396154740764,0.04680851063829787,-0.17603851156314565,0.038306451612903226,0.17461189789474094,0.01113575825605117,62.5
10861,21,10.0,40.0,0.0,400.0,-0.33955737074910325,0.006189555125725338,0.5012152677539453,0.07862903225806452,-0.10835258452478272,0.0035634426419363747,10.0
10861,33,2.5,35.0,0.0,87.5,-0.47534265449527174,0.0003868471953578337,0.3319018229246726,0.06854838709677419,-0.2123836442378429,0.0007795030779235819,2.5
10861,62,49.3,3.0,0.0,147.89999999999998,0.3719575160808197,0.03659574468085106,-0.751704223982673,0.004032258064516129,-0.19227652101650264,0.0013175829168559743,49.3
10862,11,21.0,25.0,0.0,525.0,-0.14040562125472275,0.01470019342359768,-0.006725066733872924,0.04838709677419355,-0.06674016063955865,0.0046770184675414914,21.0
10862,52,7.0,8.0,0.0,56.0,-0.3938714842475706,0.003868471953578336,-0.5823907791534002,0.014112903225806451,-0.22286997505691936,0.0004988819698710925,7.0
10863,1,18.0,20.0,0.15,306.0,-0.19471973475319015,0.012379110251450677,-0.17603851156314565,0.038306451612903226,-0.13964512728647122,0.0027260336210813267,18.0
10863,58,13.25,12.0,0.15,135.15,-0.28071708112576355,0.008704061895551257,-0.44694002328998206,0.02217741935483871,-0.1965209882527955,0.0012039981826442525,13.25
10864,35,18.0,4.0,0.0,72.0,-0.19471973475319015,0.012379110251450677,-0.7178415350168185,0.006048387096774193,-0.21754358479961067,0.0006414196755485474,18.0
10864,67,14.0,15.0,0.0,210.0,-0.26713855275114673,0.009284332688588007,-0.3453519563924184,0.028225806451612906,-0.17160346883032332,0.0018708073870165967,14.0
10865,38,263.5,60.0,0.05,15019.5,4.249985219871392,0.20232108317214698,1.1784690470710362,0.11895161290322581,4.7584700633954835,0.13380281690140844,263.5
10866,2,19.0,21.0,0.25,299.25,-0.17661503025370104,0.013152804642166343,-0.1421758225972911,0.04032258064516129,-0.14189219817627333,0.0026659005264986504,19.0
10866,24,4.5,6.0,0.25,20.25,-0.43913324549629346,0.0019342359767891683,-0.6501161570851093,0.010080645161290322,-0.23477112828809343,0.00018039928374802896,4.5
10866,30,25.89,40.0,0.25,776.6999999999999,-0.05187361625222088,0.018483558994197295,0.5012152677539453,0.07862903225806452,0.017050616095728506,0.006919314749979955,25.89
10867,53,32.8,3.0,0.0,98.39999999999999,0.07322989183924898,0.02382978723404255,-0.751704223982673,0.004032258064516129,-0.20875504087505137,0.000876606889916348,32.8
10868,26,31.23,20.0,0.0,624.6,0.044805505775051095,0.02261508704061896,-0.17603851156314565,0.038306451612903226,-0.03358338128781211,0.005564315685383649,31.23
10868,35,18.0,30.0,0.0,540.0,-0.19471973475319015,0.012379110251450677,0.1625883780953998,0.058467741935483875,-0.061746669773331764,0.004810647566614106,18.0
10868,49,20.0,42.0,0.1,756.0,-0.1585103257542119,0.013926499032882012,0.5689406456856544,0.08266129032258064,0.010159598700335424,0.006734906593259748,20.0
10869,1,18.0,40.0,0.0,720.0,-0.19471973475319015,0.012379110251450677,0.5012152677539453,0.07862903225806452,-0.001824779378609108,0.006414196755485474,18.0
10869,11,21.0,10.0,0.0,210.0,-0.14040562125472275,0.01470019342359768,-0.5146654012216911,0.01814516129032258,-0.17160346883032332,0.0018708073870165967,21.0
10869,23,9.0,50.0,0.0,450.0,-0.3576620752485924,0.005415860735009671,0.8398421574124908,0.09879032258064516,-0.0917076149706931,0.004008872972178421,9.0
10869,68,12.5,20.0,0.0,250.0,-0.2942956095003804,0.008123791102514506,-0.17603851156314565,0.038306451612903226,-0.1582874931870516,0.0022271516512102343,12.5
10870,35,18.0,3.0,0.0,54.0,-0.19471973475319015,0.012379110251450677,-0.751704223982673,0.004032258064516129,-0.22353577383908294,0.00048106475666141057,18.0
10870,51,53.0,2.0,0.0,106.0,0.43894492272892954,0.039458413926499035,-0.7855669129485275,0.0020161290322580645,-0.20622500550282974,0.0009443123001131393,53.0
10871,6,25.0,50.0,0.05,1187.5,-0.06798680325676622,0.017794970986460348,0.8398421574124908,0.09879032258064516,0.1538056859521289,0.010578970343248612,25.0
10871,16,17.45,12.0,0.05,198.92999999999998,-0.20467732222790921,0.01195357833655706,-0.44694002328998206,0.02217741935483871,-0.17528866508959876,0.0017721891119010073,17.45
10871,17,39.0,16.0,0.05,592.8,0.18547905973608167,0.028626692456479693,-0.31148926742656385,0.03024193548387097,-0.044169581924213136,0.005281021995349707,39.0
10872,55,24.0,10.0,0.05,228.0,-0.08609150775625536,0.01702127659574468,-0.5146654012216911,0.01814516129032258,-0.16561127979085105,0.0020311623059037333,24.0
10872,62,49.3,20.0,0.05,936.6999999999999,0.3719575160808197,0.03659574468085106,-0.17603851156314565,0.038306451612903226,0.07031451866881532,0.008344691806754505,49.3
10872,64,33.25,15.0,0.05,473.8125,0.08137700886401913,0.024177949709864605,-0.3453519563924184,0.028225806451612906,-0.08378044822055791,0.004221009166956196,33.25
10872,65,21.05,21.0,0.05,419.9475,-0.1395003860297483,0.014738878143133462,-0.1421758225972911,0.04032258064516129,-0.10171207392117868,0.003741147072186439,21.05
10873,21,10.0,20.0,0.0,200.0,-0.33955737074910325,0.006189555125725338,-0.17603851156314565,0.038306451612903226,-0.17493246274114124,0.0017817213209681874,10.0
10873,28,45.6,3.0,0.0,136.8,0.30497010943270997,0.0337330754352031,-0.751704223982673,0.004032258064516129,-0.1959717042575105,0.0012186973835422402,45.6
10874,10,18.4,10.0,0.0,184.0,-0.18747785295339453,0.012688588007736942,-0.5146654012216911,0.01814516129032258,-0.1802588529984499,0.0016391836152907322,18.4
10875,19,9.2,25.0,0.0,229.99999999999997,-0.35404113434869455,0.005570599613152804,-0.006725066733872924,0.04838709677419355,-0.16494548100868744,0.0020489795191134153,9.2
10875,47,9.5,21.0,0.1,179.55,-0.3486097229988478,0.005802707930367504,-0.1421758225972911,0.04032258064516129,-0.18174025528876386,0.0015995403158991903,9.5
10875,49,20.0,15.0,0.0,300.0,-0.1585103257542119,0.013926499032882012,-0.3453519563924184,0.028225806451612906,-0.14164252363296198,0.002672581981452281,20.0
10876,46,12.0,21.0,0.0,252.0,-0.30334796175012496,0.007736943907156672,-0.1421758225972911,0.04032258064516129,-0.15762169440488802,0.002244968864419916,12.0
10876,64,33.25,20.0,0.0,665.0,0.08137700886401913,0.024177949709864605,-0.17603851156314565,0.038306451612903226,-0.020134245888107697,0.0059242233922192225,33.25
10877,16,17.45,30.0,0.25,392.625,-0.20467732222790921,0.01195357833655706,0.1625883780953998,0.058467741935483875,-0.11080771753401095,0.0034977416682256727,17.45
10877,18,62.5,25.0,0.0,1562.5,0.6109396154740764,0.04680851063829787,-0.006725066733872924,0.04838709677419355,0.2786429576078011,0.013919697820063963,62.5
10878,20,81.0,20.0,0.05,1539.0,0.9458766487146253,0.06112185686653772,-0.17603851156314565,0.038306451612903226,0.27081982191737897,0.013710345564850202,81.0
10879,40,18.4,12.0,0.0,220.79999999999998,-0.18747785295339453,0.012688588007736942,-0.44694002328998206,0.02217741935483871,-0.16800815540663996,0.0019670203383488787,18.4
10879,65,21.05,10.0,0.0,210.5,-0.1395003860297483,0.014738878143133462,-0.5146654012216911,0.01814516129032258,-0.1714370191347824,0.001875261690319017,21.05
10879,76,18.0,10.0,0.0,180.0,-0.19471973475319015,0.012379110251450677,-0.5146654012216911,0.01814516129032258,-0.1815904505627771,0.0016035491888713685,18.0
10880,23,9.0,30.0,0.2,216.0,-0.3576620752485924,0.005415860735009671,0.1625883780953998,0.058467741935483875,-0.16960607248383255,0.0019242590266456423,9.0
10880,61,28.5,30.0,0.2,684.0,-0.00462033750855425,0.020502901353965184,0.1625883780953998,0.058467741935483875,-0.01380915745755364,0.006093486917711201,28.5
10880,70,15.0,50.0,0.2,600.0,-0.24903384825165756,0.010058027079303675,0.8398421574124908,0.09879032258064516,-0.041772706308424216,0.005345163962904562,15.0
10881,73,15.0,10.0,0.0,150.0,-0.24903384825165756,0.010058027079303675,-0.5146654012216911,0.01814516129032258,-0.19157743229523086,0.0013362909907261404,15.0
10882,42,14.0,25.0,0.0,350.0,-0.26713855275114673,0.009284332688588007,-0.006725066733872924,0.04838709677419355,-0.12499755407887235,0.0031180123116943278,14.0
10882,49,20.0,20.0,0.0,400.0,-0.1585103257542119,0.013926499032882012,-0.17603851156314565,0.038306451612903226,-0.10835258452478272,0.0035634426419363747,20.0
10882,54,7.45,32.0,0.15,202.64,-0.38572436722280057,0.004216634429400386,0.2303137560271089,0.0625,-0.1740536083486853,0.0018052400424049672,7.45
10883,24,4.5,8.0,0.0,36.0,-0.43913324549629346,0.0019342359767891683,-0.5823907791534002,0.014112903225806451,-0.2295279628785552,0.0003207098377742737,4.5
10884,21,10.0,40.0,0.05,380.0,-0.33955737074910325,0.006189555125725338,0.5012152677539453,0.07862903225806452,-0.11501057234641858,0.0033852705098395557,10.0
10884,56,38.0,21.0,0.05,758.0999999999999,0.16737435523659253,0.027852998065764023,-0.1421758225972911,0.04032258064516129,0.010858687421607158,0.006753614667129913,38.0
10884,65,21.05,12.0,0.05,239.97,-0.1395003860297483,0.014738878143133462,-0.44694002328998206,0.02217741935483871,-0.16162647407960198,0.0021377983269636794,21.05
10885,2,19.0,20.0,0.0,380.0,-0.17661503025370104,0.013152804642166343,-0.17603851156314565,0.038306451612903226,-0.11501057234641858,0.0033852705098395557,19.0
10885,24,4.5,12.0,0.0,54.0,-0.43913324549629346,0.0019342359767891683,-0.44694002328998206,0.02217741935483871,-0.22353577383908294,0.00048106475666141057,4.5
10885,70,15.0,30.0,0.0,450.0,-0.24903384825165756,0.010058027079303675,0.1625883780953998,0.058467741935483875,-0.0917076149706931,0.004008872972178421,15.0
10885,77,13.0,25.0,0.0,325.0,-0.2852432572506358,0.00851063829787234,-0.006725066733872924,0.04838709677419355,-0.13332003885591717,0.0028952971465733045,13.0
10886,10,31.0,70.0,0.0,2170.0,0.04064142374016859,0.022437137330754354,1.5170959367295818,0.13911290322580644,0.48087933768999,0.01933167633250483,31.0
10886,31,12.5,35.0,0.0,437.5,-0.2942956095003804,0.008123791102514506,0.3319018229246726,0.06854838709677419,-0.0958688573592155,0.00389751538961791,12.5
10886,77,13.0,40.0,0.0,520.0,-0.2852432572506358,0.00851063829787234,0.5012152677539453,0.07862903225806452,-0.06840465759496761,0.004632475434517287,13.0
10887,25,14.0,5.0,0.0,70.0,-0.26713855275114673,0.009284332688588007,-0.6839788460509638,0.008064516129032258,-0.21820938358177427,0.0006236024623388656,14.0
10888,2,19.0,20.0,0.0,380.0,-0.17661503025370104,0.013152804642166343,-0.17603851156314565,0.038306451612903226,-0.11501057234641858,0.0033852705098395557,19.0
10888,68,12.5,18.0,0.0,225.0,-0.2942956095003804,0.008123791102514506,-0.24376388949485475,0.034274193548387094,-0.1666099779640964,0.0020044364860892106,12.5
10889,11,21.0,40.0,0.0,840.0,-0.14040562125472275,0.01470019342359768,0.5012152677539453,0.07862903225806452,0.038123147551206,0.007483229548066387,21.0
10889,38,263.5,40.0,0.0,10540.0,4.249985219871392,0.20232108317214698,0.5012152677539453,0.07862903225806452,3.267247241044594,0.09389671361502347,263.5
10890,17,39.0,15.0,0.0,585.0,0.18547905973608167,0.028626692456479693,-0.3453519563924184,0.028225806451612906,-0.0467661971746511,0.005211534863831948,39.0
10890,34,14.0,10.0,0.0,140.0,-0.26713855275114673,0.009284332688588007,-0.5146654012216911,0.01814516129032258,-0.19490642620604878,0.001247204924677731,14.0
10890,41,9.65,14.0,0.0,135.1,-0.34589401732392444,0.0059187620889748545,-0.37921464535827293,0.026209677419354836,-0.19653763322234957,0.0012035527523140104,9.65
10891,30,25.89,15.0,0.05,368.9325,-0.05187361625222088,0.018483558994197295,-0.3453519563924184,0.028225806451612906,-0.11869493635721631,0.0032866745062404786,25.89
10892,59,55.0,40.0,0.05,2090.0,0.47515433172790783,0.04100580270793037,0.5012152677539453,0.07862903225806452,0.45424738640344664,0.018618987804117557,55.0
10893,8,40.0,30.0,0.0,1200.0,0.20358376423557079,0.02940038684719536,0.1625883780953998,0.058467741935483875,0.15796692834065132,0.010690327925809123,40.0
10893,24,4.5,10.0,0.0,45.0,-0.43913324549629346,0.0019342359767891683,-0.5146654012216911,0.01814516129032258,-0.22653186835881908,0.00040088729721784213,4.5
10893,29,123.79,24.0,0.0,2970.96,1.7205769542477656,0.09422823984526113,-0.040587755699727474,0.046370967741935484,0.7475184339708626,0.026467113878718227,123.79
10893,30,25.89,35.0,0.0,906.15,-0.05187361625222088,0.018483558994197295,0.3319018229246726,0.06854838709677419,0.060144442271266564,0.008072533874976614,25.89
10893,36,19.0,20.0,0.0,380.0,-0.17661503025370104,0.013152804642166343,-0.17603851156314565,0.038306451612903226,-0.11501057234641858,0.0033852705098395557,19.0
10894,13,6.0,28.0,0.05,159.6,-0.41197618874705977,0.0030947775628626687,0.09486300016369072,0.05443548387096774,-0.18838159814084565,0.0014218136141326133,6.0
10894,69,36.0,50.0,0.05,1710.0,0.13116494623761427,0.02630560928433269,0.8398421574124908,0.09879032258064516,0.3277456177923655,0.015233717294278002,36.0
10894,75,7.75,120.0,0.05,883.5,-0.3802929558729538,0.004448742746615087,3.210230385022309,0.2399193548387097,0.05260427106326397,0.007870753935376968,7.75
10895,24,4.5,20.0,0.0,90.0,-0.43913324549629346,0.0019342359767891683,-0.17603851156314565,0.038306451612903226,-0.2115513957601384,0.0008017745944356843,4.5
10895,39,18.0,45.0,0.0,810.0,-0.19471973475319015,0.012379110251450677,0.670528712583218,0.08870967741935484,0.02813616581875222,0.007215971349921159,18.0
10895,40,18.4,91.0,0.0,1674.3999999999999,-0.18747785295339453,0.012688588007736942,2.228212405012527,0.1814516129032258,0.31589439946985365,0.014916570899145663,18.4
10895,60,34.0,100.0,0.0,3400.0,0.09495553723863599,0.024758220502901353,2.532976605705218,0.19959677419354838,0.8903455887205949,0.030289262456459184,34.0
10896,45,9.5,15.0,0.0,142.5,-0.3486097229988478,0.005802707930367504,-0.3453519563924184,0.028225806451612906,-0.19407417772834432,0.0012694764411898334,9.5
10896,56,38.0,16.0,0.0,608.0,0.16737435523659253,0.027852998065764023,-0.31148926742656385,0.03024193548387097,-0.03910951117976987,0.005416432815743289,38.0
10897,29,123.79,80.0,0.0,9903.2,1.7205769542477656,0.09422823984526113,1.8557228263881271,0.1592741935483871,3.0552569088037087,0.08822371292906077,123.79
10897,30,25.89,36.0,0.0,932.04,-0.05187361625222088,0.018483558994197295,0.3657645118905271,0.07056451612903225,0.06876320750637417,0.008303177699975945,25.89
10898,13,6.0,5.0,0.0,30.0,-0.41197618874705977,0.0030947775628626687,-0.6839788460509638,0.008064516129032258,-0.23152535922504597,0.00026725819814522807,6.0
10899,39,18.0,8.0,0.15,122.39999999999999,-0.19471973475319015,0.012379110251450677,-0.5823907791534002,0.014112903225806451,-0.20076545548908833,0.0010904134484325306,18.0
10900,70,15.0,3.0,0.25,33.75,-0.24903384825165756,0.010058027079303675,-0.751704223982673,0.004032258064516129,-0.23027698650848924,0.0003006654729133816,15.0
10901,41,9.65,30.0,0.0,289.5,-0.34589401732392444,0.0059187620889748545,0.1625883780953998,0.058467741935483875,-0.1451379672393208,0.002579041612101451,9.65
10901,71,21.5,30.0,0.0,645.0,-0.1313532690049782,0.015087040618955513,0.1625883780953998,0.058467741935483875,-0.026792233709743547,0.005746051260122404,21.5
10902,55,24.0,30.0,0.15,612.0,-0.08609150775625536,0.01702127659574468,0.1625883780953998,0.058467741935483875,-0.0377779136154427,0.005452067242162653,24.0
10902,62,49.3,6.0,0.15,251.42999999999995,0.3719575160808197,0.03659574468085106,-0.6501161570851093,0.010080645161290322,-0.15781144705780467,0.002239890958655156,49.3
10903,13,6.0,40.0,0.0,240.0,-0.41197618874705977,0.0030947775628626687,0.5012152677539453,0.07862903225806452,-0.16161648709786952,0.0021380655851618246,6.0
10903,65,21.05,21.0,0.0,442.05,-0.1395003860297483,0.014738878143133462,-0.1421758225972911,0.04032258064516129,-0.09435416512979335,0.003938049549669936,21.05
10903,68,12.5,20.0,0.0,250.0,-0.2942956095003804,0.008123791102514506,-0.17603851156314565,0.038306451612903226,-0.1582874931870516,0.0022271516512102343,12.5
10904,58,13.25,15.0,0.0,198.75,-0.28071708112576355,0.008704061895551257,-0.3453519563924184,0.028225806451612906,-0.17534858697999348,0.001770585562712136,13.25
10904,62,49.3,35.0,0.0,1725.5,0.3719575160808197,0.03659574468085106,0.3319018229246726,0.06854838709677419,0.33290555835413327,0.015371800696653035,49.3
10905,1,18.0,20.0,0.05,342.0,-0.19471973475319015,0.012379110251450677,-0.17603851156314565,0.038306451612903226,-0.12766074920752668,0.0030467434588556004,18.0
10906,61,28.5,15.0,0.0,427.5,-0.00462033750855425,0.020502901353965184,-0.3453519563924184,0.028225806451612906,-0.09919785127003343,0.0038084293235695005,28.5
10907,75,7.75,14.0,0.0,108.5,-0.3802929558729538,0.004448742746615087,-0.37921464535827293,0.026209677419354836,-0.20539275702512524,0.0009665838166252416,7.75
10908,7,30.0,20.0,0.05,570.0,0.022536719240679452,0.021663442940038687,-0.17603851156314565,0.038306451612903226,-0.05175968804087799,0.005077905764759334,30.0
10908,52,7.0,14.0,0.05,93.1,-0.3938714842475706,0.003868471953578336,-0.37921464535827293,0.026209677419354836,-0.21051940764778485,0.0008293912749106912,7.0
10909,7,30.0,12.0,0.0,360.0,0.022536719240679452,0.021663442940038687,-0.44694002328998206,0.02217741935483871,-0.12166856016805443,0.003207098377742737,30.0
10909,16,17.45,15.0,0.0,261.75,-0.20467732222790921,0.01195357833655706,-0.3453519563924184,0.028225806451612906,-0.15437592534184055,0.0023318277788171153,17.45
10909,41,9.65,5.0,0.0,48.25,-0.34589401732392444,0.0059187620889748545,-0.6839788460509638,0.008064516129032258,-0.22544994533780324,0.0004298402686835752,9.65
10910,19,9.2,12.0,0.0,110.39999999999999,-0.35404113434869455,0.005570599613152804,-0.44694002328998206,0.02217741935483871,-0.20476024818206984,0.0009835101691744394,9.2
10910,49,20.0,10.0,0.0,200.0,-0.1585103257542119,0.013926499032882012,-0.5146654012216911,0.01814516129032258,-0.17493246274114124,0.0017817213209681874,20.0
10910,61,28.5,5.0,0.0,142.5,-0.00462033750855425,0.020502901353965184,-0.6839788460509638,0.008064516129032258,-0.19407417772834432,0.0012694764411898334,28.5
10911,1,18.0,10.0,0.0,180.0,-0.19471973475319015,0.012379110251450677,-0.5146654012216911,0.01814516129032258,-0.1815904505627771,0.0016035491888713685,18.0
10911,17,39.0,12.0,0.0,468.0,0.18547905973608167,0.028626692456479693,-0.44694002328998206,0.02217741935483871,-0.08571542593122083,0.004169227891065558,39.0
10911,67,14.0,15.0,0.0,210.0,-0.26713855275114673,0.009284332688588007,-0.3453519563924184,0.028225806451612906,-0.17160346883032332,0.0018708073870165967,14.0
10912,11,21.0,40.0,0.25,630.0,-0.14040562125472275,0.01470019342359768,0.5012152677539453,0.07862903225806452,-0.03178572457597044,0.0056124221610497895,21.0
10912,29,123.79,60.0,0.25,5570.55,1.7205769542477656,0.09422823984526113,1.1784690470710362,0.11895161290322581,1.6129203620331798,0.04962583852259668,123.79
10913,4,22.0,30.0,0.25,495.0,-0.12230091675523362,0.015473887814313346,0.1625883780953998,0.058467741935483875,-0.07672714237201243,0.0044097602693962635,22.0
10913,33,2.5,40.0,0.25,75.0,-0.47534265449527174,0.0003868471953578337,0.5012152677539453,0.07862903225806452,-0.2165448866263653,0.0006681454953630702,2.5
10913,58,13.25,15.0,0.0,198.75,-0.28071708112576355,0.008704061895551257,-0.3453519563924184,0.028225806451612906,-0.17534858697999348,0.001770585562712136,13.25
10914,71,21.5,25.0,0.0,537.5,-0.1313532690049782,0.015087040618955513,-0.006725066733872924,0.04838709677419355,-0.06257891825103624,0.004788376050102004,21.5
10915,17,39.0,10.0,0.0,390.0,0.18547905973608167,0.028626692456479693,-0.5146654012216911,0.01814516129032258,-0.11168157843560064,0.003474356575887965,39.0
10915,33,2.5,30.0,0.0,75.0,-0.47534265449527174,0.0003868471953578337,0.1625883780953998,0.058467741935483875,-0.2165448866263653,0.0006681454953630702,2.5
10915,54,7.45,10.0,0.0,74.5,-0.38572436722280057,0.004216634429400386,-0.5146654012216911,0.01814516129032258,-0.2167113363219062,0.0006636911920606497,7.45
10916,16,17.45,6.0,0.0,104.69999999999999,-0.20467732222790921,0.01195357833655706,-0.6501161570851093,0.010080645161290322,-0.2066577747112361,0.0009327311115268459,17.45
10916,32,32.0,6.0,0.0,192.0,0.05874612823965772,0.02321083172147002,-0.6501161570851093,0.010080645161290322,-0.17759565786979556,0.0017104524681294598,32.0
10917,30,25.89,1.0,0.0,25.89,-0.05187361625222088,0.018483558994197295,-0.8194296019143821,0.0,-0.23289357572239214,0.00023064382499933184,25.89
10917,60,34.0,10.0,0.0,340.0,0.09495553723863599,0.024758220502901353,-0.5146654012216911,0.01814516129032258,-0.1283265479896903,0.0030289262456459185,34.0
10918,1,18.0,60.0,0.25,810.0,-0.19471973475319015,0.012379110251450677,1.1784690470710362,0.11895161290322581,0.02813616581875222,0.007215971349921159,18.0
10918,60,34.0,25.0,0.25,637.5,0.09495553723863599,0.024758220502901353,-0.006725066733872924,0.04838709677419355,-0.029288979142856993,0.005679236710586097,34.0
10919,16,17.45,24.0,0.0,418.79999999999995,-0.20467732222790921,0.01195357833655706,-0.040587755699727474,0.046370967741935484,-0.10209407597244503,0.0037309244461073837,17.45
10919,25,14.0,24.0,0.0,336.0,-0.26713855275114673,0.009284332688588007,-0.040587755699727474,0.046370967741935484,-0.12965814555401745,0.0029932918192265546,14.0
10919,40,18.4,20.0,0.0,368.0,-0.18747785295339453,0.012688588007736942,-0.17603851156314565,0.038306451612903226,-0.11900536503940008,0.0032783672305814644,18.4
10920,50,16.25,24.0,0.0,390.0,-0.22640296762729614,0.011025145067698259,-0.040587755699727474,0.046370967741935484,-0.11168157843560064,0.003474356575887965,16.25
10921,35,18.0,10.0,0.0,180.0,-0.19471973475319015,0.012379110251450677,-0.5146654012216911,0.01814516129032258,-0.1815904505627771,0.0016035491888713685,18.0
10921,63,43.9,40.0,0.0,1756.0,0.2741921117835784,0.03241779497098646,0.5012152677539453,0.07862903225806452,0.34305898978212795,0.015643513198100683,43.9
10922,17,39.0,15.0,0.0,585.0,0.18547905973608167,0.028626692456479693,-0.3453519563924184,0.028225806451612906,-0.0467661971746511,0.005211534863831948,39.0
10922,24,4.5,35.0,0.0,157.5,-0.43913324549629346,0.0019342359767891683,0.3319018229246726,0.06854838709677419,-0.1890806868621174,0.0014031055402624474,4.5
10923,42,14.0,10.0,0.2,112.0,-0.26713855275114673,0.009284332688588007,-0.5146654012216911,0.01814516129032258,-0.20422760915633897,0.000997763939742185,14.0
10923,43,46.0,10.0,0.2,368.0,0.3122119912325056,0.03404255319148936,-0.5146654012216911,0.01814516129032258,-0.11900536503940008,0.0032783672305814644,46.0
10923,67,14.0,24.0,0.2,268.8,-0.26713855275114673,0.009284332688588007,-0.040587755699727474,0.046370967741935484,-0.1520289846347139,0.0023946334553812437,14.0
10924,10,31.0,20.0,0.1,558.0,0.04064142374016859,0.022437137330754354,-0.17603851156314565,0.038306451612903226,-0.0557544807338595,0.004971002485501243,31.0
10924,28,45.6,30.0,0.1,1231.2,0.30497010943270997,0.0337330754352031,0.1625883780953998,0.058467741935483875,0.16835338934240326,0.01096827645188016,45.6
10924,75,7.75,6.0,0.0,46.5,-0.3802929558729538,0.004448742746615087,-0.6501161570851093,0.010080645161290322,-0.2260325192721964,0.00041425020712510354,7.75
10925,36,19.0,25.0,0.15,403.75,-0.17661503025370104,0.013152804642166343,-0.006725066733872924,0.04838709677419355,-0.107104211808226,0.003596849916704528,19.0
10925,52,7.0,12.0,0.15,71.39999999999999,-0.3938714842475706,0.003868471953578336,-0.44694002328998206,0.02217741935483871,-0.21774332443425976,0.0006360745115856428,7.0
10926,11,21.0,2.0,0.0,42.0,-0.14040562125472275,0.01470019342359768,-0.7855669129485275,0.0020161290322580645,-0.22753056653206447,0.0003741614774033193,21.0
10926,13,6.0,10.0,0.0,60.0,-0.41197618874705977,0.0030947775628626687,-0.5146654012216911,0.01814516129032258,-0.2215383774925922,0.0005345163962904561,6.0
10926,19,9.2,7.0,0.0,64.39999999999999,-0.35404113434869455,0.005570599613152804,-0.6162534681192547,0.012096774193548387,-0.2200736201718323,0.0005737142653517562,9.2
10926,72,34.8,10.0,0.0,348.0,0.10943930083822724,0.025377176015473887,-0.5146654012216911,0.01814516129032258,-0.12566335286103594,0.003100195098484646,34.8
10927,20,81.0,5.0,0.0,405.0,0.9458766487146253,0.06112185686653772,-0.6839788460509638,0.008064516129032258,-0.10668808756937376,0.0036079856749605794,81.0
10927,52,7.0,5.0,0.0,35.0,-0.3938714842475706,0.003868471953578336,-0.6839788460509638,0.008064516129032258,-0.229860862269637,0.0003118012311694328,7.0
10927,76,18.0,20.0,0.0,360.0,-0.19471973475319015,0.012379110251450677,-0.17603851156314565,0.038306451612903226,-0.12166856016805443,0.003207098377742737,18.0
10928,47,9.5,5.0,0.0,47.5,-0.3486097229988478,0.005802707930367504,-0.6839788460509638,0.008064516129032258,-0.2256996198811146,0.00042315881372994446,9.5
10928,76,18.0,5.0,0.0,90.0,-0.19471973475319015,0.012379110251450677,-0.6839788460509638,0.008064516129032258,-0.2115513957601384,0.0008017745944356843,18.0
10929,21,10.0,60.0,0.0,600.0,-0.33955737074910325,0.006189555125725338,1.1784690470710362,0.11895161290322581,-0.041772706308424216,0.005345163962904562,10.0
10929,75,7.75,49.0,0.0,379.75,-0.3802929558729538,0.004448742746615087,0.8059794684466363,0.0967741935483871,-0.11509379719418902,0.0033830433581883454,7.75
10929,77,13.0,433.0,0.0,5629.0,-0.2852432572506358,0.00851063829787234,13.809252031334783,0.8709677419354838,1.6323783314419107,0.05014654657864963,13.0
10930,21,10.0,20.0,0.0,200.0,-0.33955737074910325,0.006189555125725338,-0.17603851156314565,0.038306451612903226,-0.17493246274114124,0.0017817213209681874,10.0
10930,27,43.9,25.0,0.0,1097.5,0.2741921117835784,0.03241779497098646,-0.006725066733872924,0.04838709677419355,0.12384474075476758,0.009777195748812927,43.9
10930,55,24.0,25.0,0.2,480.0,-0.08609150775625536,0.01702127659574468,-0.006725066733872924,0.04838709677419355,-0.08172063323823932,0.004276131170323649,24.0
10930,58,13.25,30.0,0.2,318.0,-0.28071708112576355,0.008704061895551257,0.1625883780953998,0.058467741935483875,-0.1356503345934897,0.002832936900339418,13.25
10931,13,6.0,42.0,0.15,214.2,-0.41197618874705977,0.0030947775628626687,0.5689406456856544,0.08266129032258064,-0.1702052913877798,0.0019082235347569285,6.0
10931,57,19.5,30.0,0.0,585.0,-0.16756267800395647,0.013539651837524178,0.1625883780953998,0.058467741935483875,-0.0467661971746511,0.005211534863831948,19.5
10932,16,17.45,30.0,0.1,471.15000000000003,-0.20467732222790921,0.01195357833655706,0.1625883780953998,0.058467741935483875,-0.08466679284931317,0.0041972900018708076,17.45
10932,62,49.3,14.0,0.1,621.18,0.3719575160808197,0.03659574468085106,-0.37921464535827293,0.026209677419354836,-0.034721897205311866,0.005533848250795092,49.3
10932,72,34.8,16.0,0.0,556.8,0.10943930083822724,0.025377176015473887,-0.31148926742656385,0.03024193548387097,-0.056153960003157664,0.004960312157575433,34.8
10932,75,7.75,20.0,0.1,139.5,-0.3802929558729538,0.004448742746615087,-0.17603851156314565,0.038306451612903226,-0.19507287590158967,0.0012427506213753107,7.75
10933,53,32.8,2.0,0.0,65.6,0.07322989183924898,0.02382978723404255,-0.7855669129485275,0.0020161290322580645,-0.21967414090253415,0.0005844045932775654,32.8
10933,61,28.5,30.0,0.0,855.0,-0.00462033750855425,0.020502901353965184,0.1625883780953998,0.058467741935483875,0.043116638417432886,0.007616858647139001,28.5
10934,6,25.0,20.0,0.0,500.0,-0.06798680325676622,0.017794970986460348,-0.17603851156314565,0.038306451612903226,-0.07506264541660347,0.004454303302420469,25.0
10935,1,18.0,21.0,0.0,378.0,-0.19471973475319015,0.012379110251450677,-0.1421758225972911,0.04032258064516129,-0.11567637112858216,0.003367453296629874,18.0
10935,18,62.5,4.0,0.25,187.5,0.6109396154740764,0.04680851063829787,-0.7178415350168185,0.006048387096774193,-0.17909370512966363,0.0016703637384076755,62.5
10935,23,9.0,8.0,0.25,54.0,-0.3576620752485924,0.005415860735009671,-0.5823907791534002,0.014112903225806451,-0.22353577383908294,0.00048106475666141057,9.0
10936,36,19.0,30.0,1.0,0.0,-0.17661503025370104,0.013152804642166343,0.1625883780953998,0.058467741935483875,-0.24151234095749974,0.0,19.0
10937,28,45.6,8.0,0.0,364.8,0.30497010943270997,0.0337330754352031,-0.5823907791534002,0.014112903225806451,-0.12007064309086182,0.0032498596894459737,45.6
10937,34,14.0,20.0,0.0,280.0,-0.26713855275114673,0.009284332688588007,-0.17603851156314565,0.038306451612903226,-0.14830051145459783,0.002494409849355462,14.0
10938,13,6.0,20.0,0.25,90.0,-0.41197618874705977,0.0030947775628626687,-0.17603851156314565,0.038306451612903226,-0.2115513957601384,0.0008017745944356843,6.0
10938,43,46.0,24.0,0.25,828.0,0.3122119912325056,0.03404255319148936,-0.040587755699727474,0.046370967741935484,0.034128354858224484,0.007376326268808295,46.0
10938,60,34.0,49.0,0.25,1249.5,0.09495553723863599,0.024758220502901353,0.8059794684466363,0.0967741935483871,0.17444544819920005,0.01113130395274875,34.0
10938,71,21.5,35.0,0.25,564.375,-0.1313532690049782,0.015087040618955513,0.3319018229246726,0.06854838709677419,-0.05363224711571307,0.005027794852607103,21.5
10939,2,19.0,10.0,0.15,161.5,-0.17661503025370104,0.013152804642166343,-0.5146654012216911,0.01814516129032258,-0.18774908929779024,0.0014387399666818113,19.0
10939,67,14.0,40.0,0.15,476.0,-0.26713855275114673,0.009284332688588007,0.5012152677539453,0.07862903225806452,-0.08305223080256649,0.004240496743904286,14.0
10940,7,30.0,8.0,0.0,240.0,0.022536719240679452,0.021663442940038687,-0.5823907791534002,0.014112903225806451,-0.16161648709786952,0.0021380655851618246,30.0
10940,13,6.0,20.0,0.0,120.0,-0.41197618874705977,0.0030947775628626687,-0.17603851156314565,0.038306451612903226,-0.20156441402768463,0.0010690327925809123,6.0
10941,31,12.5,44.0,0.25,412.5,-0.2942956095003804,0.008123791102514506,0.6366660236173635,0.08669354838709678,-0.10419134213626031,0.003674800224496886,12.5
10941,62,49.3,30.0,0.25,1109.25,0.3719575160808197,0.03659574468085106,0.1625883780953998,0.058467741935483875,0.12775630859997864,0.009881871876419809,49.3
10941,68,12.5,80.0,0.25,750.0,-0.2942956095003804,0.008123791102514506,1.8557228263881271,0.1592741935483871,0.00816220235384467,0.006681454953630702,12.5
10941,72,34.8,50.0,0.0,1739.9999999999998,0.10943930083822724,0.025377176015473887,0.8398421574124908,0.09879032258064516,0.3377325995248192,0.015500975492423227,34.8
10942,49,20.0,28.0,0.0,560.0,-0.1585103257542119,0.013926499032882012,0.09486300016369072,0.05443548387096774,-0.05508868195169592,0.004988819698710924,20.0
10943,13,6.0,15.0,0.0,90.0,-0.41197618874705977,0.0030947775628626687,-0.3453519563924184,0.028225806451612906,-0.2115513957601384,0.0008017745944356843,6.0
10943,22,21.0,21.0,0.0,441.0,-0.14040562125472275,0.01470019342359768,-0.1421758225972911,0.04032258064516129,-0.09470370949042922,0.003928695512734853,21.0
10943,46,12.0,15.0,0.0,180.0,-0.30334796175012496,0.007736943907156672,-0.3453519563924184,0.028225806451612906,-0.1815904505627771,0.0016035491888713685,12.0
10944,11,21.0,5.0,0.25,78.75,-0.14040562125472275,0.01470019342359768,-0.6839788460509638,0.008064516129032258,-0.21529651390980858,0.0007015527701312237,21.0
10944,44,19.45,18.0,0.25,262.575,-0.16846791322893093,0.013500967117988394,-0.24376388949485475,0.034274193548387094,-0.15410128334419806,0.002339177379266109,19.45
10944,56,38.0,18.0,0.0,684.0,0.16737435523659253,0.027852998065764023,-0.24376388949485475,0.034274193548387094,-0.01380915745755364,0.006093486917711201,38.0
10945,13,6.0,20.0,0.0,120.0,-0.41197618874705977,0.0030947775628626687,-0.17603851156314565,0.038306451612903226,-0.20156441402768463,0.0010690327925809123,6.0
10945,31,12.5,10.0,0.0,125.0,-0.2942956095003804,0.008123791102514506,-0.5146654012216911,0.01814516129032258,-0.19989991707227567,0.0011135758256051172,12.5
10946,10,31.0,25.0,0.0,775.0,0.04064142374016859,0.022437137330754354,-0.006725066733872924,0.04838709677419355,0.01648468713088948,0.006904170118751726,31.0
10946,24,4.5,25.0,0.0,112.5,-0.43913324549629346,0.0019342359767891683,-0.006725066733872924,0.04838709677419355,-0.20406115946079809,0.0010022182430446053,4.5
10946,77,13.0,40.0,0.0,520.0,-0.2852432572506358,0.00851063829787234,0.5012152677539453,0.07862903225806452,-0.06840465759496761,0.004632475434517287,13.0
10947,59,55.0,4.0,0.0,220.0,0.47515433172790783,0.04100580270793037,-0.7178415350168185,0.006048387096774193,-0.16827447491950537,0.001959893453065006,55.0
10948,50,16.25,9.0,0.0,146.25,-0.22640296762729614,0.011025145067698259,-0.5485280901875457,0.016129032258064516,-0.1928258050117876,0.001302883715957987,16.25
10948,51,53.0,40.0,0.0,2120.0,0.43894492272892954,0.039458413926499035,0.5012152677539453,0.07862903225806452,0.4642343681359004,0.018886246002262786,53.0
10948,55,24.0,4.0,0.0,96.0,-0.08609150775625536,0.01702127659574468,-0.7178415350168185,0.006048387096774193,-0.20955399941364766,0.0008552262340647299,24.0
10949,6,25.0,12.0,0.0,300.0,-0.06798680325676622,0.017794970986460348,-0.44694002328998206,0.02217741935483871,-0.14164252363296198,0.002672581981452281,25.0
10949,10,31.0,30.0,0.0,930.0,0.04064142374016859,0.022437137330754354,0.1625883780953998,0.058467741935483875,0.06808409274856733,0.008285004142502071,31.0
10949,17,39.0,6.0,0.0,234.0,0.18547905973608167,0.028626692456479693,-0.6501161570851093,0.010080645161290322,-0.1636138834443603,0.002084613945532779,39.0
10949,62,49.3,60.0,0.0,2958.0,0.3719575160808197,0.03659574468085106,1.1784690470710362,0.11895161290322581,0.7432040578624426,0.02635165833711949,49.3
10950,4,22.0,5.0,0.0,110.0,-0.12230091675523362,0.015473887814313346,-0.6839788460509638,0.008064516129032258,-0.20489340793850255,0.000979946726532503,22.0
10951,33,2.5,15.0,0.05,35.625,-0.47534265449527174,0.0003868471953578337,-0.3453519563924184,0.028225806451612906,-0.2296528001502109,0.00031736911029745836,2.5
10951,41,9.65,6.0,0.05,55.005,-0.34589401732392444,0.0059187620889748545,-0.6501161570851093,0.010080645161290322,-0.22320120995104575,0.0004900179062992757,9.65
10951,75,7.75,50.0,0.05,368.125,-0.3802929558729538,0.004448742746615087,0.8398421574124908,0.09879032258064516,-0.11896375261551485,0.0032794808064070696,7.75
10952,6,25.0,16.0,0.05,380.0,-0.06798680325676622,0.017794970986460348,-0.31148926742656385,0.03024193548387097,-0.11501057234641858,0.0033852705098395557,25.0
10952,28,45.6,2.0,0.0,91.2,0.30497010943270997,0.0337330754352031,-0.7855669129485275,0.0020161290322580645,-0.21115191649084025,0.0008124649223614934,45.6
10953,20,81.0,50.0,0.05,3847.5,0.9458766487146253,0.06112185686653772,0.8398421574124908,0.09879032258064516,1.039318066229697,0.034275863912125504,81.0
10953,31,12.5,50.0,0.05,593.75,-0.2942956095003804,0.008123791102514506,0.8398421574124908,0.09879032258064516,-0.04385332750268542,0.005289485171624306,12.5
10954,16,17.45,28.0,0.15,415.30999999999995,-0.20467732222790921,0.01195357833655706,0.09486300016369072,0.05443548387096774,-0.10325589484732049,0.003699833409056489,17.45
10954,31,12.5,25.0,0.15,265.625,-0.2942956095003804,0.008123791102514506,-0.006725066733872924,0.04838709677419355,-0.1530859402013986,0.0023663486294108736,12.5
10954,45,9.5,30.0,0.0,285.0,-0.3486097229988478,0.005802707930367504,0.1625883780953998,0.058467741935483875,-0.14663601449918887,0.002538952882379667,9.5
10954,60,34.0,24.0,0.15,693.6,0.09495553723863599,0.024758220502901353,-0.040587755699727474,0.046370967741935484,-0.010613323303168424,0.006179009541117673,34.0
10955,75,7.75,12.0,0.2,74.4,-0.3802929558729538,0.004448742746615087,-0.44694002328998206,0.02217741935483871,-0.21674462626101437,0.0006628003314001657,7.75
10956,21,10.0,12.0,0.0,120.0,-0.33955737074910325,0.006189555125725338,-0.44694002328998206,0.02217741935483871,-0.20156441402768463,0.0010690327925809123,10.0
10956,47,9.5,14.0,0.0,133.0,-0.3486097229988478,0.005802707930367504,-0.37921464535827293,0.026209677419354836,-0.19723672194362132,0.0011848446784438445,9.5
10956,51,53.0,8.0,0.0,424.0,0.43894492272892954,0.039458413926499035,-0.5823907791534002,0.014112903225806451,-0.1003629991388197,0.003777249200452557,53.0
10957,30,25.89,30.0,0.0,776.7,-0.05187361625222088,0.018483558994197295,0.1625883780953998,0.058467741935483875,0.017050616095728544,0.006919314749979956,25.89
10957,35,18.0,40.0,0.0,720.0,-0.19471973475319015,0.012379110251450677,0.5012152677539453,0.07862903225806452,-0.001824779378609108,0.006414196755485474,18.0
10957,64,33.25,8.0,0.0,266.0,0.08137700886401913,0.024177949709864605,-0.5823907791534002,0.014112903225806451,-0.15296110292974294,0.002369689356887689,33.25
10958,5,21.35,20.0,0.0,427.0,-0.13406897467990153,0.014970986460348163,-0.17603851156314565,0.038306451612903226,-0.09936430096557432,0.00380397502026708,21.35
10958,7,30.0,6.0,0.0,180.0,0.022536719240679452,0.021663442940038687,-0.6501161570851093,0.010080645161290322,-0.1815904505627771,0.0016035491888713685,30.0
10958,72,34.8,5.0,0.0,174.0,0.10943930083822724,0.025377176015473887,-0.6839788460509638,0.008064516129032258,-0.18358784690926783,0.001550097549242323,34.8
10959,75,7.75,20.0,0.15,131.75,-0.3802929558729538,0.004448742746615087,-0.17603851156314565,0.038306451612903226,-0.19765284618247358,0.0011737089201877935,7.75
10960,24,4.5,10.0,0.25,33.75,-0.43913324549629346,0.0019342359767891683,-0.5146654012216911,0.01814516129032258,-0.23027698650848924,0.0003006654729133816,4.5
10960,41,9.65,24.0,0.0,231.60000000000002,-0.34589401732392444,0.0059187620889748545,-0.040587755699727474,0.046370967741935484,-0.16441284198295658,0.0020632332896811613,9.65
10961,52,7.0,6.0,0.05,39.9,-0.3938714842475706,0.003868471953578336,-0.6501161570851093,0.010080645161290322,-0.22822965525333622,0.00035545340353315333,7.0
10961,76,18.0,60.0,0.0,1080.0,-0.19471973475319015,0.012379110251450677,1.1784690470710362,0.11895161290322581,0.11801900141083621,0.009621295133228212,18.0
10962,7,30.0,45.0,0.0,1350.0,0.022536719240679452,0.021663442940038687,0.670528712583218,0.08870967741935484,0.2079018370029202,0.012026618916535264,30.0
10962,13,6.0,77.0,0.0,462.0,-0.41197618874705977,0.0030947775628626687,1.7541347594905636,0.1532258064516129,-0.08771282227771159,0.004115776251436513,6.0
10962,53,32.8,20.0,0.0,656.0,0.07322989183924898,0.02382978723404255,-0.17603851156314565,0.038306451612903226,-0.02313034040784383,0.005844045932775654,32.8
10962,69,36.0,9.0,0.0,324.0,0.13116494623761427,0.02630560928433269,-0.5485280901875457,0.016129032258064516,-0.13365293824699895,0.0028863885399684633,36.0
10962,76,18.0,44.0,0.0,792.0,-0.19471973475319015,0.012379110251450677,0.6366660236173635,0.08669354838709678,0.022143976779279956,0.007055616431034022,18.0
10963,60,34.0,2.0,0.15,57.8,0.09495553723863599,0.024758220502901353,-0.7855669129485275,0.0020161290322580645,-0.22227075615297215,0.0005149174617598061,34.0
10964,18,62.5,6.0,0.0,375.0,0.6109396154740764,0.04680851063829787,-0.6501161570851093,0.010080645161290322,-0.11667506930182754,0.003340727476815351,62.5
10964,38,263.5,5.0,0.0,1317.5,4.249985219871392,0.20232108317214698,-0.6839788460509638,0.008064516129032258,0.19708260679276193,0.011737089201877934,263.5
10964,69,36.0,10.0,0.0,360.0,0.13116494623761427,0.02630560928433269,-0.5146654012216911,0.01814516129032258,-0.12166856016805443,0.003207098377742737,36.0
10965,51,53.0,16.0,0.0,848.0,0.43894492272892954,0.039458413926499035,-0.31148926742656385,0.03024193548387097,0.04078634267986034,0.007554498400905114,53.0
10966,37,26.0,8.0,0.0,208.0,-0.04988209875727709,0.018568665377176018,-0.5823907791534002,0.014112903225806451,-0.1722692676124869,0.0018529901738069147,26.0
10966,56,38.0,12.0,0.15,387.59999999999997,0.16737435523659253,0.027852998065764023,-0.44694002328998206,0.02217741935483871,-0.11248053697419697,0.0034529759200363466,38.0
10966,62,49.3,12.0,0.15,502.8599999999999,0.3719575160808197,0.03659574468085106,-0.44694002328998206,0.02217741935483871,-0.07411055315810958,0.004479781917310312,49.3
10967,19,9.2,12.0,0.0,110.39999999999999,-0.35404113434869455,0.005570599613152804,-0.44694002328998206,0.02217741935483871,-0.20476024818206984,0.0009835101691744394,9.2
10967,49,20.0,40.0,0.0,800.0,-0.1585103257542119,0.013926499032882012,0.5012152677539453,0.07862903225806452,0.024807171907934297,0.007126885283872749,20.0
10968,12,38.0,30.0,0.0,1140.0,0.16737435523659253,0.027852998065764023,0.1625883780953998,0.058467741935483875,0.13799296487574375,0.010155811529518667,38.0
10968,24,4.5,30.0,0.0,135.0,-0.43913324549629346,0.0019342359767891683,0.1625883780953998,0.058467741935483875,-0.19657092316145774,0.0012026618916535265,4.5
10968,64,33.25,4.0,0.0,133.0,0.08137700886401913,0.024177949709864605,-0.7178415350168185,0.006048387096774193,-0.19723672194362132,0.0011848446784438445,33.25
10969,46,12.0,9.0,0.0,108.0,-0.30334796175012496,0.007736943907156672,-0.5485280901875457,0.016129032258064516,-0.20555920672066613,0.0009621295133228211,12.0
10970,52,7.0,40.0,0.2,224.0,-0.3938714842475706,0.003868471953578336,0.5012152677539453,0.07862903225806452,-0.1669428773551782,0.00199552787948437,7.0
10971,29,123.79,14.0,0.0,1733.0600000000002,1.7205769542477656,0.09422823984526113,-0.37921464535827293,0.026209677419354836,0.3354222777507117,0.015439149762585634,123.79
10972,17,39.0,6.0,0.0,234.0,0.18547905973608167,0.028626692456479693,-0.6501161570851093,0.010080645161290322,-0.1636138834443603,0.002084613945532779,39.0
10972,33,2.5,7.0,0.0,17.5,-0.47534265449527174,0.0003868471953578337,-0.6162534681192547,0.012096774193548387,-0.23568660161356836,0.0001559006155847164,2.5
10973,26,31.23,5.0,0.0,156.15,0.044805505775051095,0.02261508704061896,-0.6839788460509638,0.008064516129032258,-0.18953010104007784,0.0013910789213459123,31.23
10973,41,9.65,6.0,0.0,57.900000000000006,-0.34589401732392444,0.0059187620889748545,-0.6501161570851093,0.010080645161290322,-0.22223746621386395,0.0005158083224202903,9.65
10973,75,7.75,10.0,0.0,77.5,-0.3802929558729538,0.004448742746615087,-0.5146654012216911,0.01814516129032258,-0.21571263814866082,0.0006904170118751725,7.75
10974,63,43.9,10.0,0.0,439.0,0.2741921117835784,0.03241779497098646,-0.5146654012216911,0.01814516129032258,-0.09536950827259282,0.003910878299525171,43.9
10975,8,40.0,16.0,0.0,640.0,0.20358376423557079,0.02940038684719536,-0.31148926742656385,0.03024193548387097,-0.028456730665152512,0.005701508227098199,40.0
10975,75,7.75,10.0,0.0,77.5,-0.3802929558729538,0.004448742746615087,-0.5146654012216911,0.01814516129032258,-0.21571263814866082,0.0006904170118751725,7.75
10976,28,45.6,20.0,0.0,912.0,0.30497010943270997,0.0337330754352031,-0.17603851156314565,0.038306451612903226,0.06209190370909506,0.008124649223614933,45.6
10977,39,18.0,30.0,0.0,540.0,-0.19471973475319015,0.012379110251450677,0.1625883780953998,0.058467741935483875,-0.061746669773331764,0.004810647566614106,18.0
10977,47,9.5,30.0,0.0,285.0,-0.3486097229988478,0.005802707930367504,0.1625883780953998,0.058467741935483875,-0.14663601449918887,0.002538952882379667,9.5
10977,51,53.0,10.0,0.0,530.0,0.43894492272892954,0.039458413926499035,-0.5146654012216911,0.01814516129032258,-0.06507566368414969,0.0047215615005656965,53.0
10977,63,43.9,20.0,0.0,878.0,0.2741921117835784,0.03241779497098646,-0.17603851156314565,0.038306451612903226,0.050773324412314115,0.007821756599050341,43.9
10978,8,40.0,20.0,0.15,680.0,0.20358376423557079,0.02940038684719536,-0.17603851156314565,0.038306451612903226,-0.01514075502188081,0.006057852491291837,40.0
10978,21,10.0,40.0,0.15,340.0,-0.33955737074910325,0.006189555125725338,0.5012152677539453,0.07862903225806452,-0.1283265479896903,0.0030289262456459185,10.0
10978,40,18.4,10.0,0.0,184.0,-0.18747785295339453,0.012688588007736942,-0.5146654012216911,0.01814516129032258,-0.1802588529984499,0.0016391836152907322,18.4
10978,44,19.45,6.0,0.15,99.195,-0.16846791322893093,0.013500967117988394,-0.6501161570851093,0.010080645161290322,-0.20849038585914131,0.0008836892321671966,19.45
10979,7,30.0,18.0,0.0,540.0,0.022536719240679452,0.021663442940038687,-0.24376388949485475,0.034274193548387094,-0.061746669773331764,0.004810647566614106,30.0
10979,12,38.0,20.0,0.0,760.0,0.16737435523659253,0.027852998065764023,-0.17603851156314565,0.038306451612903226,0.011491196264662594,0.006770541019679111,38.0
10979,24,4.5,80.0,0.0,360.0,-0.43913324549629346,0.0019342359767891683,1.8557228263881271,0.1592741935483871,-0.12166856016805443,0.003207098377742737,4.5
10979,27,43.9,30.0,0.0,1317.0,0.2741921117835784,0.03241779497098646,0.1625883780953998,0.058467741935483875,0.19691615709722105,0.011732634898575513,43.9
10979,31,12.5,24.0,0.0,300.0,-0.2942956095003804,0.008123791102514506,-0.040587755699727474,0.046370967741935484,-0.14164252363296198,0.002672581981452281,12.5
10979,63,43.9,35.0,0.0,1536.5,0.2741921117835784,0.03241779497098646,0.3319018229246726,0.06854838709677419,0.2699875734396745,0.013688074048338099,43.9
10980,75,7.75,40.0,0.2,248.0,-0.3802929558729538,0.004448742746615087,0.5012152677539453,0.07862903225806452,-0.15895329196921518,0.0022093344380005524,7.75
10981,38,263.5,60.0,0.0,15810.0,4.249985219871392,0.20232108317214698,1.1784690470710362,0.11895161290322581,5.02162703204564,0.14084507042253522,263.5
10982,7,30.0,20.0,0.0,600.0,0.022536719240679452,0.021663442940038687,-0.17603851156314565,0.038306451612903226,-0.041772706308424216,0.005345163962904562,30.0
10982,43,46.0,9.0,0.0,414.0,0.3122119912325056,0.03404255319148936,-0.5485280901875457,0.016129032258064516,-0.10369199304963762,0.0036881631344041475,46.0
10983,13,6.0,84.0,0.15,428.4,-0.41197618874705977,0.0030947775628626687,1.9911735822515453,0.16733870967741934,-0.09889824181805983,0.003816447069513857,6.0
10983,57,19.5,15.0,0.0,292.5,-0.16756267800395647,0.013539651837524178,-0.3453519563924184,0.028225806451612906,-0.1441392690660754,0.002605767431915974,19.5
10984,16,17.45,55.0,0.0,959.75,-0.20467732222790921,0.01195357833655706,1.0091556022417636,0.10887096774193548,0.07798784963325066,0.008550035188996089,17.45
10984,24,4.5,20.0,0.0,90.0,-0.43913324549629346,0.0019342359767891683,-0.17603851156314565,0.038306451612903226,-0.2115513957601384,0.0008017745944356843,4.5
10984,36,18.4,40.0,0.0,736.0,-0.18747785295339453,0.012688588007736942,0.5012152677539453,0.07862903225806452,0.003501610878699573,0.006556734461162929,18.4
10985,16,17.45,36.0,0.1,565.38,-0.20467732222790921,0.01195357833655706,0.3657645118905271,0.07056451612903225,-0.05329768322767587,0.005036748002244969,17.45
10985,18,62.5,8.0,0.1,450.0,0.6109396154740764,0.04680851063829787,-0.5823907791534002,0.014112903225806451,-0.0917076149706931,0.004008872972178421,62.5
10985,32,32.0,35.0,0.1,1008.0,0.05874612823965772,0.02321083172147002,0.3319018229246726,0.06854838709677419,0.09405024525294714,0.008979875457679663,32.0
10986,11,21.0,30.0,0.0,630.0,-0.14040562125472275,0.01470019342359768,0.1625883780953998,0.058467741935483875,-0.03178572457597044,0.0056124221610497895,21.0
10986,20,81.0,15.0,0.0,1215.0,0.9458766487146253,0.06112185686653772,-0.3453519563924184,0.028225806451612906,0.1629604192068782,0.010823957024881738,81.0
10986,76,18.0,10.0,0.0,180.0,-0.19471973475319015,0.012379110251450677,-0.5146654012216911,0.01814516129032258,-0.1815904505627771,0.0016035491888713685,18.0
10986,77,13.0,15.0,0.0,195.0,-0.2852432572506358,0.00851063829787234,-0.3453519563924184,0.028225806451612906,-0.1765969596965502,0.0017371782879439825,13.0
10987,7,30.0,60.0,0.0,1800.0,0.022536719240679452,0.021663442940038687,1.1784690470710362,0.11895161290322581,0.3577065629897268,0.016035491888713685,30.0
10987,43,46.0,6.0,0.0,276.0,0.3122119912325056,0.03404255319148936,-0.6501161570851093,0.010080645161290322,-0.14963210901892499,0.0024587754229360983,46.0
10987,72,34.8,20.0,0.0,696.0,0.10943930083822724,0.025377176015473887,-0.17603851156314565,0.038306451612903226,-0.009814364764572129,0.006200390196969292,34.8
10988,7,30.0,60.0,0.0,1800.0,0.022536719240679452,0.021663442940038687,1.1784690470710362,0.11895161290322581,0.3577065629897268,0.016035491888713685,30.0
10988,62,49.3,40.0,0.1,1774.8,0.3719575160808197,0.03659574468085106,0.5012152677539453,0.07862903225806452,0.3493174983344657,0.015810995002271695,49.3
10989,6,1000.0,40.0,0.0,40000.0,17.58410008374514,0.7721470019342359,0.5012152677539453,0.07862903225806452,13.074463302314204,0.35634426419363746,263.5
10989,11,21.0,15.0,0.0,315.0,-0.14040562125472275,0.01470019342359768,-0.3453519563924184,0.028225806451612906,-0.1366490327667351,0.0028062110805248948,21.0
10989,41,9.65,4.0,0.0,38.6,-0.34589401732392444,0.0059187620889748545,-0.7178415350168185,0.006048387096774193,-0.22866242446174254,0.0003438722149468602,9.65
10990,21,10.0,65.0,0.0,650.0,-0.33955737074910325,0.006189555125725338,1.347782491900309,0.12903225806451613,-0.025127736754334586,0.005790594293146609,10.0
10990,34,14.0,60.0,0.15,714.0,-0.26713855275114673,0.009284332688588007,1.1784690470710362,0.11895161290322581,-0.003822175725099863,0.006360745115856429,14.0
10990,55,24.0,65.0,0.15,1326.0,-0.08609150775625536,0.01702127659574468,1.347782491900309,0.12903225806451613,0.19991225161695717,0.011812812358019082,24.0
10990,61,28.5,66.0,0.15,1598.85,-0.00462033750855425,0.020502901353965184,1.3816451808661636,0.1310483870967742,0.2907438504736242,0.01424352567014993,28.5
10991,2,19.0,50.0,0.0,950.0,-0.17661503025370104,0.013152804642166343,0.8398421574124908,0.09879032258064516,0.07474208057020318,0.00846317627459889,19.0
10991,70,15.0,20.0,0.2,240.0,-0.24903384825165756,0.010058027079303675,-0.17603851156314565,0.038306451612903226,-0.16161648709786952,0.0021380655851618246,15.0
10991,76,18.0,90.0,0.2,1296.0,-0.19471973475319015,0.012379110251450677,2.1943497160466725,0.17943548387096775,0.1899252698845034,0.011545554159873853,18.0
10992,72,34.8,2.0,0.0,69.6,0.10943930083822724,0.025377176015473887,-0.7855669129485275,0.0020161290322580645,-0.21834254333820696,0.0006200390196969292,34.8
10993,29,123.79,50.0,0.25,4642.125,1.7205769542477656,0.09422823984526113,0.8398421574124908,0.09879032258064516,1.3038482448680664,0.04135486543549723,123.79
10993,41,9.65,35.0,0.25,253.3125,-0.34589401732392444,0.0059187620889748545,0.3319018229246726,0.06854838709677419,-0.15718476395409317,0.0022566614105887697,9.65
10994,59,55.0,18.0,0.05,940.5,0.47515433172790783,0.04100580270793037,-0.24376388949485475,0.034274193548387094,0.07157953635492614,0.0083785445118529,55.0
10995,51,53.0,20.0,0.0,1060.0,0.43894492272892954,0.039458413926499035,-0.17603851156314565,0.038306451612903226,0.11136101358920036,0.009443123001131393,53.0
10995,60,34.0,4.0,0.0,136.0,0.09495553723863599,0.024758220502901353,-0.7178415350168185,0.006048387096774193,-0.19623802377037594,0.0012115704982583674,34.0
10996,42,14.0,40.0,0.0,560.0,-0.26713855275114673,0.009284332688588007,0.5012152677539453,0.07862903225806452,-0.05508868195169592,0.004988819698710924,14.0
10997,32,32.0,50.0,0.0,1600.0,0.05874612823965772,0.02321083172147002,0.8398421574124908,0.09879032258064516,0.29112668477336834,0.014253770567745499,32.0
10997,46,12.0,20.0,0.25,180.0,-0.30334796175012496,0.007736943907156672,-0.17603851156314565,0.038306451612903226,-0.1815904505627771,0.0016035491888713685,12.0
10997,52,7.0,20.0,0.25,105.0,-0.3938714842475706,0.003868471953578336,-0.17603851156314565,0.038306451612903226,-0.20655790489391151,0.0009354036935082983,7.0
10998,24,4.5,12.0,0.0,54.0,-0.43913324549629346,0.0019342359767891683,-0.44694002328998206,0.02217741935483871,-0.22353577383908294,0.00048106475666141057,4.5
10998,61,28.5,7.0,0.0,199.5,-0.00462033750855425,0.020502901353965184,-0.6162534681192547,0.012096774193548387,-0.17509891243668213,0.0017772670176657668,28.5
10998,74,10.0,20.0,0.0,200.0,-0.33955737074910325,0.006189555125725338,-0.17603851156314565,0.038306451612903226,-0.17493246274114124,0.0017817213209681874,10.0
10998,75,7.75,30.0,0.0,232.5,-0.3802929558729538,0.004448742746615087,0.1625883780953998,0.058467741935483875,-0.16411323253098298,0.002071251035625518,7.75
10999,41,9.65,20.0,0.05,183.35,-0.34589401732392444,0.0059187620889748545,-0.17603851156314565,0.038306451612903226,-0.18047523760265308,0.0016333930209975857,9.65
10999,51,53.0,15.0,0.05,755.25,0.43894492272892954,0.039458413926499035,-0.3453519563924184,0.028225806451612906,0.00990992415702408,0.006728225138306117,53.0
10999,77,13.0,21.0,0.05,259.34999999999997,-0.2852432572506358,0.00851063829787234,-0.1421758225972911,0.04032258064516129,-0.15517488388043685,0.0023104471229654965,13.0
11000,4,22.0,25.0,0.25,412.5,-0.12230091675523362,0.015473887814313346,-0.006725066733872924,0.04838709677419355,-0.10419134213626031,0.003674800224496886,22.0
11000,24,4.5,30.0,0.25,101.25,-0.43913324549629346,0.0019342359767891683,0.1625883780953998,0.058467741935483875,-0.20780627761046824,0.0009019964187401448,4.5
11000,77,13.0,30.0,0.0,390.0,-0.2852432572506358,0.00851063829787234,0.1625883780953998,0.058467741935483875,-0.11168157843560064,0.003474356575887965,13.0
11001,7,30.0,60.0,0.0,1800.0,0.022536719240679452,0.021663442940038687,1.1784690470710362,0.11895161290322581,0.3577065629897268,0.016035491888713685,30.0
11001,22,21.0,25.0,0.0,525.0,-0.14040562125472275,0.01470019342359768,-0.006725066733872924,0.04838709677419355,-0.06674016063955865,0.0046770184675414914,21.0
11001,46,12.0,25.0,0.0,300.0,-0.30334796175012496,0.007736943907156672,-0.006725066733872924,0.04838709677419355,-0.14164252363296198,0.002672581981452281,12.0
11001,55,24.0,6.0,0.0,144.0,-0.08609150775625536,0.01702127659574468,-0.6501161570851093,0.010080645161290322,-0.19357482864172162,0.0012828393510970948,24.0
11002,13,6.0,56.0,0.0,336.0,-0.41197618874705977,0.0030947775628626687,1.043018291207618,0.11088709677419355,-0.12965814555401745,0.0029932918192265546,6.0
11002,35,18.0,15.0,0.15,229.5,-0.19471973475319015,0.012379110251450677,-0.3453519563924184,0.028225806451612906,-0.16511193070422836,0.002044525215810995,18.0
11002,42,14.0,24.0,0.15,285.59999999999997,-0.26713855275114673,0.009284332688588007,-0.040587755699727474,0.046370967741935484,-0.1464362748645398,0.0025442980463425712,14.0
11002,55,24.0,40.0,0.0,960.0,-0.08609150775625536,0.01702127659574468,0.5012152677539453,0.07862903225806452,0.0780710744810211,0.008552262340647298,24.0
11003,1,18.0,4.0,0.0,72.0,-0.19471973475319015,0.012379110251450677,-0.7178415350168185,0.006048387096774193,-0.21754358479961067,0.0006414196755485474,18.0
11003,40,18.4,10.0,0.0,184.0,-0.18747785295339453,0.012688588007736942,-0.5146654012216911,0.01814516129032258,-0.1802588529984499,0.0016391836152907322,18.4
11003,52,7.0,10.0,0.0,70.0,-0.3938714842475706,0.003868471953578336,-0.5146654012216911,0.01814516129032258,-0.21820938358177427,0.0006236024623388656,7.0
11004,26,31.23,6.0,0.0,187.38,0.044805505775051095,0.02261508704061896,-0.6501161570851093,0.010080645161290322,-0.17913365305659346,0.0016692947056150946,31.23
11004,76,18.0,6.0,0.0,108.0,-0.19471973475319015,0.012379110251450677,-0.6501161570851093,0.010080645161290322,-0.20555920672066613,0.0009621295133228211,18.0
11005,1,18.0,2.0,0.0,36.0,-0.19471973475319015,0.012379110251450677,-0.7855669129485275,0.0020161290322580645,-0.2295279628785552,0.0003207098377742737,18.0
11005,59,55.0,10.0,0.0,550.0,0.47515433172790783,0.04100580270793037,-0.5146654012216911,0.01814516129032258,-0.05841767586251384,0.004899733632662515,55.0
11006,1,18.0,8.0,0.0,144.0,-0.19471973475319015,0.012379110251450677,-0.5823907791534002,0.014112903225806451,-0.19357482864172162,0.0012828393510970948,18.0
11006,29,123.79,2.0,0.25,185.685,1.7205769542477656,0.09422823984526113,-0.7855669129485275,0.0020161290322580645,-0.17969791752447709,0.0016541946174198892,123.79
11007,8,40.0,30.0,0.0,1200.0,0.20358376423557079,0.02940038684719536,0.1625883780953998,0.058467741935483875,0.15796692834065132,0.010690327925809123,40.0
11007,29,123.79,10.0,0.0,1237.9,1.7205769542477656,0.09422823984526113,-0.5146654012216911,0.01814516129032258,0.1705838152626513,0.011027964116132596,123.79
11007,42,14.0,14.0,0.0,196.0,-0.26713855275114673,0.009284332688588007,-0.37921464535827293,0.026209677419354836,-0.1762640603054684,0.0017460868945488235,14.0
11008,28,45.6,70.0,0.05,3032.3999999999996,0.30497010943270997,0.0337330754352031,1.5170959367295818,0.13911290322580644,0.7679717725589278,0.02701445866851965,45.6
11008,34,14.0,90.0,0.05,1197.0,-0.26713855275114673,0.009284332688588007,2.1943497160466725,0.17943548387096775,0.15696823016740594,0.010663602105994601,14.0
11008,71,21.5,21.0,0.0,451.5,-0.1313532690049782,0.015087040618955513,-0.1421758225972911,0.04032258064516129,-0.09120826588407041,0.004022235882085683,21.5
11009,24,4.5,12.0,0.0,54.0,-0.43913324549629346,0.0019342359767891683,-0.44694002328998206,0.02217741935483871,-0.22353577383908294,0.00048106475666141057,4.5
11009,36,19.0,18.0,0.25,256.5,-0.17661503025370104,0.013152804642166343,-0.24376388949485475,0.034274193548387094,-0.15612364714501994,0.0022850575941417003,19.0
11009,60,34.0,9.0,0.0,306.0,0.09495553723863599,0.024758220502901353,-0.5485280901875457,0.016129032258064516,-0.13964512728647122,0.0027260336210813267,34.0
11010,7,30.0,20.0,0.0,600.0,0.022536719240679452,0.021663442940038687,-0.17603851156314565,0.038306451612903226,-0.041772706308424216,0.005345163962904562,30.0
11010,24,4.5,10.0,0.0,45.0,-0.43913324549629346,0.0019342359767891683,-0.5146654012216911,0.01814516129032258,-0.22653186835881908,0.00040088729721784213,4.5
11011,58,13.25,40.0,0.05,503.5,-0.28071708112576355,0.008704061895551257,0.5012152677539453,0.07862903225806452,-0.0738974975478172,0.004485483425537411,13.25
11011,71,21.5,20.0,0.0,430.0,-0.1313532690049782,0.015087040618955513,-0.17603851156314565,0.038306451612903226,-0.09836560279232895,0.0038307008400816026,21.5
11012,19,9.2,50.0,0.05,436.99999999999994,-0.35404113434869455,0.005570599613152804,0.8398421574124908,0.09879032258064516,-0.09603530705475642,0.003893061086315489,9.2
11012,60,34.0,36.0,0.05,1162.8,0.09495553723863599,0.024758220502901353,0.3657645118905271,0.07056451612903225,0.1455830709924086,0.01035892776010904,34.0
11012,71,21.5,60.0,0.05,1225.5,-0.1313532690049782,0.015087040618955513,1.1784690470710362,0.11895161290322581,0.16645586281323702,0.010917497394232567,21.5
11013,23,9.0,10.0,0.0,90.0,-0.3576620752485924,0.005415860735009671,-0.5146654012216911,0.01814516129032258,-0.2115513957601384,0.0008017745944356843,9.0
11013,42,14.0,4.0,0.0,56.0,-0.26713855275114673,0.009284332688588007,-0.7178415350168185,0.006048387096774193,-0.22286997505691936,0.0004988819698710925,14.0
11013,45,9.5,20.0,0.0,190.0,-0.3486097229988478,0.005802707930367504,-0.17603851156314565,0.038306451612903226,-0.17826145665195917,0.0016926352549197778,9.5
11013,68,12.5,2.0,0.0,25.0,-0.2942956095003804,0.008123791102514506,-0.7855669129485275,0.0020161290322580645,-0.23318985618045493,0.00022271516512102342,12.5
11015,30,25.89,15.0,0.0,388.35,-0.05187361625222088,0.018483558994197295,-0.3453519563924184,0.028225806451612906,-0.11223086243088559,0.003459657374989978,25.89
11015,77,13.0,18.0,0.0,234.0,-0.2852432572506358,0.00851063829787234,-0.24376388949485475,0.034274193548387094,-0.1636138834443603,0.002084613945532779,13.0
11016,31,12.5,15.0,0.0,187.5,-0.2942956095003804,0.008123791102514506,-0.3453519563924184,0.028225806451612906,-0.17909370512966363,0.0016703637384076755,12.5
11016,36,19.0,16.0,0.0,304.0,-0.17661503025370104,0.013152804642166343,-0.31148926742656385,0.03024193548387097,-0.1403109260686348,0.0027082164078716447,19.0
11017,3,10.0,25.0,0.0,250.0,-0.33955737074910325,0.006189555125725338,-0.006725066733872924,0.04838709677419355,-0.1582874931870516,0.0022271516512102343,10.0
11017,59,55.0,110.0,0.0,6050.0,0.47515433172790783,0.04100580270793037,2.8716034953637637,0.21975806451612903,1.7725289750873452,0.05389706995928766,55.0
11017,70,15.0,30.0,0.0,450.0,-0.24903384825165756,0.010058027079303675,0.1625883780953998,0.058467741935483875,-0.0917076149706931,0.004008872972178421,15.0
11018,12,38.0,20.0,0.0,760.0,0.16737435523659253,0.027852998065764023,-0.17603851156314565,0.038306451612903226,0.011491196264662594,0.006770541019679111,38.0
11018,18,62.5,10.0,0.0,625.0,0.6109396154740764,0.04680851063829787,-0.5146654012216911,0.01814516129032258,-0.0334502215313794,0.005567879128025585,62.5
11018,56,38.0,5.0,0.0,190.0,0.16737435523659253,0.027852998065764023,-0.6839788460509638,0.008064516129032258,-0.17826145665195917,0.0016926352549197778,38.0
11019,46,12.0,3.0,0.0,36.0,-0.30334796175012496,0.007736943907156672,-0.751704223982673,0.004032258064516129,-0.2295279628785552,0.0003207098377742737,12.0
11019,49,20.0,2.0,0.0,40.0,-0.1585103257542119,0.013926499032882012,-0.7855669129485275,0.0020161290322580645,-0.22819636531422804,0.00035634426419363743,20.0
11020,10,31.0,24.0,0.15,632.4,0.04064142374016859,0.022437137330754354,-0.040587755699727474,0.046370967741935484,-0.03098676603737414,0.005633802816901408,31.0
11021,2,19.0,11.0,0.25,156.75,-0.17661503025370104,0.013152804642166343,-0.4808027122558366,0.020161290322580648,-0.18933036140542875,0.0013964240853088167,19.0
11021,20,81.0,15.0,0.0,1215.0,0.9458766487146253,0.06112185686653772,-0.3453519563924184,0.028225806451612906,0.1629604192068782,0.010823957024881738,81.0
11021,26,31.23,63.0,0.0,1967.49,0.044805505775051095,0.02261508704061896,1.2800571139686,0.125,0.41346388200201634,0.017527594408958493,31.23
11021,51,53.0,44.0,0.25,1749.0,0.43894492272892954,0.039458413926499035,0.6366660236173635,0.08669354838709678,0.3407286940445554,0.015581152951866798,53.0
11021,72,34.8,35.0,0.0,1218.0,0.10943930083822724,0.025377176015473887,0.3319018229246726,0.06854838709677419,0.1639591173801236,0.010850682844696261,34.8
11022,19,9.2,35.0,0.0,322.0,-0.35404113434869455,0.005570599613152804,0.3319018229246726,0.06854838709677419,-0.13431873702916253,0.0028685713267587814,9.2
11022,69,36.0,30.0,0.0,1080.0,0.13116494623761427,0.02630560928433269,0.1625883780953998,0.058467741935483875,0.11801900141083621,0.009621295133228212,36.0
11023,7,30.0,4.0,0.0,120.0,0.022536719240679452,0.021663442940038687,-0.7178415350168185,0.006048387096774193,-0.20156441402768463,0.0010690327925809123,30.0
11023,43,46.0,30.0,0.0,1380.0,0.3122119912325056,0.03404255319148936,0.1625883780953998,0.058467741935483875,0.21788881873537397,0.012293877114680492,46.0
11024,26,31.23,12.0,0.0,374.76,0.044805505775051095,0.02261508704061896,-0.44694002328998206,0.02217741935483871,-0.11675496515568717,0.003338589411230189,31.23
11024,33,2.5,30.0,0.0,75.0,-0.47534265449527174,0.0003868471953578337,0.1625883780953998,0.058467741935483875,-0.2165448866263653,0.0006681454953630702,2.5
11024,65,21.05,21.0,0.0,442.05,-0.1395003860297483,0.014738878143133462,-0.1421758225972911,0.04032258064516129,-0.09435416512979335,0.003938049549669936,21.05
11024,71,21.5,50.0,0.0,1075.0,-0.1313532690049782,0.015087040618955513,0.8398421574124908,0.09879032258064516,0.11635450445542725,0.009576752100204007,21.5
11025,1,18.0,10.0,0.1,162.0,-0.19471973475319015,0.012379110251450677,-0.5146654012216911,0.01814516129032258,-0.18758263960224936,0.0014431942699842317,18.0
11025,13,6.0,20.0,0.1,108.0,-0.41197618874705977,0.0030947775628626687,-0.17603851156314565,0.038306451612903226,-0.20555920672066613,0.0009621295133228211,6.0
11026,18,62.5,8.0,0.0,500.0,0.6109396154740764,0.04680851063829787,-0.5823907791534002,0.014112903225806451,-0.07506264541660347,0.004454303302420469,62.5
11026,51,53.0,10.0,0.0,530.0,0.43894492272892954,0.039458413926499035,-0.5146654012216911,0.01814516129032258,-0.06507566368414969,0.0047215615005656965,53.0
11027,24,4.5,30.0,0.25,101.25,-0.43913324549629346,0.0019342359767891683,0.1625883780953998,0.058467741935483875,-0.20780627761046824,0.0009019964187401448,4.5
11027,62,49.3,21.0,0.25,776.4749999999999,0.3719575160808197,0.03659574468085106,-0.1421758225972911,0.04032258064516129,0.016975713732735095,0.006917310313493865,49.3
11028,55,24.0,35.0,0.0,840.0,-0.08609150775625536,0.01702127659574468,0.3319018229246726,0.06854838709677419,0.038123147551206,0.007483229548066387,24.0
11028,59,55.0,24.0,0.0,1320.0,0.47515433172790783,0.04100580270793037,-0.040587755699727474,0.046370967741935484,0.19791485527046643,0.011759360718390037,55.0
11029,56,38.0,20.0,0.0,760.0,0.16737435523659253,0.027852998065764023,-0.17603851156314565,0.038306451612903226,0.011491196264662594,0.006770541019679111,38.0
11029,63,43.9,12.0,0.0,526.8,0.2741921117835784,0.03241779497098646,-0.44694002328998206,0.02217741935483871,-0.06614094173561144,0.0046930539594302045,43.9
11030,2,19.0,100.0,0.25,1425.0,-0.17661503025370104,0.013152804642166343,2.532976605705218,0.19959677419354838,0.23286929133405462,0.012694764411898334,19.0
11030,5,21.35,70.0,0.0,1494.5,-0.13406897467990153,0.014970986460348163,1.5170959367295818,0.13911290322580644,0.2560057990142392,0.01331391257093478,21.35
11030,29,123.79,60.0,0.25,5570.55,1.7205769542477656,0.09422823984526113,1.1784690470710362,0.11895161290322581,1.6129203620331798,0.04962583852259668,123.79
11030,59,55.0,100.0,0.25,4125.0,0.47515433172790783,0.04100580270793037,2.532976605705218,0.19959677419354838,1.1316976472548945,0.03674800224496886,55.0
11031,1,18.0,45.0,0.0,810.0,-0.19471973475319015,0.012379110251450677,0.670528712583218,0.08870967741935484,0.02813616581875222,0.007215971349921159,18.0
11031,13,6.0,80.0,0.0,480.0,-0.41197618874705977,0.0030947775628626687,1.8557228263881271,0.1592741935483871,-0.08172063323823932,0.004276131170323649,6.0
11031,24,4.5,21.0,0.0,94.5,-0.43913324549629346,0.0019342359767891683,-0.1421758225972911,0.04032258064516129,-0.21005334850027035,0.0008418633241574685,4.5
11031,64,33.25,20.0,0.0,665.0,0.08137700886401913,0.024177949709864605,-0.17603851156314565,0.038306451612903226,-0.020134245888107697,0.0059242233922192225,33.25
11031,71,21.5,16.0,0.0,344.0,-0.1313532690049782,0.015087040618955513,-0.31148926742656385,0.03024193548387097,-0.1269949504253631,0.003064560672065282,21.5
11032,36,19.0,35.0,0.0,665.0,-0.17661503025370104,0.013152804642166343,0.3319018229246726,0.06854838709677419,-0.020134245888107697,0.0059242233922192225,19.0
11032,38,263.5,25.0,0.0,6587.5,4.249985219871392,0.20232108317214698,-0.006725066733872924,0.04838709677419355,1.9514623977938088,0.05868544600938967,263.5
11032,59,55.0,30.0,0.0,1650.0,0.47515433172790783,0.04100580270793037,0.1625883780953998,0.058467741935483875,0.30777165432745796,0.014699200897987545,55.0
11033,53,32.8,70.0,0.1,2066.4,0.07322989183924898,0.02382978723404255,1.5170959367295818,0.13911290322580644,0.4463909607739164,0.01840874468824331,32.8
11033,69,36.0,36.0,0.1,1166.4,0.13116494623761427,0.02630560928433269,0.3657645118905271,0.07056451612903225,0.1467815088003031,0.010390998743886468,36.0
11034,21,10.0,15.0,0.1,135.0,-0.33955737074910325,0.006189555125725338,-0.3453519563924184,0.028225806451612906,-0.19657092316145774,0.0012026618916535265,10.0
11034,44,19.45,12.0,0.0,233.39999999999998,-0.16846791322893093,0.013500967117988394,-0.44694002328998206,0.02217741935483871,-0.16381362307900937,0.0020792687815698744,19.45
11034,61,28.5,6.0,0.0,171.0,-0.00462033750855425,0.020502901353965184,-0.6501161570851093,0.010080645161290322,-0.1845865450825132,0.0015233717294278002,28.5
11035,1,18.0,10.0,0.0,180.0,-0.19471973475319015,0.012379110251450677,-0.5146654012216911,0.01814516129032258,-0.1815904505627771,0.0016035491888713685,18.0
11035,35,18.0,60.0,0.0,1080.0,-0.19471973475319015,0.012379110251450677,1.1784690470710362,0.11895161290322581,0.11801900141083621,0.009621295133228212,18.0
11035,42,14.0,30.0,0.0,420.0,-0.26713855275114673,0.009284332688588007,0.1625883780953998,0.058467741935483875,-0.10169459670314687,0.0037416147740331933,14.0
11035,54,7.45,10.0,0.0,74.5,-0.38572436722280057,0.004216634429400386,-0.5146654012216911,0.01814516129032258,-0.2167113363219062,0.0006636911920606497,7.45
11036,13,6.0,7.0,0.0,42.0,-0.41197618874705977,0.0030947775628626687,-0.6162534681192547,0.012096774193548387,-0.22753056653206447,0.0003741614774033193,6.0
11036,59,55.0,30.0,0.0,1650.0,0.47515433172790783,0.04100580270793037,0.1625883780953998,0.058467741935483875,0.30777165432745796,0.014699200897987545,55.0
11037,70,15.0,4.0,0.0,60.0,-0.24903384825165756,0.010058027079303675,-0.7178415350168185,0.006048387096774193,-0.2215383774925922,0.0005345163962904561,15.0
11038,40,18.4,5.0,0.2,73.60000000000001,-0.18747785295339453,0.012688588007736942,-0.6839788460509638,0.008064516129032258,-0.2170109457738798,0.000655673446116293,18.4
11038,52,7.0,2.0,0.0,14.0,-0.3938714842475706,0.003868471953578336,-0.7855669129485275,0.0020161290322580645,-0.23685174948235466,0.00012472049246777312,7.0
11038,71,21.5,30.0,0.0,645.0,-0.1313532690049782,0.015087040618955513,0.1625883780953998,0.058467741935483875,-0.026792233709743547,0.005746051260122404,21.5
11039,28,45.6,20.0,0.0,912.0,0.30497010943270997,0.0337330754352031,-0.17603851156314565,0.038306451612903226,0.06209190370909506,0.008124649223614933,45.6
11039,35,18.0,24.0,0.0,432.0,-0.19471973475319015,0.012379110251450677,-0.040587755699727474,0.046370967741935484,-0.09769980401016536,0.0038485180532912846,18.0
11039,49,20.0,60.0,0.0,1200.0,-0.1585103257542119,0.013926499032882012,1.1784690470710362,0.11895161290322581,0.15796692834065132,0.010690327925809123,20.0
11039,57,19.5,28.0,0.0,546.0,-0.16756267800395647,0.013539651837524178,0.09486300016369072,0.05443548387096774,-0.05974927342684101,0.004864099206243151,19.5
11040,21,10.0,20.0,0.0,200.0,-0.33955737074910325,0.006189555125725338,-0.17603851156314565,0.038306451612903226,-0.17493246274114124,0.0017817213209681874,10.0
11041,2,19.0,30.0,0.2,456.0,-0.17661503025370104,0.013152804642166343,0.1625883780953998,0.058467741935483875,-0.08971021862420234,0.004062324611807467,19.0
11041,63,43.9,30.0,0.0,1317.0,0.2741921117835784,0.03241779497098646,0.1625883780953998,0.058467741935483875,0.19691615709722105,0.011732634898575513,43.9
11042,44,19.45,15.0,0.0,291.75,-0.16846791322893093,0.013500967117988394,-0.3453519563924184,0.028225806451612906,-0.14438894360938676,0.002599085976962343,19.45
11042,61,28.5,4.0,0.0,114.0,-0.00462033750855425,0.020502901353965184,-0.7178415350168185,0.006048387096774193,-0.2035618103741754,0.0010155811529518667,28.5
11043,11,21.0,10.0,0.0,210.0,-0.14040562125472275,0.01470019342359768,-0.5146654012216911,0.01814516129032258,-0.17160346883032332,0.0018708073870165967,21.0
11044,62,49.3,12.0,0.0,591.5999999999999,0.3719575160808197,0.03659574468085106,-0.44694002328998206,0.02217741935483871,-0.044569061193511304,0.005270331667423897,49.3
11045,33,2.5,15.0,0.0,37.5,-0.47534265449527174,0.0003868471953578337,-0.3453519563924184,0.028225806451612906,-0.2290286137919325,0.0003340727476815351,2.5
11045,51,53.0,24.0,0.0,1272.0,0.43894492272892954,0.039458413926499035,-0.040587755699727474,0.046370967741935484,0.1819356844985404,0.011331747601357672,53.0
11046,12,38.0,20.0,0.05,722.0,0.16737435523659253,0.027852998065764023,-0.17603851156314565,0.038306451612903226,-0.001158980596445523,0.006432013968695156,38.0
11046,32,32.0,15.0,0.05,456.0,0.05874612823965772,0.02321083172147002,-0.3453519563924184,0.028225806451612906,-0.08971021862420234,0.004062324611807467,32.0
11046,35,18.0,18.0,0.05,307.8,-0.19471973475319015,0.012379110251450677,-0.24376388949485475,0.034274193548387094,-0.13904590838252398,0.00274206911297004,18.0
11047,1,18.0,25.0,0.25,337.5,-0.19471973475319015,0.012379110251450677,-0.006725066733872924,0.04838709677419355,-0.12915879646739475,0.003006654729133816,18.0
11047,5,21.35,30.0,0.25,480.375,-0.13406897467990153,0.014970986460348163,0.1625883780953998,0.058467741935483875,-0.08159579596658365,0.004279471897800465,21.35
11048,68,12.5,42.0,0.0,525.0,-0.2942956095003804,0.008123791102514506,0.5689406456856544,0.08266129032258064,-0.06674016063955865,0.0046770184675414914,12.5
11049,2,19.0,10.0,0.2,152.0,-0.17661503025370104,0.013152804642166343,-0.5146654012216911,0.01814516129032258,-0.19091163351306728,0.0013541082039358224,19.0
11049,12,38.0,4.0,0.2,121.60000000000001,0.16737435523659253,0.027852998065764023,-0.7178415350168185,0.006048387096774193,-0.20103177500195377,0.0010832865631486578,38.0
11050,76,18.0,50.0,0.1,810.0,-0.19471973475319015,0.012379110251450677,0.8398421574124908,0.09879032258064516,0.02813616581875222,0.007215971349921159,18.0
11051,24,4.5,10.0,0.2,36.0,-0.43913324549629346,0.0019342359767891683,-0.5146654012216911,0.01814516129032258,-0.2295279628785552,0.0003207098377742737,4.5
11052,43,46.0,30.0,0.2,1104.0,0.3122119912325056,0.03404255319148936,0.1625883780953998,0.058467741935483875,0.12600858679679922,0.009835101691744393,46.0
11052,61,28.5,10.0,0.2,228.0,-0.00462033750855425,0.020502901353965184,-0.5146654012216911,0.01814516129032258,-0.16561127979085105,0.0020311623059037333,28.5
11053,18,62.5,35.0,0.2,1750.0,0.6109396154740764,0.04680851063829787,0.3319018229246726,0.06854838709677419,0.3410615934356372,0.01559006155847164,62.5
11053,32,32.0,20.0,0.0,640.0,0.05874612823965772,0.02321083172147002,-0.17603851156314565,0.038306451612903226,-0.028456730665152512,0.005701508227098199,32.0
11053,64,33.25,25.0,0.2,665.0,0.08137700886401913,0.024177949709864605,-0.006725066733872924,0.04838709677419355,-0.020134245888107697,0.0059242233922192225,33.25
11054,33,2.5,10.0,0.0,25.0,-0.47534265449527174,0.0003868471953578337,-0.5146654012216911,0.01814516129032258,-0.23318985618045493,0.00022271516512102342,2.5
11054,67,14.0,20.0,0.0,280.0,-0.26713855275114673,0.009284332688588007,-0.17603851156314565,0.038306451612903226,-0.14830051145459783,0.002494409849355462,14.0
11055,24,4.5,15.0,0.0,67.5,-0.43913324549629346,0.0019342359767891683,-0.3453519563924184,0.028225806451612906,-0.21904163205947874,0.0006013309458267632,4.5
11055,25,14.0,15.0,0.0,210.0,-0.26713855275114673,0.009284332688588007,-0.3453519563924184,0.028225806451612906,-0.17160346883032332,0.0018708073870165967,14.0
11055,51,53.0,20.0,0.0,1060.0,0.43894492272892954,0.039458413926499035,-0.17603851156314565,0.038306451612903226,0.11136101358920036,0.009443123001131393,53.0
11055,57,19.5,20.0,0.0,390.0,-0.16756267800395647,0.013539651837524178,-0.17603851156314565,0.038306451612903226,-0.11168157843560064,0.003474356575887965,19.5
11056,7,30.0,40.0,0.0,1200.0,0.022536719240679452,0.021663442940038687,0.5012152677539453,0.07862903225806452,0.15796692834065132,0.010690327925809123,30.0
11056,55,24.0,35.0,0.0,840.0,-0.08609150775625536,0.01702127659574468,0.3319018229246726,0.06854838709677419,0.038123147551206,0.007483229548066387,24.0
11056,60,34.0,50.0,0.0,1700.0,0.09495553723863599,0.024758220502901353,0.8398421574124908,0.09879032258064516,0.32441662388154757,0.015144631228229592,34.0
11057,70,15.0,3.0,0.0,45.0,-0.24903384825165756,0.010058027079303675,-0.751704223982673,0.004032258064516129,-0.22653186835881908,0.00040088729721784213,15.0
11058,21,10.0,3.0,0.0,30.0,-0.33955737074910325,0.006189555125725338,-0.751704223982673,0.004032258064516129,-0.23152535922504597,0.00026725819814522807,10.0
11058,60,34.0,21.0,0.0,714.0,0.09495553723863599,0.024758220502901353,-0.1421758225972911,0.04032258064516129,-0.003822175725099863,0.006360745115856429,34.0
11058,61,28.5,4.0,0.0,114.0,-0.00462033750855425,0.020502901353965184,-0.7178415350168185,0.006048387096774193,-0.2035618103741754,0.0010155811529518667,28.5
11059,13,6.0,30.0,0.0,180.0,-0.41197618874705977,0.0030947775628626687,0.1625883780953998,0.058467741935483875,-0.1815904505627771,0.0016035491888713685,6.0
11059,17,39.0,12.0,0.0,468.0,0.18547905973608167,0.028626692456479693,-0.44694002328998206,0.02217741935483871,-0.08571542593122083,0.004169227891065558,39.0
11059,60,34.0,35.0,0.0,1190.0,0.09495553723863599,0.024758220502901353,0.3319018229246726,0.06854838709677419,0.1546379344298334,0.010601241859760715,34.0
11060,60,34.0,4.0,0.0,136.0,0.09495553723863599,0.024758220502901353,-0.7178415350168185,0.006048387096774193,-0.19623802377037594,0.0012115704982583674,34.0
11060,77,13.0,10.0,0.0,130.0,-0.2852432572506358,0.00851063829787234,-0.5146654012216911,0.01814516129032258,-0.1982354201168667,0.0011581188586293218,13.0
11061,60,34.0,15.0,0.0,510.0,0.09495553723863599,0.024758220502901353,-0.3453519563924184,0.028225806451612906,-0.07173365150578555,0.004543389368468878,34.0
11062,53,32.8,10.0,0.2,262.40000000000003,0.07322989183924898,0.02382978723404255,-0.5146654012216911,0.01814516129032258,-0.15415954073763735,0.002337618373110262,32.8
11062,70,15.0,12.0,0.2,144.0,-0.24903384825165756,0.010058027079303675,-0.44694002328998206,0.02217741935483871,-0.19357482864172162,0.0012828393510970948,15.0
11063,34,14.0,30.0,0.0,420.0,-0.26713855275114673,0.009284332688588007,0.1625883780953998,0.058467741935483875,-0.10169459670314687,0.0037416147740331933,14.0
11063,40,18.4,40.0,0.1,662.4,-0.18747785295339453,0.012688588007736942,0.5012152677539453,0.07862903225806452,-0.020999784304920367,0.005901061015046636,18.4
11063,41,9.65,30.0,0.1,260.55,-0.34589401732392444,0.0059187620889748545,0.1625883780953998,0.058467741935483875,-0.1547754046111387,0.002321137450891306,9.65
11064,17,39.0,77.0,0.1,2702.7000000000003,0.18547905973608167,0.028626692456479693,1.7541347594905636,0.1532258064516129,0.6582148433192611,0.0240772910709036,39.0
11064,41,9.65,12.0,0.0,115.80000000000001,-0.34589401732392444,0.0059187620889748545,-0.44694002328998206,0.02217741935483871,-0.20296259147022813,0.0010316166448405806,9.65
11064,53,32.8,25.0,0.1,737.9999999999999,0.07322989183924898,0.02382978723404255,-0.006725066733872924,0.04838709677419355,0.00416740966086312,0.00657455167437261,32.8
11064,55,24.0,4.0,0.1,86.4,-0.08609150775625536,0.01702127659574468,-0.7178415350168185,0.006048387096774193,-0.21274983356803287,0.000769703610658257,24.0
11064,68,12.5,55.0,0.0,687.5,-0.2942956095003804,0.008123791102514506,1.0091556022417636,0.10887096774193548,-0.012644009588767366,0.006124667040828144,12.5
11065,30,25.89,4.0,0.25,77.67,-0.05187361625222088,0.018483558994197295,-0.7178415350168185,0.006048387096774193,-0.21565604525217694,0.0006919314749979956,25.89
11065,54,7.45,20.0,0.25,111.75,-0.38572436722280057,0.004216634429400386,-0.17603851156314565,0.038306451612903226,-0.20431083400410943,0.0009955367880909746,7.45
11066,16,17.45,3.0,0.0,52.349999999999994,-0.20467732222790921,0.01195357833655706,-0.751704223982673,0.004032258064516129,-0.22408505783436788,0.00046636555576342296,17.45
11066,19,9.2,42.0,0.0,386.4,-0.35404113434869455,0.005570599613152804,0.5689406456856544,0.08266129032258064,-0.11288001624349511,0.0034422855921105375,9.2
11066,34,14.0,35.0,0.0,490.0,-0.26713855275114673,0.009284332688588007,0.3319018229246726,0.06854838709677419,-0.0783916393274214,0.0043652172363720584,14.0
11067,41,9.65,9.0,0.0,86.85000000000001,-0.34589401732392444,0.0059187620889748545,-0.5485280901875457,0.016129032258064516,-0.21260002884204604,0.0007737124836304354,9.65
11068,28,45.6,8.0,0.15,310.08,0.30497010943270997,0.0337330754352031,-0.5823907791534002,0.014112903225806451,-0.1382868977708575,0.0027623807360290776,45.6
11068,43,46.0,36.0,0.15,1407.6,0.3122119912325056,0.03404255319148936,0.3657645118905271,0.07056451612903225,0.22707684192923142,0.012539754656974102,46.0
11068,77,13.0,28.0,0.15,309.4,-0.2852432572506358,0.00851063829787234,0.09486300016369072,0.05443548387096774,-0.13851326935679315,0.0027563228835377853,13.0
11069,39,18.0,20.0,0.0,360.0,-0.19471973475319015,0.012379110251450677,-0.17603851156314565,0.038306451612903226,-0.12166856016805443,0.003207098377742737,18.0
11070,1,18.0,40.0,0.15,612.0,-0.19471973475319015,0.012379110251450677,0.5012152677539453,0.07862903225806452,-0.0377779136154427,0.005452067242162653,18.0
11070,2,19.0,20.0,0.15,323.0,-0.17661503025370104,0.013152804642166343,-0.17603851156314565,0.038306451612903226,-0.13398583763808075,0.0028774799333636226,19.0
11070,16,17.45,30.0,0.15,444.97499999999997,-0.20467732222790921,0.01195357833655706,0.1625883780953998,0.058467741935483875,-0.09338043441087912,0.003964107223989095,17.45
11070,31,12.5,20.0,0.0,250.0,-0.2942956095003804,0.008123791102514506,-0.17603851156314565,0.038306451612903226,-0.1582874931870516,0.0022271516512102343,12.5
11071,7,30.0,15.0,0.05,427.5,0.022536719240679452,0.021663442940038687,-0.3453519563924184,0.028225806451612906,-0.09919785127003343,0.0038084293235695005,30.0
11071,13,6.0,10.0,0.05,57.0,-0.41197618874705977,0.0030947775628626687,-0.5146654012216911,0.01814516129032258,-0.22253707566583755,0.0005077905764759333,6.0
11072,2,19.0,8.0,0.0,152.0,-0.17661503025370104,0.013152804642166343,-0.5823907791534002,0.014112903225806451,-0.19091163351306728,0.0013541082039358224,19.0
11072,41,9.65,40.0,0.0,386.0,-0.34589401732392444,0.0059187620889748545,0.5012152677539453,0.07862903225806452,-0.11301317599992781,0.0034387221494686015,9.65
11072,50,16.25,22.0,0.0,357.5,-0.22640296762729614,0.011025145067698259,-0.10831313363143656,0.04233870967741936,-0.12250080864575891,0.003184826861230635,16.25
11072,64,33.25,130.0,0.0,4322.5,0.08137700886401913,0.024177949709864605,3.5488572746808544,0.2600806451612903,1.1974452769935484,0.03850745204942495,33.25
11073,11,21.0,10.0,0.0,210.0,-0.14040562125472275,0.01470019342359768,-0.5146654012216911,0.01814516129032258,-0.17160346883032332,0.0018708073870165967,21.0
11073,24,4.5,20.0,0.0,90.0,-0.43913324549629346,0.0019342359767891683,-0.17603851156314565,0.038306451612903226,-0.2115513957601384,0.0008017745944356843,4.5
11074,16,17.45,14.0,0.05,232.08499999999998,-0.20467732222790921,0.01195357833655706,-0.37921464535827293,0.026209677419354836,-0.1642513857782819,0.0020675539638845084,17.45
11075,2,19.0,10.0,0.15,161.5,-0.17661503025370104,0.013152804642166343,-0.5146654012216911,0.01814516129032258,-0.18774908929779024,0.0014387399666818113,19.0
11075,46,12.0,30.0,0.15,306.0,-0.30334796175012496,0.007736943907156672,0.1625883780953998,0.058467741935483875,-0.13964512728647122,0.0027260336210813267,12.0
11075,76,18.0,2.0,0.15,30.599999999999998,-0.19471973475319015,0.012379110251450677,-0.7855669129485275,0.0020161290322580645,-0.23132561959039688,0.00027260336210813266,18.0
11076,6,25.0,20.0,0.25,375.0,-0.06798680325676622,0.017794970986460348,-0.17603851156314565,0.038306451612903226,-0.11667506930182754,0.003340727476815351,25.0
11076,14,23.25,20.0,0.25,348.75,-0.0996700361308722,0.016441005802707933,-0.17603851156314565,0.038306451612903226,-0.1254136783177246,0.0031068765534382767,23.25
11076,19,9.2,10.0,0.25,69.0,-0.35404113434869455,0.005570599613152804,-0.5146654012216911,0.01814516129032258,-0.21854228297285605,0.0006146938557340246,9.2
11077,2,19.0,24.0,0.2,364.8,-0.17661503025370104,0.013152804642166343,-0.040587755699727474,0.046370967741935484,-0.12007064309086182,0.0032498596894459737,19.0
11077,3,10.0,20.0,0.0,200.0,-0.33955737074910325,0.006189555125725338,-0.17603851156314565,0.038306451612903226,-0.17493246274114124,0.0017817213209681874,10.0
11077,4,22.0,1.0,0.0,22.0,-0.12230091675523362,0.015473887814313346,-0.8194296019143821,0.0,-0.2341885543537003,0.0001959893453065006,22.0
11077,6,25.0,1.0,0.02,24.5,-0.06798680325676622,0.017794970986460348,-0.8194296019143821,0.0,-0.23335630587599582,0.00021826086181860293,25.0
11077,7,30.0,1.0,0.05,28.5,0.022536719240679452,0.021663442940038687,-0.8194296019143821,0.0,-0.23202470831166866,0.00025389528823796666,30.0
11077,8,40.0,2.0,0.1,72.0,0.20358376423557079,0.02940038684719536,-0.7855669129485275,0.0020161290322580645,-0.21754358479961067,0.0006414196755485474,40.0
11077,10,31.0,1.0,0.0,31.0,0.04064142374016859,0.022437137330754354,-0.8194296019143821,0.0,-0.23119245983396416,0.00027616680475006904,31.0
11077,12,38.0,2.0,0.05,72.2,0.16737435523659253,0.027852998065764023,-0.7855669129485275,0.0020161290322580645,-0.2174770049213943,0.0006432013968695156,38.0
11077,13,6.0,4.0,0.0,24.0,-0.41197618874705977,0.0030947775628626687,-0.7178415350168185,0.006048387096774193,-0.23352275557153673,0.00021380655851618247,6.0
11077,14,23.25,1.0,0.03,22.5525,-0.0996700361308722,0.016441005802707933,-0.8194296019143821,0.0,-0.23400462744012762,0.0002009113504556752,23.25
11077,16,17.45,2.0,0.03,33.852999999999994,-0.20467732222790921,0.01195357833655706,-0.7855669129485275,0.0020161290322580645,-0.23024269787120782,0.00030158305939368015,17.45
11077,20,81.0,1.0,0.04,77.75999999999999,0.9458766487146253,0.06112185686653772,-0.8194296019143821,0.0,-0.21562608430697955,0.0006927332495924311,81.0
11077,23,9.0,2.0,0.0,18.0,-0.3576620752485924,0.005415860735009671,-0.7855669129485275,0.0020161290322580645,-0.23552015191802747,0.00016035491888713685,9.0
11077,32,32.0,1.0,0.0,32.0,0.05874612823965772,0.02321083172147002,-0.8194296019143821,0.0,-0.2308595604428824,0.00028507541135490996,32.0
11077,39,18.0,2.0,0.05,34.199999999999996,-0.19471973475319015,0.012379110251450677,-0.7855669129485275,0.0020161290322580645,-0.2301271817825024,0.00030467434588556,18.0
11077,41,9.65,3.0,0.0,28.950000000000003,-0.34589401732392444,0.0059187620889748545,-0.751704223982673,0.004032258064516129,-0.23187490358568183,0.00025790416121014516,9.65
11077,46,12.0,3.0,0.02,35.28,-0.30334796175012496,0.007736943907156672,-0.751704223982673,0.004032258064516129,-0.2297676504401341,0.00031429564101878826,12.0
11077,52,7.0,2.0,0.0,14.0,-0.3938714842475706,0.003868471953578336,-0.7855669129485275,0.0020161290322580645,-0.23685174948235466,0.00012472049246777312,7.0
11077,55,24.0,2.0,0.0,48.0,-0.08609150775625536,0.01702127659574468,-0.7855669129485275,0.0020161290322580645,-0.2255331701855737,0.00042761311703236495,24.0
11077,60,34.0,2.0,0.06,63.919999999999995,0.09495553723863599,0.024758220502901353,-0.7855669129485275,0.0020161290322580645,-0.2202334118795516,0.0005694381341814326,34.0
11077,64,33.25,2.0,0.03,64.505,0.08137700886401913,0.024177949709864605,-0.7855669129485275,0.0020161290322580645,-0.22003866573576872,0.0005746496690452646,33.25
11077,66,17.0,1.0,0.0,17.0,-0.2128244392526793,0.011605415860735008,-0.8194296019143821,0.0,-0.23585305130910927,0.00015144631228229593,17.0
11077,73,15.0,2.0,0.01,29.7,-0.24903384825165756,0.010058027079303675,-0.7855669129485275,0.0020161290322580645,-0.23162522904237048,0.0002645856161637758,15.0
11077,75,7.75,4.0,0.0,31.0,-0.3802929558729538,0.004448742746615087,-0.7178415350168185,0.006048387096774193,-0.23119245983396416,0.00027616680475006904,7.75
11077,77,13.0,2.0,0.0,26.0,-0.2852432572506358,0.00851063829787234,-0.7855669129485275,0.0020161290322580645,-0.23285695678937313,0.00023162377172586434,13.0
10544,67,14.0,328.0,0.0,4592.0,-0.26713855275114673,0.009284332688588007,10.253669689920056,0.659274193548387,1.2871616628900915,0.04090832152942958,14.0
